from_city,from_station_name,from_station_id,from_latitude,from_longitude,to_city,to_station_name,to_station_id,to_latitude,to_longitude,trip_datetime,trip_price,total_seats,service_class,duration_hours,duration_minutes,office_from,office_to
Cairo,hyber one,615,30.0276,31.0046,Alexandria,Sedi Gaber _ Smouha,64,31.2156,29.9424,2025-12-24T08:51:00,310.0,13,GoMini,6,180,Hyper One,Smouha
Cairo,hyber one,615,30.0276,31.0046,Alexandria,Sedi Gaber _ Smouha,64,31.2156,29.9424,2025-12-24T17:51:00,310.0,13,GoMini,6,180,Hyper One,Smouha
Cairo,hyber one,615,30.0276,31.0046,Mansoura,Mansoura,30,31.0364,31.3807,2025-12-24T08:55:00,235.0,13,GoMini,6,360,Hyper One,"Mansoura, Army St"
Cairo,hyber one,615,30.0276,31.0046,Mansoura,Mansoura,30,31.0364,31.3807,2025-12-24T14:40:00,225.0,14,GoMini,6,360,Hyper One,"Mansoura, Army St"
Cairo,hyber one,615,30.0276,31.0046,Mansoura,Mansoura,30,31.0364,31.3807,2025-12-24T17:40:00,235.0,13,GoMini,6,360,Hyper One,"Mansoura, Army St"
Cairo,tahrir,8,30.0445,31.2357,Hurghada,hurghada,1,27.2579,33.8116,2025-12-24T00:01:00,425.0,49,Super Go D,0,420,Cairo | Tahrir,Hurghada
Cairo,tahrir,8,30.0445,31.2357,Hurghada,hurghada,1,27.2579,33.8116,2025-12-24T01:00:00,425.0,49,Super Go D,0,420,Cairo | Tahrir,Hurghada
Cairo,tahrir,8,30.0445,31.2357,Hurghada,hurghada,1,27.2579,33.8116,2025-12-24T01:15:00,690.0,56,Business Class DD,0,420,Cairo | Tahrir,Hurghada
Cairo,tahrir,8,30.0445,31.2357,Hurghada,hurghada,1,27.2579,33.8116,2025-12-24T01:45:00,425.0,49,Super Go D,0,420,Cairo | Tahrir,Hurghada
Cairo,tahrir,8,30.0445,31.2357,Hurghada,hurghada,1,27.2579,33.8116,2025-12-24T02:01:00,1060.0,28,Aero First Class,0,420,Cairo | Tahrir,Hurghada
Cairo,tahrir,8,30.0445,31.2357,Hurghada,hurghada,1,27.2579,33.8116,2025-12-24T02:30:00,690.0,37,Elite Business Class M,0,420,Cairo | Tahrir,Hurghada
Cairo,tahrir,8,30.0445,31.2357,Hurghada,hurghada,1,27.2579,33.8116,2025-12-24T03:30:00,425.0,49,Super Go D,0,420,Cairo | Tahrir,Hurghada
Cairo,tahrir,8,30.0445,31.2357,Hurghada,hurghada,1,27.2579,33.8116,2025-12-24T04:00:00,425.0,49,Super Go D,0,420,Cairo | Tahrir,Hurghada
Cairo,tahrir,8,30.0445,31.2357,Hurghada,hurghada,1,27.2579,33.8116,2025-12-24T04:15:00,1060.0,28,Aero First Class,0,420,Cairo | Tahrir,Hurghada
Cairo,tahrir,8,30.0445,31.2357,Hurghada,hurghada,1,27.2579,33.8116,2025-12-24T05:30:00,690.0,56,Business Class DD,0,420,Cairo | Tahrir,Hurghada
Cairo,tahrir,8,30.0445,31.2357,Hurghada,hurghada,1,27.2579,33.8116,2025-12-24T07:15:00,425.0,49,Super Go D,0,420,Cairo | Tahrir,Hurghada
Cairo,tahrir,8,30.0445,31.2357,Hurghada,hurghada,1,27.2579,33.8116,2025-12-24T08:15:00,690.0,56,Business Class DD,0,420,Cairo | Tahrir,Hurghada
Cairo,tahrir,8,30.0445,31.2357,Hurghada,hurghada,1,27.2579,33.8116,2025-12-24T09:06:00,425.0,49,Super Go D,0,420,Cairo | Tahrir,Hurghada
Cairo,tahrir,8,30.0445,31.2357,Hurghada,hurghada,1,27.2579,33.8116,2025-12-24T11:00:00,425.0,49,Super Go D,0,420,Cairo | Tahrir,Hurghada
Cairo,tahrir,8,30.0445,31.2357,Hurghada,hurghada,1,27.2579,33.8116,2025-12-24T12:01:00,690.0,37,Elite Business Class M,0,420,Cairo | Tahrir,Hurghada
Cairo,tahrir,8,30.0445,31.2357,Hurghada,hurghada,1,27.2579,33.8116,2025-12-24T13:00:00,425.0,49,Super Go D,0,420,Cairo | Tahrir,Hurghada
Cairo,tahrir,8,30.0445,31.2357,Hurghada,hurghada,1,27.2579,33.8116,2025-12-24T14:00:00,690.0,37,Elite Business Class M,0,420,Cairo | Tahrir,Hurghada
Cairo,tahrir,8,30.0445,31.2357,Hurghada,hurghada,1,27.2579,33.8116,2025-12-24T16:11:00,425.0,49,Super Go D,0,420,Cairo | Tahrir,Hurghada
Cairo,tahrir,8,30.0445,31.2357,Hurghada,hurghada,1,27.2579,33.8116,2025-12-24T17:36:00,1060.0,28,Aero First Class,0,420,Cairo | Tahrir,Hurghada
Cairo,tahrir,8,30.0445,31.2357,Hurghada,hurghada,1,27.2579,33.8116,2025-12-24T19:01:00,690.0,37,Elite Business Class M,0,420,Cairo | Tahrir,Hurghada
Cairo,tahrir,8,30.0445,31.2357,Hurghada,hurghada,1,27.2579,33.8116,2025-12-24T21:00:00,425.0,49,Super Go D,0,420,Cairo | Tahrir,Hurghada
Cairo,tahrir,8,30.0445,31.2357,Hurghada,hurghada,1,27.2579,33.8116,2025-12-24T23:00:00,425.0,49,Super Go D,0,420,Cairo | Tahrir,Hurghada
Cairo,tahrir,8,30.0445,31.2357,Sharm el Shiekh,Royssat,3,27.8736,34.3033,2025-12-24T01:10:00,400.0,49,Super Go D,0,480,Cairo | Tahrir,Sharm-Royssat
Cairo,tahrir,8,30.0445,31.2357,Sharm el Shiekh,Royssat,3,27.8736,34.3033,2025-12-24T01:15:00,660.0,13,GoMini,6,480,"Abdel-Moneim Reyad Squer, ( Tahrir )",Rowisat
Cairo,tahrir,8,30.0445,31.2357,Sharm el Shiekh,Royssat,3,27.8736,34.3033,2025-12-24T02:31:00,585.0,56,Business Class DD,0,480,Cairo | Tahrir,Sharm-Royssat
Cairo,tahrir,8,30.0445,31.2357,Sharm el Shiekh,Royssat,3,27.8736,34.3033,2025-12-24T02:55:00,400.0,49,Super Go D,0,480,Cairo | Tahrir,Sharm-Royssat
Cairo,tahrir,8,30.0445,31.2357,Sharm el Shiekh,Royssat,3,27.8736,34.3033,2025-12-24T03:15:00,660.0,13,GoMini,6,480,"Abdel-Moneim Reyad Squer, ( Tahrir )",Rowisat
Cairo,tahrir,8,30.0445,31.2357,Sharm el Shiekh,Royssat,3,27.8736,34.3033,2025-12-24T04:44:00,585.0,37,Elite Business Class M,0,480,Cairo | Tahrir,Sharm-Royssat
Cairo,tahrir,8,30.0445,31.2357,Sharm el Shiekh,Royssat,3,27.8736,34.3033,2025-12-24T06:35:00,660.0,13,GoMini,6,480,"Abdel-Moneim Reyad Squer, ( Tahrir )",Rowisat
Cairo,tahrir,8,30.0445,31.2357,Sharm el Shiekh,Royssat,3,27.8736,34.3033,2025-12-24T08:31:00,400.0,49,Super Go D,0,480,Cairo | Tahrir,Sharm-Royssat
Cairo,tahrir,8,30.0445,31.2357,Sharm el Shiekh,Royssat,3,27.8736,34.3033,2025-12-24T09:00:00,660.0,13,GoMini,6,480,"Abdel-Moneim Reyad Squer, ( Tahrir )",Rowisat
Cairo,tahrir,8,30.0445,31.2357,Sharm el Shiekh,Royssat,3,27.8736,34.3033,2025-12-24T11:05:00,400.0,49,Super Go D,0,480,Cairo | Tahrir,Sharm-Royssat
Cairo,tahrir,8,30.0445,31.2357,Sharm el Shiekh,Royssat,3,27.8736,34.3033,2025-12-24T13:15:00,660.0,13,GoMini,6,480,"Abdel-Moneim Reyad Squer, ( Tahrir )",Rowisat
Cairo,tahrir,8,30.0445,31.2357,Sharm el Shiekh,Royssat,3,27.8736,34.3033,2025-12-24T14:01:00,585.0,37,Elite Business Class M,0,480,Cairo | Tahrir,Sharm-Royssat
Cairo,tahrir,8,30.0445,31.2357,Sharm el Shiekh,Royssat,3,27.8736,34.3033,2025-12-24T16:00:00,620.0,14,GoMini,6,480,"Abdel-Moneim Reyad Squer, ( Tahrir )",Rowisat
Cairo,tahrir,8,30.0445,31.2357,Sharm el Shiekh,Royssat,3,27.8736,34.3033,2025-12-24T19:00:00,620.0,14,GoMini,6,480,"Abdel-Moneim Reyad Squer, ( Tahrir )",Rowisat
Cairo,tahrir,8,30.0445,31.2357,Sharm el Shiekh,Royssat,3,27.8736,34.3033,2025-12-24T19:35:00,585.0,56,Business Class DD,0,480,Cairo | Tahrir,Sharm-Royssat
Cairo,tahrir,8,30.0445,31.2357,Sharm el Shiekh,Royssat,3,27.8736,34.3033,2025-12-24T22:15:00,660.0,13,GoMini,6,480,"Abdel-Moneim Reyad Squer, ( Tahrir )",Rowisat
Cairo,tahrir,8,30.0445,31.2357,Sharm el Shiekh,Royssat,3,27.8736,34.3033,2025-12-24T22:30:00,400.0,49,Super Go D,0,480,Cairo | Tahrir,Sharm-Royssat
Cairo,tahrir,8,30.0445,31.2357,Sharm el Shiekh,Royssat,3,27.8736,34.3033,2025-12-24T23:15:00,660.0,13,GoMini,6,480,"Abdel-Moneim Reyad Squer, ( Tahrir )",Rowisat
Cairo,tahrir,8,30.0445,31.2357,Sharm el Shiekh,Royssat,3,27.8736,34.3033,2025-12-24T23:31:00,400.0,49,Super Go D,0,480,Cairo | Tahrir,Sharm-Royssat
Cairo,tahrir,8,30.0445,31.2357,Sharm el Shiekh,Sharm Gobus Station,51,27.9158,34.33,2025-12-24T00:44:00,585.0,56,Business Class DD,0,480,Cairo | Tahrir,Sharm Gobus Station
Cairo,tahrir,8,30.0445,31.2357,Sharm el Shiekh,Sharm Gobus Station,51,27.9158,34.33,2025-12-24T01:15:00,660.0,13,GoMini,6,480,"Abdel-Moneim Reyad Squer, ( Tahrir )",Sharm El-Sheikh Station
Cairo,tahrir,8,30.0445,31.2357,Sharm el Shiekh,Sharm Gobus Station,51,27.9158,34.33,2025-12-24T01:55:00,400.0,49,Super Go D,0,480,Cairo | Tahrir,Sharm Gobus Station
Cairo,tahrir,8,30.0445,31.2357,Sharm el Shiekh,Sharm Gobus Station,51,27.9158,34.33,2025-12-24T02:31:00,585.0,56,Business Class DD,0,480,Cairo | Tahrir,Sharm Gobus Station
Cairo,tahrir,8,30.0445,31.2357,Sharm el Shiekh,Sharm Gobus Station,51,27.9158,34.33,2025-12-24T03:15:00,660.0,13,GoMini,6,480,"Abdel-Moneim Reyad Squer, ( Tahrir )",Sharm El-Sheikh Station
Cairo,tahrir,8,30.0445,31.2357,Sharm el Shiekh,Sharm Gobus Station,51,27.9158,34.33,2025-12-24T04:25:00,400.0,49,Super Go D,0,480,Cairo | Tahrir,Sharm Gobus Station
Cairo,tahrir,8,30.0445,31.2357,Sharm el Shiekh,Sharm Gobus Station,51,27.9158,34.33,2025-12-24T04:44:00,585.0,37,Elite Business Class M,0,480,Cairo | Tahrir,Sharm Gobus Station
Cairo,tahrir,8,30.0445,31.2357,Sharm el Shiekh,Sharm Gobus Station,51,27.9158,34.33,2025-12-24T06:35:00,660.0,13,GoMini,6,480,"Abdel-Moneim Reyad Squer, ( Tahrir )",Sharm El-Sheikh Station
Cairo,tahrir,8,30.0445,31.2357,Sharm el Shiekh,Sharm Gobus Station,51,27.9158,34.33,2025-12-24T08:31:00,400.0,49,Super Go D,0,480,Cairo | Tahrir,Sharm Gobus Station
Cairo,tahrir,8,30.0445,31.2357,Sharm el Shiekh,Sharm Gobus Station,51,27.9158,34.33,2025-12-24T09:00:00,660.0,13,GoMini,6,480,"Abdel-Moneim Reyad Squer, ( Tahrir )",Sharm El-Sheikh Station
Cairo,tahrir,8,30.0445,31.2357,Sharm el Shiekh,Sharm Gobus Station,51,27.9158,34.33,2025-12-24T13:15:00,660.0,13,GoMini,6,480,"Abdel-Moneim Reyad Squer, ( Tahrir )",Sharm El-Sheikh Station
Cairo,tahrir,8,30.0445,31.2357,Sharm el Shiekh,Sharm Gobus Station,51,27.9158,34.33,2025-12-24T16:00:00,620.0,14,GoMini,6,480,"Abdel-Moneim Reyad Squer, ( Tahrir )",Sharm El-Sheikh Station
Cairo,tahrir,8,30.0445,31.2357,Sharm el Shiekh,Sharm Gobus Station,51,27.9158,34.33,2025-12-24T19:00:00,620.0,14,GoMini,6,480,"Abdel-Moneim Reyad Squer, ( Tahrir )",Sharm El-Sheikh Station
Cairo,tahrir,8,30.0445,31.2357,Sharm el Shiekh,Sharm Gobus Station,51,27.9158,34.33,2025-12-24T19:35:00,585.0,56,Business Class DD,0,480,Cairo | Tahrir,Sharm Gobus Station
Cairo,tahrir,8,30.0445,31.2357,Sharm el Shiekh,Sharm Gobus Station,51,27.9158,34.33,2025-12-24T22:15:00,660.0,13,GoMini,6,480,"Abdel-Moneim Reyad Squer, ( Tahrir )",Sharm El-Sheikh Station
Cairo,tahrir,8,30.0445,31.2357,Sharm el Shiekh,Sharm Gobus Station,51,27.9158,34.33,2025-12-24T22:30:00,400.0,49,Super Go D,0,480,Cairo | Tahrir,Sharm Gobus Station
Cairo,tahrir,8,30.0445,31.2357,Sharm el Shiekh,Sharm Gobus Station,51,27.9158,34.33,2025-12-24T23:15:00,660.0,13,GoMini,6,480,"Abdel-Moneim Reyad Squer, ( Tahrir )",Sharm El-Sheikh Station
Cairo,tahrir,8,30.0445,31.2357,Sharm el Shiekh,Sharm Gobus Station,51,27.9158,34.33,2025-12-24T23:30:00,585.0,37,Elite Business Class M,0,480,Cairo | Tahrir,Sharm Gobus Station
Cairo,tahrir,8,30.0445,31.2357,Alexandria,Sedi Gaber _ Smouha,64,31.2156,29.9424,2025-12-24T06:15:00,305.0,14,GoMini,6,180,"Abdel-Moneim Reyad Squer, ( Tahrir )",Smouha
Cairo,tahrir,8,30.0445,31.2357,Alexandria,Sedi Gaber _ Smouha,64,31.2156,29.9424,2025-12-24T07:30:00,305.0,14,GoMini,6,180,"Abdel-Moneim Reyad Squer, ( Tahrir )",Smouha
Cairo,tahrir,8,30.0445,31.2357,Alexandria,Sedi Gaber _ Smouha,64,31.2156,29.9424,2025-12-24T08:30:00,305.0,14,GoMini,6,180,"Abdel-Moneim Reyad Squer, ( Tahrir )",Smouha
Cairo,tahrir,8,30.0445,31.2357,Alexandria,Sedi Gaber _ Smouha,64,31.2156,29.9424,2025-12-24T10:45:00,320.0,13,GoMini,6,180,"Abdel-Moneim Reyad Squer, ( Tahrir )",Smouha
Cairo,tahrir,8,30.0445,31.2357,Alexandria,Sedi Gaber _ Smouha,64,31.2156,29.9424,2025-12-24T12:15:00,305.0,14,GoMini,6,180,"Abdel-Moneim Reyad Squer, ( Tahrir )",Smouha
Cairo,tahrir,8,30.0445,31.2357,Alexandria,Sedi Gaber _ Smouha,64,31.2156,29.9424,2025-12-24T14:15:00,305.0,14,GoMini,6,180,"Abdel-Moneim Reyad Squer, ( Tahrir )",Smouha
Cairo,tahrir,8,30.0445,31.2357,Alexandria,Sedi Gaber _ Smouha,64,31.2156,29.9424,2025-12-24T16:15:00,305.0,14,GoMini,6,180,"Abdel-Moneim Reyad Squer, ( Tahrir )",Smouha
Cairo,tahrir,8,30.0445,31.2357,Alexandria,Sedi Gaber _ Smouha,64,31.2156,29.9424,2025-12-24T19:30:00,305.0,14,GoMini,6,180,"Abdel-Moneim Reyad Squer, ( Tahrir )",Smouha
Cairo,tahrir,8,30.0445,31.2357,Alexandria,Sedi Gaber _ Smouha,64,31.2156,29.9424,2025-12-24T20:15:00,320.0,13,GoMini,6,180,"Abdel-Moneim Reyad Squer, ( Tahrir )",Smouha
Cairo,tahrir,8,30.0445,31.2357,Alexandria,Sedi Gaber _ Smouha,64,31.2156,29.9424,2025-12-24T23:00:00,305.0,14,GoMini,6,180,"Abdel-Moneim Reyad Squer, ( Tahrir )",Smouha
Cairo,tahrir,8,30.0445,31.2357,Alexandria,Moharam BK,18,31.1917,29.9187,2025-12-24T05:31:00,275.0,56,Business Class DD,0,180,Cairo | Tahrir,Alex - Moharam BK
Cairo,tahrir,8,30.0445,31.2357,Alexandria,Moharam BK,18,31.1917,29.9187,2025-12-24T07:47:00,275.0,37,Elite Business Class M,0,180,Cairo | Tahrir,Alex - Moharam BK
Cairo,tahrir,8,30.0445,31.2357,Alexandria,Moharam BK,18,31.1917,29.9187,2025-12-24T09:01:00,210.0,49,Super Go D,0,180,Cairo | Tahrir,Alex - Moharam BK
Cairo,tahrir,8,30.0445,31.2357,Alexandria,Moharam BK,18,31.1917,29.9187,2025-12-24T10:30:00,210.0,49,Super Go D,0,180,Cairo | Tahrir,Alex - Moharam BK
Cairo,tahrir,8,30.0445,31.2357,Alexandria,Moharam BK,18,31.1917,29.9187,2025-12-24T11:45:00,210.0,49,Super Go D,0,180,Cairo | Tahrir,Alex - Moharam BK
Cairo,tahrir,8,30.0445,31.2357,Alexandria,Moharam BK,18,31.1917,29.9187,2025-12-24T13:15:00,210.0,49,Super Go D,0,180,Cairo | Tahrir,Alex - Moharam BK
Cairo,tahrir,8,30.0445,31.2357,Alexandria,Moharam BK,18,31.1917,29.9187,2025-12-24T14:30:00,275.0,37,Elite Business Class M,0,180,Cairo | Tahrir,Alex - Moharam BK
Cairo,tahrir,8,30.0445,31.2357,Alexandria,Moharam BK,18,31.1917,29.9187,2025-12-24T18:30:00,275.0,56,Business Class DD,0,180,Cairo | Tahrir,Alex - Moharam BK
Cairo,tahrir,8,30.0445,31.2357,Alexandria,Moharam BK,18,31.1917,29.9187,2025-12-24T20:50:00,210.0,49,Super Go D,0,180,Cairo | Tahrir,Alex - Moharam BK
Cairo,tahrir,8,30.0445,31.2357,Alexandria,Miami,145,31.2725,30.0126,2025-12-24T06:15:00,305.0,14,GoMini,6,180,"Abdel-Moneim Reyad Squer, ( Tahrir )","Miami, 45 St."
Cairo,tahrir,8,30.0445,31.2357,Alexandria,Miami,145,31.2725,30.0126,2025-12-24T07:30:00,320.0,14,GoMini,6,180,"Abdel-Moneim Reyad Squer, ( Tahrir )","Miami, 45 St."
Cairo,tahrir,8,30.0445,31.2357,Alexandria,Miami,145,31.2725,30.0126,2025-12-24T08:30:00,320.0,14,GoMini,6,180,"Abdel-Moneim Reyad Squer, ( Tahrir )","Miami, 45 St."
Cairo,tahrir,8,30.0445,31.2357,Alexandria,Miami,145,31.2725,30.0126,2025-12-24T10:45:00,335.0,13,GoMini,6,180,"Abdel-Moneim Reyad Squer, ( Tahrir )","Miami, 45 St."
Cairo,tahrir,8,30.0445,31.2357,Alexandria,Miami,145,31.2725,30.0126,2025-12-24T12:15:00,320.0,14,GoMini,6,180,"Abdel-Moneim Reyad Squer, ( Tahrir )","Miami, 45 St."
Cairo,tahrir,8,30.0445,31.2357,Alexandria,Miami,145,31.2725,30.0126,2025-12-24T14:15:00,320.0,14,GoMini,6,180,"Abdel-Moneim Reyad Squer, ( Tahrir )","Miami, 45 St."
Cairo,tahrir,8,30.0445,31.2357,Alexandria,Miami,145,31.2725,30.0126,2025-12-24T16:15:00,305.0,14,GoMini,6,180,"Abdel-Moneim Reyad Squer, ( Tahrir )","Miami, 45 St."
Cairo,tahrir,8,30.0445,31.2357,Alexandria,Miami,145,31.2725,30.0126,2025-12-24T19:30:00,320.0,14,GoMini,6,180,"Abdel-Moneim Reyad Squer, ( Tahrir )","Miami, 45 St."
Cairo,tahrir,8,30.0445,31.2357,Alexandria,Miami,145,31.2725,30.0126,2025-12-24T20:15:00,320.0,13,GoMini,6,180,"Abdel-Moneim Reyad Squer, ( Tahrir )","Miami, 45 St."
Cairo,tahrir,8,30.0445,31.2357,Alexandria,Miami,145,31.2725,30.0126,2025-12-24T23:00:00,320.0,14,GoMini,6,180,"Abdel-Moneim Reyad Squer, ( Tahrir )","Miami, 45 St."
Cairo,tahrir,8,30.0445,31.2357,Marsa Matrouh,Marsa Matrouh,68,31.3543,27.2373,2025-12-24T00:55:00,455.0,13,GoMini,6,300,"Abdel-Moneim Reyad Squer, ( Tahrir )",Marsa Matrouh Main Office
Cairo,tahrir,8,30.0445,31.2357,Marsa Matrouh,Marsa Matrouh,68,31.3543,27.2373,2025-12-24T01:40:00,455.0,13,GoMini,6,300,"Abdel-Moneim Reyad Squer, ( Tahrir )",Marsa Matrouh Main Office
Cairo,tahrir,8,30.0445,31.2357,Marsa Matrouh,Marsa Matrouh,68,31.3543,27.2373,2025-12-24T04:40:00,445.0,14,GoMini,6,300,"Abdel-Moneim Reyad Squer, ( Tahrir )",Marsa Matrouh Main Office
Cairo,tahrir,8,30.0445,31.2357,Marsa Matrouh,Marsa Matrouh,68,31.3543,27.2373,2025-12-24T06:40:00,455.0,13,GoMini,6,300,"Abdel-Moneim Reyad Squer, ( Tahrir )",Marsa Matrouh Main Office
Cairo,tahrir,8,30.0445,31.2357,Marsa Matrouh,Marsa Matrouh,68,31.3543,27.2373,2025-12-24T08:40:00,455.0,13,GoMini,6,300,"Abdel-Moneim Reyad Squer, ( Tahrir )",Marsa Matrouh Main Office
Cairo,tahrir,8,30.0445,31.2357,Marsa Matrouh,Marsa Matrouh,68,31.3543,27.2373,2025-12-24T09:40:00,455.0,13,GoMini,6,300,"Abdel-Moneim Reyad Squer, ( Tahrir )",Marsa Matrouh Main Office
Cairo,tahrir,8,30.0445,31.2357,Marsa Matrouh,Marsa Matrouh,68,31.3543,27.2373,2025-12-24T11:40:00,455.0,13,GoMini,6,300,"Abdel-Moneim Reyad Squer, ( Tahrir )",Marsa Matrouh Main Office
Cairo,tahrir,8,30.0445,31.2357,Marsa Matrouh,Marsa Matrouh,68,31.3543,27.2373,2025-12-24T14:40:00,455.0,13,GoMini,6,300,"Abdel-Moneim Reyad Squer, ( Tahrir )",Marsa Matrouh Main Office
Cairo,tahrir,8,30.0445,31.2357,Marsa Matrouh,Marsa Matrouh,68,31.3543,27.2373,2025-12-24T20:40:00,455.0,13,GoMini,6,300,"Abdel-Moneim Reyad Squer, ( Tahrir )",Marsa Matrouh Main Office
Cairo,tahrir,8,30.0445,31.2357,Safaga,Safaga,10,26.7472,33.9389,2025-12-24T01:35:00,630.0,37,Elite Business Class M,0,420,Cairo | Tahrir,Safaga
Cairo,tahrir,8,30.0445,31.2357,Safaga,Safaga,10,26.7472,33.9389,2025-12-24T23:59:00,475.0,49,Super Go D,0,420,Cairo | Tahrir,Safaga
Cairo,tahrir,8,30.0445,31.2357,Marsa Allam,Marsa Allam,23,25.063,34.894,2025-12-24T01:35:00,740.0,37,Elite Business Class M,0,600,Cairo | Tahrir,Marsa Allam
Cairo,tahrir,8,30.0445,31.2357,Marsa Allam,Marsa Allam,23,25.063,34.894,2025-12-24T23:59:00,620.0,49,Super Go D,0,600,Cairo | Tahrir,Marsa Allam
Cairo,tahrir,8,30.0445,31.2357,Sokhna,Porto El Sokhna,26,29.4397,32.4867,2025-12-24T08:00:00,190.0,49,Super Go D,0,120,Cairo | Tahrir,Porto El Sokhna
Cairo,tahrir,8,30.0445,31.2357,Sokhna,Porto El Sokhna,26,29.4397,32.4867,2025-12-24T10:00:00,300.0,13,GoMini,6,120,"Abdel-Moneim Reyad Squer, ( Tahrir )",Porto Sokhna
Cairo,tahrir,8,30.0445,31.2357,Sokhna,Porto El Sokhna,26,29.4397,32.4867,2025-12-24T11:00:00,190.0,49,Super Go D,0,120,Cairo | Tahrir,Porto El Sokhna
Cairo,tahrir,8,30.0445,31.2357,Sokhna,Porto South Beach,245,29.4405,32.489,2025-12-24T08:00:00,190.0,49,Super Go D,0,120,Cairo | Tahrir,Porto South Beach
Cairo,tahrir,8,30.0445,31.2357,Sokhna,Porto South Beach,245,29.4405,32.489,2025-12-24T10:00:00,310.0,13,GoMini,6,120,"Abdel-Moneim Reyad Squer, ( Tahrir )",Porto South Beach
Cairo,tahrir,8,30.0445,31.2357,Sokhna,Cancun,164,29.46,32.46,2025-12-24T08:00:00,190.0,49,Super Go D,0,120,Cairo | Tahrir,Cancun
Cairo,tahrir,8,30.0445,31.2357,Sokhna,Cancun,164,29.46,32.46,2025-12-24T10:00:00,320.0,13,GoMini,6,120,"Abdel-Moneim Reyad Squer, ( Tahrir )",Cancun
Cairo,tahrir,8,30.0445,31.2357,Sokhna,Mountain View 1 (Dayra Camp),1164,29.48,32.44,2025-12-24T08:00:00,190.0,49,Super Go D,0,120,Cairo | Tahrir,Mountain View 1 (Dayra Camp)
Cairo,tahrir,8,30.0445,31.2357,Sokhna,Mountain View 1 (Dayra Camp),1164,29.48,32.44,2025-12-24T10:00:00,330.0,13,GoMini,6,120,"Abdel-Moneim Reyad Squer, ( Tahrir )",Mountain View 1 (Dayra Camp)
Cairo,tahrir,8,30.0445,31.2357,Sokhna,Grand Ocean,188,29.455,32.455,2025-12-24T08:00:00,190.0,49,Super Go D,0,120,Cairo | Tahrir,Grand Ocean
Cairo,tahrir,8,30.0445,31.2357,Sokhna,Grand Ocean,188,29.455,32.455,2025-12-24T10:00:00,310.0,13,GoMini,6,120,"Abdel-Moneim Reyad Squer, ( Tahrir )",Grand Ocean
Cairo,tahrir,8,30.0445,31.2357,Qena,Qena,63,26.1551,32.716,2025-12-24T00:25:00,445.0,49,Super Go D,0,480,Cairo | Tahrir,Qena
Cairo,tahrir,8,30.0445,31.2357,Qena,Qena,63,26.1551,32.716,2025-12-24T01:05:00,700.0,37,Elite Business Class M,0,480,Cairo | Tahrir,Qena
Cairo,tahrir,8,30.0445,31.2357,Qena,Qena,63,26.1551,32.716,2025-12-24T01:55:00,445.0,49,Super Go D,0,480,Cairo | Tahrir,Qena
Cairo,tahrir,8,30.0445,31.2357,Qena,Qena,63,26.1551,32.716,2025-12-24T10:15:00,445.0,49,Super Go D,0,480,Cairo | Tahrir,Qena
Cairo,tahrir,8,30.0445,31.2357,Qena,Qena,63,26.1551,32.716,2025-12-24T13:01:00,700.0,37,Elite Business Class M,0,480,Cairo | Tahrir,Qena
Cairo,tahrir,8,30.0445,31.2357,Qena,Qena,63,26.1551,32.716,2025-12-24T18:01:00,700.0,37,Elite Business Class V,0,480,Cairo | Tahrir,Qena
Cairo,tahrir,8,30.0445,31.2357,Qena,Qena,63,26.1551,32.716,2025-12-24T21:05:00,395.0,49,Economy,0,480,Cairo | Tahrir,Qena
Cairo,tahrir,8,30.0445,31.2357,Qena,Qena,63,26.1551,32.716,2025-12-24T21:40:00,395.0,49,Economy,0,480,Cairo | Tahrir,Qena
Cairo,tahrir,8,30.0445,31.2357,Qena,Qena,63,26.1551,32.716,2025-12-24T22:31:00,700.0,56,Business Class DD,0,480,Cairo | Tahrir,Qena
Cairo,tahrir,8,30.0445,31.2357,Qena,Qena,63,26.1551,32.716,2025-12-24T23:05:00,700.0,56,Business Class DD,0,480,Cairo | Tahrir,Qena
Cairo,tahrir,8,30.0445,31.2357,Luxor,Luxor,57,25.6872,32.6396,2025-12-24T00:25:00,485.0,49,Super Go D,0,600,Cairo | Tahrir,Luxor
Cairo,tahrir,8,30.0445,31.2357,Luxor,Luxor,57,25.6872,32.6396,2025-12-24T01:05:00,795.0,37,Elite Business Class M,0,600,Cairo | Tahrir,Luxor
Cairo,tahrir,8,30.0445,31.2357,Luxor,Luxor,57,25.6872,32.6396,2025-12-24T01:55:00,485.0,49,Super Go D,0,600,Cairo | Tahrir,Luxor
Cairo,tahrir,8,30.0445,31.2357,Luxor,Luxor,57,25.6872,32.6396,2025-12-24T10:15:00,485.0,49,Super Go D,0,600,Cairo | Tahrir,Luxor
Cairo,tahrir,8,30.0445,31.2357,Luxor,Luxor,57,25.6872,32.6396,2025-12-24T13:01:00,795.0,37,Elite Business Class M,0,600,Cairo | Tahrir,Luxor
Cairo,tahrir,8,30.0445,31.2357,Luxor,Luxor,57,25.6872,32.6396,2025-12-24T18:01:00,795.0,37,Elite Business Class V,0,600,Cairo | Tahrir,Luxor
Cairo,tahrir,8,30.0445,31.2357,Luxor,Luxor,57,25.6872,32.6396,2025-12-24T21:05:00,455.0,49,Economy,0,600,Cairo | Tahrir,Luxor
Cairo,tahrir,8,30.0445,31.2357,Luxor,Luxor,57,25.6872,32.6396,2025-12-24T21:40:00,455.0,49,Economy,0,600,Cairo | Tahrir,Luxor
Cairo,tahrir,8,30.0445,31.2357,Luxor,Luxor,57,25.6872,32.6396,2025-12-24T22:31:00,795.0,56,Business Class DD,0,600,Cairo | Tahrir,Luxor
Cairo,tahrir,8,30.0445,31.2357,Luxor,Luxor,57,25.6872,32.6396,2025-12-24T23:05:00,795.0,56,Business Class DD,0,600,Cairo | Tahrir,Luxor
Cairo,tahrir,8,30.0445,31.2357,Assiut,Assiut,36,27.1809,31.1837,2025-12-24T00:30:00,400.0,13,GoMini,6,360,"Abdel-Moneim Reyad Squer, ( Tahrir )","Assiut, El Helaly"
Cairo,tahrir,8,30.0445,31.2357,Assiut,Assiut,36,27.1809,31.1837,2025-12-24T01:45:00,400.0,13,GoMini,6,360,"Abdel-Moneim Reyad Squer, ( Tahrir )","Assiut, El Helaly"
Cairo,tahrir,8,30.0445,31.2357,Assiut,Assiut,36,27.1809,31.1837,2025-12-24T02:16:00,530.0,56,Business Class DD,0,360,Cairo | Tahrir,Assiut
Cairo,tahrir,8,30.0445,31.2357,Assiut,Assiut,36,27.1809,31.1837,2025-12-24T03:55:00,320.0,49,Economy,0,360,Cairo | Tahrir,Assiut
Cairo,tahrir,8,30.0445,31.2357,Assiut,Assiut,36,27.1809,31.1837,2025-12-24T06:55:00,320.0,49,Super Go D,0,360,Cairo | Tahrir,Assiut
Cairo,tahrir,8,30.0445,31.2357,Assiut,Assiut,36,27.1809,31.1837,2025-12-24T10:30:00,400.0,13,GoMini,6,360,"Abdel-Moneim Reyad Squer, ( Tahrir )","Assiut, El Helaly"
Cairo,tahrir,8,30.0445,31.2357,Assiut,Assiut,36,27.1809,31.1837,2025-12-24T13:44:00,530.0,37,Elite Business Class V,0,360,Cairo | Tahrir,Assiut
Cairo,tahrir,8,30.0445,31.2357,Assiut,Assiut,36,27.1809,31.1837,2025-12-24T15:00:00,400.0,14,High ace Toyota,6,360,"Abdel-Moneim Reyad Squer, ( Tahrir )","Assiut, El Helaly"
Cairo,tahrir,8,30.0445,31.2357,Assiut,Assiut,36,27.1809,31.1837,2025-12-24T15:44:00,320.0,49,Economy,0,360,Cairo | Tahrir,Assiut
Cairo,tahrir,8,30.0445,31.2357,Assiut,Assiut,36,27.1809,31.1837,2025-12-24T17:16:00,530.0,56,Business Class DD,0,360,Cairo | Tahrir,Assiut
Cairo,tahrir,8,30.0445,31.2357,Assiut,Assiut,36,27.1809,31.1837,2025-12-24T18:01:00,320.0,49,Super Go D,0,360,Cairo | Tahrir,Assiut
Cairo,tahrir,8,30.0445,31.2357,Assiut,Assiut,36,27.1809,31.1837,2025-12-24T20:15:00,320.0,49,Super Go D,0,360,Cairo | Tahrir,Assiut
Cairo,tahrir,8,30.0445,31.2357,Assiut,Assiut,36,27.1809,31.1837,2025-12-24T22:30:00,400.0,13,GoMini,6,360,"Abdel-Moneim Reyad Squer, ( Tahrir )","Assiut, El Helaly"
Cairo,tahrir,8,30.0445,31.2357,Assiut,Assiut,36,27.1809,31.1837,2025-12-24T22:45:00,320.0,49,Super Go D,0,360,Cairo | Tahrir,Assiut
Cairo,tahrir,8,30.0445,31.2357,Makadi,Makadi,21,26.9917,33.8997,2025-12-24T01:45:00,530.0,49,Super Go D,0,480,Cairo | Tahrir,Makadi
Cairo,tahrir,8,30.0445,31.2357,Ras Sedr,Matarma Bay_ Ras Sedr,197,29.6,32.71,2025-12-24T08:30:00,325.0,14,GoMini,6,240,"Abdel-Moneim Reyad Squer, ( Tahrir )",Matar Mabay
Cairo,tahrir,8,30.0445,31.2357,Ras Sedr,Matarma Bay_ Ras Sedr,197,29.6,32.71,2025-12-24T18:15:00,325.0,14,GoMini,6,240,"Abdel-Moneim Reyad Squer, ( Tahrir )",Matar Mabay
Cairo,tahrir,8,30.0445,31.2357,Ras Sedr,Tavira_ Ras Sedr,366,29.585,32.725,2025-12-24T08:30:00,340.0,14,GoMini,6,240,"Abdel-Moneim Reyad Squer, ( Tahrir )",Tavira
Cairo,tahrir,8,30.0445,31.2357,Ras Sedr,Tavira_ Ras Sedr,366,29.585,32.725,2025-12-24T18:15:00,340.0,14,GoMini,6,240,"Abdel-Moneim Reyad Squer, ( Tahrir )",Tavira
Cairo,tahrir,8,30.0445,31.2357,Ras Sedr,Lahaisenda_ Ras Sedr,367,29.61,32.7,2025-12-24T08:30:00,340.0,14,GoMini,6,240,"Abdel-Moneim Reyad Squer, ( Tahrir )",La Hacienda
Cairo,tahrir,8,30.0445,31.2357,Ras Sedr,Lahaisenda_ Ras Sedr,367,29.61,32.7,2025-12-24T18:15:00,340.0,14,GoMini,6,240,"Abdel-Moneim Reyad Squer, ( Tahrir )",La Hacienda
Cairo,tahrir,8,30.0445,31.2357,Ras Sedr,Nozha Beach,611,29.58,32.735,2025-12-24T08:30:00,310.0,14,GoMini,6,240,"Abdel-Moneim Reyad Squer, ( Tahrir )",Nozha Beach
Cairo,tahrir,8,30.0445,31.2357,Ras Sedr,Nozha Beach,611,29.58,32.735,2025-12-24T18:15:00,310.0,14,GoMini,6,240,"Abdel-Moneim Reyad Squer, ( Tahrir )",Nozha Beach
Cairo,tahrir,8,30.0445,31.2357,Dahab,Dahab,40,28.5,34.5167,2025-12-24T00:44:00,850.0,56,Business Class DD,0,600,Cairo | Tahrir,Dahab
Cairo,tahrir,8,30.0445,31.2357,Dahab,Dahab,40,28.5,34.5167,2025-12-24T01:00:00,660.0,13,GoMini,6,600,"Abdel-Moneim Reyad Squer, ( Tahrir )","El Mashraba, El Masbat St"
Cairo,tahrir,8,30.0445,31.2357,Dahab,Dahab,40,28.5,34.5167,2025-12-24T01:55:00,530.0,49,Super Go D,0,600,Cairo | Tahrir,Dahab
Cairo,tahrir,8,30.0445,31.2357,Dahab,Dahab,40,28.5,34.5167,2025-12-24T02:00:00,660.0,13,GoMini,6,600,"Abdel-Moneim Reyad Squer, ( Tahrir )","El Mashraba, El Masbat St"
Cairo,tahrir,8,30.0445,31.2357,Dahab,Dahab,40,28.5,34.5167,2025-12-24T03:00:00,660.0,13,GoMini,6,600,"Abdel-Moneim Reyad Squer, ( Tahrir )","El Mashraba, El Masbat St"
Cairo,tahrir,8,30.0445,31.2357,Dahab,Dahab,40,28.5,34.5167,2025-12-24T04:25:00,530.0,49,Super Go D,0,600,Cairo | Tahrir,Dahab
Cairo,tahrir,8,30.0445,31.2357,Dahab,Dahab,40,28.5,34.5167,2025-12-24T05:00:00,660.0,13,GoMini,6,600,"Abdel-Moneim Reyad Squer, ( Tahrir )","El Mashraba, El Masbat St"
Cairo,tahrir,8,30.0445,31.2357,Dahab,Dahab,40,28.5,34.5167,2025-12-24T08:00:00,660.0,13,GoMini,6,600,"Abdel-Moneim Reyad Squer, ( Tahrir )","El Mashraba, El Masbat St"
Cairo,tahrir,8,30.0445,31.2357,Dahab,Dahab,40,28.5,34.5167,2025-12-24T10:00:00,650.0,14,GoMini,6,600,"Abdel-Moneim Reyad Squer, ( Tahrir )","El Mashraba, El Masbat St"
Cairo,tahrir,8,30.0445,31.2357,Dahab,Dahab,40,28.5,34.5167,2025-12-24T14:00:00,660.0,13,GoMini,6,600,"Abdel-Moneim Reyad Squer, ( Tahrir )","El Mashraba, El Masbat St"
Cairo,tahrir,8,30.0445,31.2357,Dahab,Dahab,40,28.5,34.5167,2025-12-24T18:00:00,650.0,14,GoMini,6,600,"Abdel-Moneim Reyad Squer, ( Tahrir )","El Mashraba, El Masbat St"
Cairo,tahrir,8,30.0445,31.2357,Dahab,Dahab,40,28.5,34.5167,2025-12-24T22:00:00,660.0,13,GoMini,6,600,"Abdel-Moneim Reyad Squer, ( Tahrir )","El Mashraba, El Masbat St"
Cairo,tahrir,8,30.0445,31.2357,Dahab,Dahab,40,28.5,34.5167,2025-12-24T22:15:00,530.0,49,Super Go D,0,600,Cairo | Tahrir,Dahab
Cairo,tahrir,8,30.0445,31.2357,Dahab,Dahab,40,28.5,34.5167,2025-12-24T23:30:00,850.0,37,Elite Business Class M,0,600,Cairo | Tahrir,Dahab
Cairo,tahrir,8,30.0445,31.2357,Dahab,Dahab,40,28.5,34.5167,2025-12-24T23:59:00,660.0,13,GoMini,6,600,"Abdel-Moneim Reyad Squer, ( Tahrir )","El Mashraba, El Masbat St"
Cairo,tahrir,8,30.0445,31.2357,Nuweiba,Nuweiba,106,29.0333,34.6667,2025-12-24T01:30:00,600.0,13,GoMini,6,720,"Abdel-Moneim Reyad Squer, ( Tahrir )",Sayadeen Village-Red Sea Riviera
Cairo,tahrir,8,30.0445,31.2357,Nuweiba,Nuweiba,106,29.0333,34.6667,2025-12-24T22:15:00,640.0,49,Super Go D,0,720,Cairo | Tahrir,Nuweiba
Cairo,tahrir,8,30.0445,31.2357,Al Menia,El-Minya,104,28.0871,30.7618,2025-12-24T04:05:00,250.0,56,Business Class DD,0,240,Cairo | Tahrir,El-Minya GoBus
Cairo,tahrir,8,30.0445,31.2357,Al Menia,El-Minya,104,28.0871,30.7618,2025-12-24T11:29:00,200.0,49,Super Go D,0,240,Cairo | Tahrir,El-Minya GoBus
Cairo,tahrir,8,30.0445,31.2357,Al Menia,El-Minya,104,28.0871,30.7618,2025-12-24T15:15:00,200.0,49,Super Go D,0,240,Cairo | Tahrir,El-Minya GoBus
Cairo,tahrir,8,30.0445,31.2357,Al Menia,El-Minya,104,28.0871,30.7618,2025-12-24T21:30:00,200.0,49,Super Go D,0,240,Cairo | Tahrir,El-Minya GoBus
Cairo,tahrir,8,30.0445,31.2357,Taba,Taba Heights,129,29.489,34.896,2025-12-24T22:15:00,635.0,49,Super Go D,0,360,Cairo | Tahrir,Taba Heights
Cairo,tahrir,8,30.0445,31.2357,Sahl Hashesh,Sahl Hashesh,22,27.0397,33.8922,2025-12-24T01:45:00,455.0,49,Super Go D,0,360,Cairo | Tahrir,Sahl Hashesh
Cairo,tahrir,8,30.0445,31.2357,Mallawy,Mallawy,105,27.7317,30.8417,2025-12-24T04:05:00,270.0,56,Business Class DD,0,360,Cairo | Tahrir,Mallawy
Cairo,tahrir,8,30.0445,31.2357,Mallawy,Mallawy,105,27.7317,30.8417,2025-12-24T11:29:00,220.0,49,Super Go D,0,360,Cairo | Tahrir,Mallawy
Cairo,tahrir,8,30.0445,31.2357,Mallawy,Mallawy,105,27.7317,30.8417,2025-12-24T15:15:00,220.0,49,Super Go D,0,360,Cairo | Tahrir,Mallawy
Cairo,tahrir,8,30.0445,31.2357,Mallawy,Mallawy,105,27.7317,30.8417,2025-12-24T21:30:00,220.0,49,Super Go D,0,360,Cairo | Tahrir,Mallawy
Cairo,tahrir,8,30.0445,31.2357,Al Quseir,Al Quseir,24,26.1062,34.2831,2025-12-24T01:35:00,650.0,37,Elite Business Class M,0,360,Cairo | Tahrir,Al Quseir
Cairo,tahrir,8,30.0445,31.2357,Al Quseir,Al Quseir,24,26.1062,34.2831,2025-12-24T23:59:00,585.0,49,Super Go D,0,360,Cairo | Tahrir,Al Quseir
Cairo,tahrir,8,30.0445,31.2357,Soma Bay,Soma Bay,202,26.8,34.0,2025-12-24T01:45:00,600.0,49,Super Go D,0,465,Cairo | Tahrir,Soma Bay
Cairo,tahrir,8,30.0445,31.2357,El Dabaa,الضبعة,10099,31.0354,28.4368,2025-12-24T00:55:00,420.0,13,GoMini,6,360,"Abdel-Moneim Reyad Squer, ( Tahrir )",EL Dabaa
Cairo,tahrir,8,30.0445,31.2357,El Dabaa,الضبعة,10099,31.0354,28.4368,2025-12-24T01:40:00,420.0,13,GoMini,6,360,"Abdel-Moneim Reyad Squer, ( Tahrir )",EL Dabaa
Cairo,tahrir,8,30.0445,31.2357,El Dabaa,الضبعة,10099,31.0354,28.4368,2025-12-24T04:40:00,410.0,14,GoMini,6,360,"Abdel-Moneim Reyad Squer, ( Tahrir )",EL Dabaa
Cairo,tahrir,8,30.0445,31.2357,El Dabaa,الضبعة,10099,31.0354,28.4368,2025-12-24T06:40:00,420.0,13,GoMini,6,360,"Abdel-Moneim Reyad Squer, ( Tahrir )",EL Dabaa
Cairo,tahrir,8,30.0445,31.2357,El Dabaa,الضبعة,10099,31.0354,28.4368,2025-12-24T08:40:00,420.0,13,GoMini,6,360,"Abdel-Moneim Reyad Squer, ( Tahrir )",EL Dabaa
Cairo,tahrir,8,30.0445,31.2357,El Dabaa,الضبعة,10099,31.0354,28.4368,2025-12-24T09:40:00,420.0,13,GoMini,6,360,"Abdel-Moneim Reyad Squer, ( Tahrir )",EL Dabaa
Cairo,tahrir,8,30.0445,31.2357,El Dabaa,الضبعة,10099,31.0354,28.4368,2025-12-24T11:40:00,420.0,13,GoMini,6,360,"Abdel-Moneim Reyad Squer, ( Tahrir )",EL Dabaa
Cairo,tahrir,8,30.0445,31.2357,El Dabaa,الضبعة,10099,31.0354,28.4368,2025-12-24T14:40:00,420.0,13,GoMini,6,360,"Abdel-Moneim Reyad Squer, ( Tahrir )",EL Dabaa
Cairo,tahrir,8,30.0445,31.2357,El Dabaa,الضبعة,10099,31.0354,28.4368,2025-12-24T20:40:00,420.0,13,GoMini,6,360,"Abdel-Moneim Reyad Squer, ( Tahrir )",EL Dabaa
Cairo,tahrir,8,30.0445,31.2357,Port Said,Port Said Downtown,378,31.2653,32.3019,2025-12-24T09:45:00,250.0,14,High ace Toyota,6,150,"Abdel-Moneim Reyad Squer, ( Tahrir )","Port Said, Downtown"
Cairo,tahrir,8,30.0445,31.2357,Port Said,Port Said Downtown,378,31.2653,32.3019,2025-12-24T12:45:00,250.0,14,High ace Toyota,6,150,"Abdel-Moneim Reyad Squer, ( Tahrir )","Port Said, Downtown"
Cairo,tahrir,8,30.0445,31.2357,Port Said,Port Said Downtown,378,31.2653,32.3019,2025-12-24T22:15:00,250.0,14,High ace Toyota,6,150,"Abdel-Moneim Reyad Squer, ( Tahrir )","Port Said, Downtown"
Cairo,tahrir,8,30.0445,31.2357,Port Said,Port Said,78,31.2653,32.3019,2025-12-24T06:30:00,160.0,49,Super Go D,0,150,Cairo | Tahrir,Port Said Station
Cairo,tahrir,8,30.0445,31.2357,Port Said,Port Said,78,31.2653,32.3019,2025-12-24T14:00:00,220.0,37,Elite Business Class M,0,150,Cairo | Tahrir,Port Said Station
Cairo,tahrir,8,30.0445,31.2357,Port Said,Port Said,78,31.2653,32.3019,2025-12-24T18:46:00,160.0,46,Super Go D,0,150,Cairo | Tahrir,Port Said Station
Cairo,tahrir,8,30.0445,31.2357,Port Said,Port Said,78,31.2653,32.3019,2025-12-24T21:47:00,160.0,49,Super Go D,0,150,Cairo | Tahrir,Port Said Station
Cairo,tahrir,8,30.0445,31.2357,El Gona,El Gouna,7,27.39,33.68,2025-12-24T01:00:00,425.0,49,Super Go D,0,420,Cairo | Tahrir,El Gouna
Cairo,tahrir,8,30.0445,31.2357,El Gona,El Gouna,7,27.39,33.68,2025-12-24T01:15:00,690.0,56,Business Class DD,0,420,Cairo | Tahrir,El Gouna
Cairo,tahrir,8,30.0445,31.2357,El Gona,El Gouna,7,27.39,33.68,2025-12-24T02:01:00,1060.0,28,Aero First Class,0,420,Cairo | Tahrir,El Gouna
Cairo,tahrir,8,30.0445,31.2357,El Gona,El Gouna,7,27.39,33.68,2025-12-24T04:00:00,425.0,49,Super Go D,0,420,Cairo | Tahrir,El Gouna
Cairo,tahrir,8,30.0445,31.2357,El Gona,El Gouna,7,27.39,33.68,2025-12-24T04:15:00,1060.0,28,Aero First Class,0,420,Cairo | Tahrir,El Gouna
Cairo,tahrir,8,30.0445,31.2357,El Gona,El Gouna,7,27.39,33.68,2025-12-24T05:30:00,690.0,56,Business Class DD,0,420,Cairo | Tahrir,El Gouna
Cairo,tahrir,8,30.0445,31.2357,El Gona,El Gouna,7,27.39,33.68,2025-12-24T08:15:00,690.0,56,Business Class DD,0,420,Cairo | Tahrir,El Gouna
Cairo,tahrir,8,30.0445,31.2357,El Gona,El Gouna,7,27.39,33.68,2025-12-24T13:00:00,425.0,49,Super Go D,0,420,Cairo | Tahrir,El Gouna
Cairo,tahrir,8,30.0445,31.2357,El Gona,El Gouna,7,27.39,33.68,2025-12-24T16:11:00,425.0,49,Super Go D,0,420,Cairo | Tahrir,El Gouna
Cairo,tahrir,8,30.0445,31.2357,El Gona,El Gouna,7,27.39,33.68,2025-12-24T19:01:00,690.0,37,Elite Business Class M,0,420,Cairo | Tahrir,El Gouna
Cairo,tahrir,8,30.0445,31.2357,El Gona,El Gouna,7,27.39,33.68,2025-12-24T23:00:00,425.0,49,Super Go D,0,420,Cairo | Tahrir,El Gouna
Cairo,giza,15,30.0131,31.2089,Hurghada,hurghada,1,27.2579,33.8116,2025-12-24T00:45:00,690.0,56,Business Class DD,0,420,Giza,Hurghada
Cairo,giza,15,30.0131,31.2089,Hurghada,hurghada,1,27.2579,33.8116,2025-12-24T03:00:00,425.0,49,Super Go D,0,420,Giza,Hurghada
Cairo,giza,15,30.0131,31.2089,Hurghada,hurghada,1,27.2579,33.8116,2025-12-24T05:00:00,690.0,56,Business Class DD,0,420,Giza,Hurghada
Cairo,giza,15,30.0131,31.2089,Hurghada,hurghada,1,27.2579,33.8116,2025-12-24T08:36:00,425.0,49,Super Go D,0,420,Giza,Hurghada
Cairo,giza,15,30.0131,31.2089,Hurghada,hurghada,1,27.2579,33.8116,2025-12-24T15:41:00,425.0,49,Super Go D,0,420,Giza,Hurghada
Cairo,giza,15,30.0131,31.2089,Hurghada,hurghada,1,27.2579,33.8116,2025-12-24T20:30:00,425.0,49,Super Go D,0,420,Giza,Hurghada
Cairo,giza,15,30.0131,31.2089,Hurghada,hurghada,1,27.2579,33.8116,2025-12-24T23:31:00,425.0,49,Super Go D,0,420,Giza,Hurghada
Cairo,giza,15,30.0131,31.2089,Sharm el Shiekh,Royssat,3,27.8736,34.3033,2025-12-24T00:40:00,400.0,49,Super Go D,0,480,Giza,Sharm-Royssat
Cairo,giza,15,30.0131,31.2089,Sharm el Shiekh,Royssat,3,27.8736,34.3033,2025-12-24T02:45:00,670.0,13,GoMini,6,480,Giza,Rowisat
Cairo,giza,15,30.0131,31.2089,Sharm el Shiekh,Royssat,3,27.8736,34.3033,2025-12-24T10:35:00,400.0,49,Super Go D,0,480,Giza,Sharm-Royssat
Cairo,giza,15,30.0131,31.2089,Sharm el Shiekh,Royssat,3,27.8736,34.3033,2025-12-24T18:30:00,630.0,14,GoMini,6,480,Giza,Rowisat
Cairo,giza,15,30.0131,31.2089,Sharm el Shiekh,Royssat,3,27.8736,34.3033,2025-12-24T19:05:00,585.0,56,Business Class DD,0,480,Giza,Sharm-Royssat
Cairo,giza,15,30.0131,31.2089,Sharm el Shiekh,Royssat,3,27.8736,34.3033,2025-12-24T23:01:00,400.0,49,Super Go D,0,480,Giza,Sharm-Royssat
Cairo,giza,15,30.0131,31.2089,Sharm el Shiekh,Sharm Gobus Station,51,27.9158,34.33,2025-12-24T01:25:00,400.0,49,Super Go D,0,480,Giza,Sharm Gobus Station
Cairo,giza,15,30.0131,31.2089,Sharm el Shiekh,Sharm Gobus Station,51,27.9158,34.33,2025-12-24T02:45:00,670.0,13,GoMini,6,480,Giza,Sharm El-Sheikh Station
Cairo,giza,15,30.0131,31.2089,Sharm el Shiekh,Sharm Gobus Station,51,27.9158,34.33,2025-12-24T18:30:00,630.0,14,GoMini,6,480,Giza,Sharm El-Sheikh Station
Cairo,giza,15,30.0131,31.2089,Sharm el Shiekh,Sharm Gobus Station,51,27.9158,34.33,2025-12-24T19:05:00,585.0,56,Business Class DD,0,480,Giza,Sharm Gobus Station
Cairo,giza,15,30.0131,31.2089,Alexandria,Sedi Gaber _ Smouha,64,31.2156,29.9424,2025-12-24T06:45:00,305.0,14,GoMini,6,180,Giza,Smouha
Cairo,giza,15,30.0131,31.2089,Alexandria,Sedi Gaber _ Smouha,64,31.2156,29.9424,2025-12-24T16:45:00,305.0,14,GoMini,6,180,Giza,Smouha
Cairo,giza,15,30.0131,31.2089,Alexandria,Sedi Gaber _ Smouha,64,31.2156,29.9424,2025-12-24T20:45:00,320.0,13,GoMini,6,180,Giza,Smouha
Cairo,giza,15,30.0131,31.2089,Alexandria,Moharam BK,18,31.1917,29.9187,2025-12-24T06:01:00,275.0,56,Business Class DD,0,180,Giza,Alex - Moharam BK
Cairo,giza,15,30.0131,31.2089,Alexandria,Moharam BK,18,31.1917,29.9187,2025-12-24T08:32:00,275.0,37,Elite Business Class M,0,180,Giza,Alex - Moharam BK
Cairo,giza,15,30.0131,31.2089,Alexandria,Moharam BK,18,31.1917,29.9187,2025-12-24T12:15:00,210.0,49,Super Go D,0,180,Giza,Alex - Moharam BK
Cairo,giza,15,30.0131,31.2089,Alexandria,Moharam BK,18,31.1917,29.9187,2025-12-24T13:45:00,210.0,49,Super Go D,0,180,Giza,Alex - Moharam BK
Cairo,giza,15,30.0131,31.2089,Alexandria,Moharam BK,18,31.1917,29.9187,2025-12-24T21:20:00,210.0,49,Super Go D,0,180,Giza,Alex - Moharam BK
Cairo,giza,15,30.0131,31.2089,Alexandria,Miami,145,31.2725,30.0126,2025-12-24T06:45:00,305.0,14,GoMini,6,180,Giza,"Miami, 45 St."
Cairo,giza,15,30.0131,31.2089,Alexandria,Miami,145,31.2725,30.0126,2025-12-24T16:45:00,305.0,14,GoMini,6,180,Giza,"Miami, 45 St."
Cairo,giza,15,30.0131,31.2089,Alexandria,Miami,145,31.2725,30.0126,2025-12-24T20:45:00,320.0,13,GoMini,6,180,Giza,"Miami, 45 St."
Cairo,giza,15,30.0131,31.2089,Marsa Matrouh,Marsa Matrouh,68,31.3543,27.2373,2025-12-24T00:25:00,455.0,13,GoMini,6,300,Giza,Marsa Matrouh Main Office
Cairo,giza,15,30.0131,31.2089,Sokhna,Porto El Sokhna,26,29.4397,32.4867,2025-12-24T09:30:00,300.0,13,GoMini,6,120,Giza,Porto Sokhna
Cairo,giza,15,30.0131,31.2089,Sokhna,Porto South Beach,245,29.4405,32.489,2025-12-24T09:30:00,310.0,13,GoMini,6,120,Giza,Porto South Beach
Cairo,giza,15,30.0131,31.2089,Sokhna,Cancun,164,29.46,32.46,2025-12-24T09:30:00,320.0,13,GoMini,6,120,Giza,Cancun
Cairo,giza,15,30.0131,31.2089,Sokhna,Mountain View 1 (Dayra Camp),1164,29.48,32.44,2025-12-24T09:30:00,330.0,13,GoMini,6,120,Giza,Mountain View 1 (Dayra Camp)
Cairo,giza,15,30.0131,31.2089,Sokhna,Grand Ocean,188,29.455,32.455,2025-12-24T09:30:00,310.0,13,GoMini,6,120,Giza,Grand Ocean
Cairo,giza,15,30.0131,31.2089,Qena,Qena,63,26.1551,32.716,2025-12-24T00:35:00,700.0,37,Elite Business Class M,0,480,Giza,Qena
Cairo,giza,15,30.0131,31.2089,Qena,Qena,63,26.1551,32.716,2025-12-24T01:25:00,445.0,49,Super Go D,0,480,Giza,Qena
Cairo,giza,15,30.0131,31.2089,Qena,Qena,63,26.1551,32.716,2025-12-24T09:30:00,445.0,49,Super Go D,0,480,Giza,Qena
Cairo,giza,15,30.0131,31.2089,Qena,Qena,63,26.1551,32.716,2025-12-24T12:31:00,700.0,37,Elite Business Class M,0,480,Giza,Qena
Cairo,giza,15,30.0131,31.2089,Qena,Qena,63,26.1551,32.716,2025-12-24T17:31:00,700.0,37,Elite Business Class V,0,480,Giza,Qena
Cairo,giza,15,30.0131,31.2089,Qena,Qena,63,26.1551,32.716,2025-12-24T22:01:00,700.0,56,Business Class DD,0,480,Giza,Qena
Cairo,giza,15,30.0131,31.2089,Qena,Qena,63,26.1551,32.716,2025-12-24T23:35:00,700.0,56,Business Class DD,0,480,Giza,Qena
Cairo,giza,15,30.0131,31.2089,Luxor,Luxor,57,25.6872,32.6396,2025-12-24T00:35:00,795.0,37,Elite Business Class M,0,600,Giza,Luxor
Cairo,giza,15,30.0131,31.2089,Luxor,Luxor,57,25.6872,32.6396,2025-12-24T01:25:00,485.0,49,Super Go D,0,600,Giza,Luxor
Cairo,giza,15,30.0131,31.2089,Luxor,Luxor,57,25.6872,32.6396,2025-12-24T09:30:00,485.0,49,Super Go D,0,600,Giza,Luxor
Cairo,giza,15,30.0131,31.2089,Luxor,Luxor,57,25.6872,32.6396,2025-12-24T12:31:00,795.0,37,Elite Business Class M,0,600,Giza,Luxor
Cairo,giza,15,30.0131,31.2089,Luxor,Luxor,57,25.6872,32.6396,2025-12-24T17:31:00,795.0,37,Elite Business Class V,0,600,Giza,Luxor
Cairo,giza,15,30.0131,31.2089,Luxor,Luxor,57,25.6872,32.6396,2025-12-24T22:01:00,795.0,56,Business Class DD,0,600,Giza,Luxor
Cairo,giza,15,30.0131,31.2089,Luxor,Luxor,57,25.6872,32.6396,2025-12-24T23:35:00,795.0,56,Business Class DD,0,600,Giza,Luxor
Cairo,giza,15,30.0131,31.2089,Assiut,Assiut,36,27.1809,31.1837,2025-12-24T01:31:00,530.0,56,Business Class DD,0,360,Giza,Assiut
Cairo,giza,15,30.0131,31.2089,Assiut,Assiut,36,27.1809,31.1837,2025-12-24T16:31:00,530.0,56,Business Class DD,0,360,Giza,Assiut
Cairo,giza,15,30.0131,31.2089,Assiut,Assiut,36,27.1809,31.1837,2025-12-24T19:45:00,320.0,49,Super Go D,0,360,Giza,Assiut
Cairo,giza,15,30.0131,31.2089,Ras Sedr,Matarma Bay_ Ras Sedr,197,29.6,32.71,2025-12-24T08:00:00,325.0,14,GoMini,6,240,Giza,Matar Mabay
Cairo,giza,15,30.0131,31.2089,Ras Sedr,Matarma Bay_ Ras Sedr,197,29.6,32.71,2025-12-24T17:45:00,325.0,14,GoMini,6,240,Giza,Matar Mabay
Cairo,giza,15,30.0131,31.2089,Ras Sedr,Tavira_ Ras Sedr,366,29.585,32.725,2025-12-24T08:00:00,340.0,14,GoMini,6,240,Giza,Tavira
Cairo,giza,15,30.0131,31.2089,Ras Sedr,Tavira_ Ras Sedr,366,29.585,32.725,2025-12-24T17:45:00,340.0,14,GoMini,6,240,Giza,Tavira
Cairo,giza,15,30.0131,31.2089,Ras Sedr,Lahaisenda_ Ras Sedr,367,29.61,32.7,2025-12-24T08:00:00,340.0,14,GoMini,6,240,Giza,La Hacienda
Cairo,giza,15,30.0131,31.2089,Ras Sedr,Lahaisenda_ Ras Sedr,367,29.61,32.7,2025-12-24T17:45:00,340.0,14,GoMini,6,240,Giza,La Hacienda
Cairo,giza,15,30.0131,31.2089,Ras Sedr,Nozha Beach,611,29.58,32.735,2025-12-24T08:00:00,310.0,14,GoMini,6,240,Giza,Nozha Beach
Cairo,giza,15,30.0131,31.2089,Ras Sedr,Nozha Beach,611,29.58,32.735,2025-12-24T17:45:00,310.0,14,GoMini,6,240,Giza,Nozha Beach
Cairo,giza,15,30.0131,31.2089,Dahab,Dahab,40,28.5,34.5167,2025-12-24T01:25:00,530.0,49,Super Go D,0,600,Giza,Dahab
Cairo,giza,15,30.0131,31.2089,Dahab,Dahab,40,28.5,34.5167,2025-12-24T21:30:00,530.0,49,Super Go D,0,600,Giza,Dahab
Cairo,giza,15,30.0131,31.2089,Nuweiba,Nuweiba,106,29.0333,34.6667,2025-12-24T21:30:00,640.0,49,Super Go D,0,720,Giza,Nuweiba
Cairo,giza,15,30.0131,31.2089,Al Menia,El-Minya,104,28.0871,30.7618,2025-12-24T04:35:00,250.0,56,Business Class DD,0,240,Giza,El-Minya GoBus
Cairo,giza,15,30.0131,31.2089,Taba,Taba Heights,129,29.489,34.896,2025-12-24T21:30:00,635.0,49,Super Go D,0,360,Giza,Taba Heights
Cairo,giza,15,30.0131,31.2089,Mallawy,Mallawy,105,27.7317,30.8417,2025-12-24T04:35:00,270.0,56,Business Class DD,0,360,Giza,Mallawy
Cairo,giza,15,30.0131,31.2089,El Dabaa,الضبعة,10099,31.0354,28.4368,2025-12-24T00:25:00,420.0,13,GoMini,6,360,Giza,EL Dabaa
Cairo,giza,15,30.0131,31.2089,El Gona,El Gouna,7,27.39,33.68,2025-12-24T00:45:00,690.0,56,Business Class DD,0,420,Giza,El Gouna
Cairo,giza,15,30.0131,31.2089,El Gona,El Gouna,7,27.39,33.68,2025-12-24T05:00:00,690.0,56,Business Class DD,0,420,Giza,El Gouna
Cairo,giza,15,30.0131,31.2089,El Gona,El Gouna,7,27.39,33.68,2025-12-24T15:41:00,425.0,49,Super Go D,0,420,Giza,El Gouna
Cairo,El-Tagamou El-Khames,87,30.03,31.47,Hurghada,hurghada,1,27.2579,33.8116,2025-12-24T03:01:00,1060.0,28,Aero First Class,0,420,El-Tagamou El-Khames,Hurghada
Cairo,El-Tagamou El-Khames,87,30.03,31.47,Hurghada,hurghada,1,27.2579,33.8116,2025-12-24T03:15:00,425.0,49,Super Go D,0,420,El-Tagamou El-Khames,Hurghada
Cairo,El-Tagamou El-Khames,87,30.03,31.47,Hurghada,hurghada,1,27.2579,33.8116,2025-12-24T03:30:00,550.0,13,GoMini,6,420,"The 5th Settlement, Air Force Hospital","Go Bus Station, Nasr Road"
Cairo,El-Tagamou El-Khames,87,30.03,31.47,Hurghada,hurghada,1,27.2579,33.8116,2025-12-24T04:00:00,690.0,37,Elite Business Class M,0,420,El-Tagamou El-Khames,Hurghada
Cairo,El-Tagamou El-Khames,87,30.03,31.47,Hurghada,hurghada,1,27.2579,33.8116,2025-12-24T04:45:00,425.0,49,Super Go D,0,420,El-Tagamou El-Khames,Hurghada
Cairo,El-Tagamou El-Khames,87,30.03,31.47,Hurghada,hurghada,1,27.2579,33.8116,2025-12-24T05:15:00,1060.0,28,Aero First Class,0,420,El-Tagamou El-Khames,Hurghada
Cairo,El-Tagamou El-Khames,87,30.03,31.47,Hurghada,hurghada,1,27.2579,33.8116,2025-12-24T06:05:00,690.0,37,Elite Business Class M,0,420,El-Tagamou El-Khames,Hurghada
Cairo,El-Tagamou El-Khames,87,30.03,31.47,Hurghada,hurghada,1,27.2579,33.8116,2025-12-24T06:30:00,550.0,13,GoMini,6,420,"The 5th Settlement, Air Force Hospital","Go Bus Station, Nasr Road"
Cairo,El-Tagamou El-Khames,87,30.03,31.47,Hurghada,hurghada,1,27.2579,33.8116,2025-12-24T09:45:00,690.0,56,Business Class DD,0,420,El-Tagamou El-Khames,Hurghada
Cairo,El-Tagamou El-Khames,87,30.03,31.47,Hurghada,hurghada,1,27.2579,33.8116,2025-12-24T10:30:00,550.0,13,GoMini,6,420,"The 5th Settlement, Air Force Hospital","Go Bus Station, Nasr Road"
Cairo,El-Tagamou El-Khames,87,30.03,31.47,Hurghada,hurghada,1,27.2579,33.8116,2025-12-24T19:06:00,1060.0,28,Aero First Class,0,420,El-Tagamou El-Khames,Hurghada
Cairo,El-Tagamou El-Khames,87,30.03,31.47,Hurghada,hurghada,1,27.2579,33.8116,2025-12-24T23:15:00,550.0,13,GoMini,6,420,"The 5th Settlement, Air Force Hospital","Go Bus Station, Nasr Road"
Cairo,El-Tagamou El-Khames,87,30.03,31.47,Sharm el Shiekh,Royssat,3,27.8736,34.3033,2025-12-24T02:45:00,690.0,13,GoMini,6,480,"The 5th Settlement, Air Force Hospital",Rowisat
Cairo,El-Tagamou El-Khames,87,30.03,31.47,Sharm el Shiekh,Royssat,3,27.8736,34.3033,2025-12-24T04:01:00,585.0,56,Business Class DD,0,480,El-Tagamou El-Khames,Sharm-Royssat
Cairo,El-Tagamou El-Khames,87,30.03,31.47,Sharm el Shiekh,Royssat,3,27.8736,34.3033,2025-12-24T06:14:00,585.0,37,Elite Business Class M,0,480,El-Tagamou El-Khames,Sharm-Royssat
Cairo,El-Tagamou El-Khames,87,30.03,31.47,Sharm el Shiekh,Royssat,3,27.8736,34.3033,2025-12-24T15:31:00,585.0,37,Elite Business Class M,0,480,El-Tagamou El-Khames,Sharm-Royssat
Cairo,El-Tagamou El-Khames,87,30.03,31.47,Sharm el Shiekh,Sharm Gobus Station,51,27.9158,34.33,2025-12-24T02:45:00,690.0,13,GoMini,6,480,"The 5th Settlement, Air Force Hospital",Sharm El-Sheikh Station
Cairo,El-Tagamou El-Khames,87,30.03,31.47,Sharm el Shiekh,Sharm Gobus Station,51,27.9158,34.33,2025-12-24T04:01:00,585.0,56,Business Class DD,0,480,El-Tagamou El-Khames,Sharm Gobus Station
Cairo,El-Tagamou El-Khames,87,30.03,31.47,Sharm el Shiekh,Sharm Gobus Station,51,27.9158,34.33,2025-12-24T06:14:00,585.0,37,Elite Business Class M,0,480,El-Tagamou El-Khames,Sharm Gobus Station
Cairo,El-Tagamou El-Khames,87,30.03,31.47,Alexandria,Sedi Gaber _ Smouha,64,31.2156,29.9424,2025-12-24T06:30:00,350.0,13,GoMini,6,180,"The 5th Settlement, Air Force Hospital",Smouha
Cairo,El-Tagamou El-Khames,87,30.03,31.47,Alexandria,Sedi Gaber _ Smouha,64,31.2156,29.9424,2025-12-24T07:05:00,350.0,13,GoMini,6,180,"The 5th Settlement, Air Force Hospital",Smouha
Cairo,El-Tagamou El-Khames,87,30.03,31.47,Alexandria,Sedi Gaber _ Smouha,64,31.2156,29.9424,2025-12-24T08:15:00,350.0,13,GoMini,6,180,"The 5th Settlement, Air Force Hospital",Smouha
Cairo,El-Tagamou El-Khames,87,30.03,31.47,Alexandria,Sedi Gaber _ Smouha,64,31.2156,29.9424,2025-12-24T10:20:00,350.0,13,GoMini,6,180,"The 5th Settlement, Air Force Hospital",Smouha
Cairo,El-Tagamou El-Khames,87,30.03,31.47,Alexandria,Sedi Gaber _ Smouha,64,31.2156,29.9424,2025-12-24T11:00:00,350.0,13,GoMini,6,180,"The 5th Settlement, Air Force Hospital",Smouha
Cairo,El-Tagamou El-Khames,87,30.03,31.47,Alexandria,Sedi Gaber _ Smouha,64,31.2156,29.9424,2025-12-24T12:00:00,350.0,13,GoMini,6,180,"The 5th Settlement, Air Force Hospital",Smouha
Cairo,El-Tagamou El-Khames,87,30.03,31.47,Alexandria,Sedi Gaber _ Smouha,64,31.2156,29.9424,2025-12-24T12:30:00,350.0,13,GoMini,6,180,"The 5th Settlement, Air Force Hospital",Smouha
Cairo,El-Tagamou El-Khames,87,30.03,31.47,Alexandria,Sedi Gaber _ Smouha,64,31.2156,29.9424,2025-12-24T14:30:00,350.0,13,GoMini,6,180,"The 5th Settlement, Air Force Hospital",Smouha
Cairo,El-Tagamou El-Khames,87,30.03,31.47,Alexandria,Sedi Gaber _ Smouha,64,31.2156,29.9424,2025-12-24T15:30:00,350.0,13,GoMini,6,180,"The 5th Settlement, Air Force Hospital",Smouha
Cairo,El-Tagamou El-Khames,87,30.03,31.47,Alexandria,Sedi Gaber _ Smouha,64,31.2156,29.9424,2025-12-24T17:15:00,350.0,13,GoMini,6,180,"The 5th Settlement, Air Force Hospital",Smouha
Cairo,El-Tagamou El-Khames,87,30.03,31.47,Alexandria,Sedi Gaber _ Smouha,64,31.2156,29.9424,2025-12-24T18:30:00,350.0,13,GoMini,6,180,"The 5th Settlement, Air Force Hospital",Smouha
Cairo,El-Tagamou El-Khames,87,30.03,31.47,Alexandria,Sedi Gaber _ Smouha,64,31.2156,29.9424,2025-12-24T20:00:00,350.0,13,GoMini,6,180,"The 5th Settlement, Air Force Hospital",Smouha
Cairo,El-Tagamou El-Khames,87,30.03,31.47,Alexandria,Sedi Gaber _ Smouha,64,31.2156,29.9424,2025-12-24T21:30:00,350.0,13,GoMini,6,180,"The 5th Settlement, Air Force Hospital",Smouha
Cairo,El-Tagamou El-Khames,87,30.03,31.47,Alexandria,Sedi Gaber _ Smouha,64,31.2156,29.9424,2025-12-24T22:30:00,350.0,13,GoMini,6,180,"The 5th Settlement, Air Force Hospital",Smouha
Cairo,El-Tagamou El-Khames,87,30.03,31.47,Alexandria,Sedi Gaber _ Smouha,64,31.2156,29.9424,2025-12-24T23:30:00,350.0,13,GoMini,6,180,"The 5th Settlement, Air Force Hospital",Smouha
Cairo,El-Tagamou El-Khames,87,30.03,31.47,Alexandria,Moharam BK,18,31.1917,29.9187,2025-12-24T09:00:00,210.0,49,Super Go D,0,180,El-Tagamou El-Khames,Alex - Moharam BK
Cairo,El-Tagamou El-Khames,87,30.03,31.47,Alexandria,Moharam BK,18,31.1917,29.9187,2025-12-24T13:00:00,275.0,37,Elite Business Class M,0,180,El-Tagamou El-Khames,Alex - Moharam BK
Cairo,El-Tagamou El-Khames,87,30.03,31.47,Alexandria,Moharam BK,18,31.1917,29.9187,2025-12-24T17:00:00,275.0,56,Business Class DD,0,180,El-Tagamou El-Khames,Alex - Moharam BK
Cairo,El-Tagamou El-Khames,87,30.03,31.47,Alexandria,Miami,145,31.2725,30.0126,2025-12-24T06:30:00,365.0,13,GoMini,6,180,"The 5th Settlement, Air Force Hospital","Miami, 45 St."
Cairo,El-Tagamou El-Khames,87,30.03,31.47,Alexandria,Miami,145,31.2725,30.0126,2025-12-24T20:00:00,365.0,13,GoMini,6,180,"The 5th Settlement, Air Force Hospital","Miami, 45 St."
Cairo,El-Tagamou El-Khames,87,30.03,31.47,Alexandria,Miami,145,31.2725,30.0126,2025-12-24T21:30:00,365.0,13,GoMini,6,180,"The 5th Settlement, Air Force Hospital","Miami, 45 St."
Cairo,El-Tagamou El-Khames,87,30.03,31.47,Alexandria,Miami,145,31.2725,30.0126,2025-12-24T22:30:00,365.0,13,GoMini,6,180,"The 5th Settlement, Air Force Hospital","Miami, 45 St."
Cairo,El-Tagamou El-Khames,87,30.03,31.47,Safaga,Safaga,10,26.7472,33.9389,2025-12-24T00:59:00,475.0,49,Super Go D,0,420,El-Tagamou El-Khames,Safaga
Cairo,El-Tagamou El-Khames,87,30.03,31.47,Safaga,Safaga,10,26.7472,33.9389,2025-12-24T03:05:00,630.0,37,Elite Business Class M,0,420,El-Tagamou El-Khames,Safaga
Cairo,El-Tagamou El-Khames,87,30.03,31.47,Marsa Allam,Marsa Allam,23,25.063,34.894,2025-12-24T00:59:00,620.0,49,Super Go D,0,600,El-Tagamou El-Khames,Marsa Allam
Cairo,El-Tagamou El-Khames,87,30.03,31.47,Marsa Allam,Marsa Allam,23,25.063,34.894,2025-12-24T03:05:00,740.0,37,Elite Business Class M,0,600,El-Tagamou El-Khames,Marsa Allam
Cairo,El-Tagamou El-Khames,87,30.03,31.47,Sokhna,Porto El Sokhna,26,29.4397,32.4867,2025-12-24T09:30:00,190.0,49,Super Go D,0,120,El-Tagamou El-Khames,Porto El Sokhna
Cairo,El-Tagamou El-Khames,87,30.03,31.47,Sokhna,Porto El Sokhna,26,29.4397,32.4867,2025-12-24T10:40:00,300.0,13,GoMini,6,120,"The 5th Settlement, Air Force Hospital",Porto Sokhna
Cairo,El-Tagamou El-Khames,87,30.03,31.47,Sokhna,Porto South Beach,245,29.4405,32.489,2025-12-24T09:30:00,190.0,49,Super Go D,0,120,El-Tagamou El-Khames,Porto South Beach
Cairo,El-Tagamou El-Khames,87,30.03,31.47,Sokhna,Porto South Beach,245,29.4405,32.489,2025-12-24T10:40:00,310.0,13,GoMini,6,120,"The 5th Settlement, Air Force Hospital",Porto South Beach
Cairo,El-Tagamou El-Khames,87,30.03,31.47,Sokhna,Cancun,164,29.46,32.46,2025-12-24T09:30:00,190.0,49,Super Go D,0,120,El-Tagamou El-Khames,Cancun
Cairo,El-Tagamou El-Khames,87,30.03,31.47,Sokhna,Cancun,164,29.46,32.46,2025-12-24T10:40:00,320.0,13,GoMini,6,120,"The 5th Settlement, Air Force Hospital",Cancun
Cairo,El-Tagamou El-Khames,87,30.03,31.47,Sokhna,Mountain View 1 (Dayra Camp),1164,29.48,32.44,2025-12-24T09:30:00,190.0,49,Super Go D,0,120,El-Tagamou El-Khames,Mountain View 1 (Dayra Camp)
Cairo,El-Tagamou El-Khames,87,30.03,31.47,Sokhna,Mountain View 1 (Dayra Camp),1164,29.48,32.44,2025-12-24T10:40:00,330.0,13,GoMini,6,120,"The 5th Settlement, Air Force Hospital",Mountain View 1 (Dayra Camp)
Cairo,El-Tagamou El-Khames,87,30.03,31.47,Sokhna,Grand Ocean,188,29.455,32.455,2025-12-24T09:30:00,190.0,49,Super Go D,0,120,El-Tagamou El-Khames,Grand Ocean
Cairo,El-Tagamou El-Khames,87,30.03,31.47,Sokhna,Grand Ocean,188,29.455,32.455,2025-12-24T10:40:00,310.0,13,GoMini,6,120,"The 5th Settlement, Air Force Hospital",Grand Ocean
Cairo,El-Tagamou El-Khames,87,30.03,31.47,Makadi,Makadi,21,26.9917,33.8997,2025-12-24T03:15:00,530.0,49,Super Go D,0,480,El-Tagamou El-Khames,Makadi
Cairo,El-Tagamou El-Khames,87,30.03,31.47,Dahab,Dahab,40,28.5,34.5167,2025-12-24T02:15:00,675.0,13,GoMini,6,600,"The 5th Settlement, Air Force Hospital","El Mashraba, El Masbat St"
Cairo,El-Tagamou El-Khames,87,30.03,31.47,Sahl Hashesh,Sahl Hashesh,22,27.0397,33.8922,2025-12-24T03:15:00,455.0,49,Super Go D,0,360,El-Tagamou El-Khames,Sahl Hashesh
Cairo,El-Tagamou El-Khames,87,30.03,31.47,Al Quseir,Al Quseir,24,26.1062,34.2831,2025-12-24T00:59:00,585.0,49,Super Go D,0,360,El-Tagamou El-Khames,Al Quseir
Cairo,El-Tagamou El-Khames,87,30.03,31.47,Al Quseir,Al Quseir,24,26.1062,34.2831,2025-12-24T03:05:00,650.0,37,Elite Business Class M,0,360,El-Tagamou El-Khames,Al Quseir
Cairo,El-Tagamou El-Khames,87,30.03,31.47,Soma Bay,Soma Bay,202,26.8,34.0,2025-12-24T03:15:00,600.0,49,Super Go D,0,465,El-Tagamou El-Khames,Soma Bay
Cairo,El-Tagamou El-Khames,87,30.03,31.47,Mansoura,Mansoura,30,31.0364,31.3807,2025-12-24T06:30:00,240.0,13,GoMini,6,360,"The 5th Settlement, Air Force Hospital","Mansoura, Army St"
Cairo,El-Tagamou El-Khames,87,30.03,31.47,Mansoura,Mansoura,30,31.0364,31.3807,2025-12-24T08:30:00,240.0,13,GoMini,6,360,"The 5th Settlement, Air Force Hospital","Mansoura, Army St"
Cairo,El-Tagamou El-Khames,87,30.03,31.47,Mansoura,Mansoura,30,31.0364,31.3807,2025-12-24T09:30:00,240.0,13,GoMini,6,360,"The 5th Settlement, Air Force Hospital","Mansoura, Army St"
Cairo,El-Tagamou El-Khames,87,30.03,31.47,Mansoura,Mansoura,30,31.0364,31.3807,2025-12-24T10:45:00,240.0,13,GoMini,6,360,"The 5th Settlement, Air Force Hospital","Mansoura, Army St"
Cairo,El-Tagamou El-Khames,87,30.03,31.47,Mansoura,Mansoura,30,31.0364,31.3807,2025-12-24T12:45:00,240.0,13,GoMini,6,360,"The 5th Settlement, Air Force Hospital","Mansoura, Army St"
Cairo,El-Tagamou El-Khames,87,30.03,31.47,Mansoura,Mansoura,30,31.0364,31.3807,2025-12-24T15:00:00,240.0,13,GoMini,6,360,"The 5th Settlement, Air Force Hospital","Mansoura, Army St"
Cairo,El-Tagamou El-Khames,87,30.03,31.47,Mansoura,Mansoura,30,31.0364,31.3807,2025-12-24T16:30:00,240.0,13,GoMini,6,360,"The 5th Settlement, Air Force Hospital","Mansoura, Army St"
Cairo,El-Tagamou El-Khames,87,30.03,31.47,Mansoura,Mansoura,30,31.0364,31.3807,2025-12-24T17:30:00,240.0,13,GoMini,6,360,"The 5th Settlement, Air Force Hospital","Mansoura, Army St"
Cairo,El-Tagamou El-Khames,87,30.03,31.47,Mansoura,Mansoura,30,31.0364,31.3807,2025-12-24T18:30:00,240.0,13,GoMini,6,360,"The 5th Settlement, Air Force Hospital","Mansoura, Army St"
Cairo,El-Tagamou El-Khames,87,30.03,31.47,Mansoura,Mansoura,30,31.0364,31.3807,2025-12-24T19:30:00,240.0,13,GoMini,6,360,"The 5th Settlement, Air Force Hospital","Mansoura, Army St"
Cairo,El-Tagamou El-Khames,87,30.03,31.47,Mansoura,Mansoura,30,31.0364,31.3807,2025-12-24T21:30:00,240.0,13,GoMini,6,360,"The 5th Settlement, Air Force Hospital","Mansoura, Army St"
Cairo,El-Tagamou El-Khames,87,30.03,31.47,Mansoura,Mansoura,30,31.0364,31.3807,2025-12-24T22:30:00,240.0,13,GoMini,6,360,"The 5th Settlement, Air Force Hospital","Mansoura, Army St"
Cairo,El-Tagamou El-Khames,87,30.03,31.47,Port Said,Port Said Downtown,378,31.2653,32.3019,2025-12-24T00:10:00,255.0,14,High ace Toyota,6,150,"The 5th Settlement, Air Force Hospital","Port Said, Downtown"
Cairo,El-Tagamou El-Khames,87,30.03,31.47,Port Said,Port Said Downtown,378,31.2653,32.3019,2025-12-24T02:10:00,255.0,14,High ace Toyota,6,150,"The 5th Settlement, Air Force Hospital","Port Said, Downtown"
Cairo,El-Tagamou El-Khames,87,30.03,31.47,Port Said,Port Said Downtown,378,31.2653,32.3019,2025-12-24T07:40:00,255.0,14,High ace Toyota,6,150,"The 5th Settlement, Air Force Hospital","Port Said, Downtown"
Cairo,El-Tagamou El-Khames,87,30.03,31.47,Port Said,Port Said Downtown,378,31.2653,32.3019,2025-12-24T09:25:00,255.0,14,High ace Toyota,6,150,"The 5th Settlement, Air Force Hospital","Port Said, Downtown"
Cairo,El-Tagamou El-Khames,87,30.03,31.47,Port Said,Port Said Downtown,378,31.2653,32.3019,2025-12-24T10:40:00,255.0,14,High ace Toyota,6,150,"The 5th Settlement, Air Force Hospital","Port Said, Downtown"
Cairo,El-Tagamou El-Khames,87,30.03,31.47,Port Said,Port Said Downtown,378,31.2653,32.3019,2025-12-24T11:55:00,255.0,14,High ace Toyota,6,150,"The 5th Settlement, Air Force Hospital","Port Said, Downtown"
Cairo,El-Tagamou El-Khames,87,30.03,31.47,Port Said,Port Said Downtown,378,31.2653,32.3019,2025-12-24T13:40:00,255.0,14,High ace Toyota,6,150,"The 5th Settlement, Air Force Hospital","Port Said, Downtown"
Cairo,El-Tagamou El-Khames,87,30.03,31.47,Port Said,Port Said Downtown,378,31.2653,32.3019,2025-12-24T14:10:00,255.0,14,High ace Toyota,6,150,"The 5th Settlement, Air Force Hospital","Port Said, Downtown"
Cairo,El-Tagamou El-Khames,87,30.03,31.47,Port Said,Port Said Downtown,378,31.2653,32.3019,2025-12-24T15:40:00,255.0,14,High ace Toyota,6,150,"The 5th Settlement, Air Force Hospital","Port Said, Downtown"
Cairo,El-Tagamou El-Khames,87,30.03,31.47,Port Said,Port Said Downtown,378,31.2653,32.3019,2025-12-24T17:35:00,255.0,14,High ace Toyota,6,150,"The 5th Settlement, Air Force Hospital","Port Said, Downtown"
Cairo,El-Tagamou El-Khames,87,30.03,31.47,Port Said,Port Said Downtown,378,31.2653,32.3019,2025-12-24T18:30:00,255.0,14,High ace Toyota,6,150,"The 5th Settlement, Air Force Hospital","Port Said, Downtown"
Cairo,El-Tagamou El-Khames,87,30.03,31.47,Port Said,Port Said Downtown,378,31.2653,32.3019,2025-12-24T21:55:00,255.0,14,High ace Toyota,6,150,"The 5th Settlement, Air Force Hospital","Port Said, Downtown"
Cairo,El-Tagamou El-Khames,87,30.03,31.47,Port Said,Port Said,78,31.2653,32.3019,2025-12-24T15:15:00,220.0,37,Elite Business Class M,0,150,El-Tagamou El-Khames,Port Said Station
Cairo,El-Tagamou El-Khames,87,30.03,31.47,El Gona,El Gouna,7,27.39,33.68,2025-12-24T03:01:00,1060.0,28,Aero First Class,0,420,El-Tagamou El-Khames,El Gouna
Cairo,El-Tagamou El-Khames,87,30.03,31.47,El Gona,El Gouna,7,27.39,33.68,2025-12-24T03:30:00,565.0,13,GoMini,6,420,"The 5th Settlement, Air Force Hospital",El Gouna Gate
Cairo,El-Tagamou El-Khames,87,30.03,31.47,El Gona,El Gouna,7,27.39,33.68,2025-12-24T04:45:00,425.0,49,Super Go D,0,420,El-Tagamou El-Khames,El Gouna
Cairo,El-Tagamou El-Khames,87,30.03,31.47,El Gona,El Gouna,7,27.39,33.68,2025-12-24T05:15:00,1060.0,28,Aero First Class,0,420,El-Tagamou El-Khames,El Gouna
Cairo,El-Tagamou El-Khames,87,30.03,31.47,El Gona,El Gouna,7,27.39,33.68,2025-12-24T06:05:00,690.0,37,Elite Business Class M,0,420,El-Tagamou El-Khames,El Gouna
Cairo,El-Tagamou El-Khames,87,30.03,31.47,El Gona,El Gouna,7,27.39,33.68,2025-12-24T06:30:00,565.0,13,GoMini,6,420,"The 5th Settlement, Air Force Hospital",El Gouna Gate
Cairo,El-Tagamou El-Khames,87,30.03,31.47,El Gona,El Gouna,7,27.39,33.68,2025-12-24T09:45:00,690.0,56,Business Class DD,0,420,El-Tagamou El-Khames,El Gouna
Cairo,El-Tagamou El-Khames,87,30.03,31.47,El Gona,El Gouna,7,27.39,33.68,2025-12-24T10:30:00,565.0,13,GoMini,6,420,"The 5th Settlement, Air Force Hospital",El Gouna Gate
Cairo,El-Tagamou El-Khames,87,30.03,31.47,El Gona,El Gouna,7,27.39,33.68,2025-12-24T23:15:00,565.0,13,GoMini,6,420,"The 5th Settlement, Air Force Hospital",El Gouna Gate
Cairo,naser city,27,30.0561,31.33,Hurghada,hurghada,1,27.2579,33.8116,2025-12-24T00:46:00,425.0,49,Super Go D,0,420,NasrCity Station,Hurghada
Cairo,naser city,27,30.0561,31.33,Hurghada,hurghada,1,27.2579,33.8116,2025-12-24T01:45:00,425.0,49,Super Go D,0,420,NasrCity Station,Hurghada
Cairo,naser city,27,30.0561,31.33,Hurghada,hurghada,1,27.2579,33.8116,2025-12-24T02:00:00,690.0,56,Business Class DD,0,420,NasrCity Station,Hurghada
Cairo,naser city,27,30.0561,31.33,Hurghada,hurghada,1,27.2579,33.8116,2025-12-24T02:30:00,425.0,49,Super Go D,0,420,NasrCity Station,Hurghada
Cairo,naser city,27,30.0561,31.33,Hurghada,hurghada,1,27.2579,33.8116,2025-12-24T02:31:00,1060.0,28,Aero First Class,0,420,NasrCity Station,Hurghada
Cairo,naser city,27,30.0561,31.33,Hurghada,hurghada,1,27.2579,33.8116,2025-12-24T03:15:00,690.0,37,Elite Business Class M,0,420,NasrCity Station,Hurghada
Cairo,naser city,27,30.0561,31.33,Hurghada,hurghada,1,27.2579,33.8116,2025-12-24T04:15:00,425.0,49,Super Go D,0,420,NasrCity Station,Hurghada
Cairo,naser city,27,30.0561,31.33,Hurghada,hurghada,1,27.2579,33.8116,2025-12-24T04:45:00,1060.0,28,Aero First Class,0,420,NasrCity Station,Hurghada
Cairo,naser city,27,30.0561,31.33,Hurghada,hurghada,1,27.2579,33.8116,2025-12-24T05:20:00,690.0,37,Elite Business Class M,0,420,NasrCity Station,Hurghada
Cairo,naser city,27,30.0561,31.33,Hurghada,hurghada,1,27.2579,33.8116,2025-12-24T06:15:00,690.0,56,Business Class DD,0,420,NasrCity Station,Hurghada
Cairo,naser city,27,30.0561,31.33,Hurghada,hurghada,1,27.2579,33.8116,2025-12-24T08:00:00,425.0,49,Super Go D,0,420,NasrCity Station,Hurghada
Cairo,naser city,27,30.0561,31.33,Hurghada,hurghada,1,27.2579,33.8116,2025-12-24T09:00:00,690.0,56,Business Class DD,0,420,NasrCity Station,Hurghada
Cairo,naser city,27,30.0561,31.33,Hurghada,hurghada,1,27.2579,33.8116,2025-12-24T09:51:00,425.0,49,Super Go D,0,420,NasrCity Station,Hurghada
Cairo,naser city,27,30.0561,31.33,Hurghada,hurghada,1,27.2579,33.8116,2025-12-24T11:30:00,425.0,49,Super Go D,0,420,NasrCity Station,Hurghada
Cairo,naser city,27,30.0561,31.33,Hurghada,hurghada,1,27.2579,33.8116,2025-12-24T12:46:00,690.0,37,Elite Business Class M,0,420,NasrCity Station,Hurghada
Cairo,naser city,27,30.0561,31.33,Hurghada,hurghada,1,27.2579,33.8116,2025-12-24T13:45:00,425.0,49,Super Go D,0,420,NasrCity Station,Hurghada
Cairo,naser city,27,30.0561,31.33,Hurghada,hurghada,1,27.2579,33.8116,2025-12-24T14:45:00,690.0,37,Elite Business Class M,0,420,NasrCity Station,Hurghada
Cairo,naser city,27,30.0561,31.33,Hurghada,hurghada,1,27.2579,33.8116,2025-12-24T16:56:00,425.0,49,Super Go D,0,420,NasrCity Station,Hurghada
Cairo,naser city,27,30.0561,31.33,Hurghada,hurghada,1,27.2579,33.8116,2025-12-24T18:21:00,1060.0,28,Aero First Class,0,420,NasrCity Station,Hurghada
Cairo,naser city,27,30.0561,31.33,Hurghada,hurghada,1,27.2579,33.8116,2025-12-24T19:46:00,690.0,37,Elite Business Class M,0,420,NasrCity Station,Hurghada
Cairo,naser city,27,30.0561,31.33,Hurghada,hurghada,1,27.2579,33.8116,2025-12-24T21:45:00,425.0,49,Super Go D,0,420,NasrCity Station,Hurghada
Cairo,naser city,27,30.0561,31.33,Hurghada,hurghada,1,27.2579,33.8116,2025-12-24T23:45:00,425.0,49,Super Go D,0,420,NasrCity Station,Hurghada
Cairo,naser city,27,30.0561,31.33,Sharm el Shiekh,Royssat,3,27.8736,34.3033,2025-12-24T00:16:00,400.0,49,Super Go D,0,480,NasrCity Station,Sharm-Royssat
Cairo,naser city,27,30.0561,31.33,Sharm el Shiekh,Royssat,3,27.8736,34.3033,2025-12-24T01:55:00,400.0,49,Super Go D,0,480,NasrCity Station,Sharm-Royssat
Cairo,naser city,27,30.0561,31.33,Sharm el Shiekh,Royssat,3,27.8736,34.3033,2025-12-24T03:05:00,585.0,37,Elite Business Class M,0,480,NasrCity Station,Sharm-Royssat
Cairo,naser city,27,30.0561,31.33,Sharm el Shiekh,Royssat,3,27.8736,34.3033,2025-12-24T03:16:00,585.0,56,Business Class DD,0,480,NasrCity Station,Sharm-Royssat
Cairo,naser city,27,30.0561,31.33,Sharm el Shiekh,Royssat,3,27.8736,34.3033,2025-12-24T03:40:00,400.0,49,Super Go D,0,480,NasrCity Station,Sharm-Royssat
Cairo,naser city,27,30.0561,31.33,Sharm el Shiekh,Royssat,3,27.8736,34.3033,2025-12-24T04:35:00,400.0,49,Super Go D,0,480,NasrCity Station,Sharm-Royssat
Cairo,naser city,27,30.0561,31.33,Sharm el Shiekh,Royssat,3,27.8736,34.3033,2025-12-24T05:29:00,585.0,37,Elite Business Class M,0,480,NasrCity Station,Sharm-Royssat
Cairo,naser city,27,30.0561,31.33,Sharm el Shiekh,Royssat,3,27.8736,34.3033,2025-12-24T09:16:00,400.0,49,Super Go D,0,480,NasrCity Station,Sharm-Royssat
Cairo,naser city,27,30.0561,31.33,Sharm el Shiekh,Royssat,3,27.8736,34.3033,2025-12-24T11:50:00,400.0,49,Super Go D,0,480,NasrCity Station,Sharm-Royssat
Cairo,naser city,27,30.0561,31.33,Sharm el Shiekh,Royssat,3,27.8736,34.3033,2025-12-24T14:46:00,585.0,37,Elite Business Class M,0,480,NasrCity Station,Sharm-Royssat
Cairo,naser city,27,30.0561,31.33,Sharm el Shiekh,Royssat,3,27.8736,34.3033,2025-12-24T20:20:00,585.0,56,Business Class DD,0,480,NasrCity Station,Sharm-Royssat
Cairo,naser city,27,30.0561,31.33,Sharm el Shiekh,Royssat,3,27.8736,34.3033,2025-12-24T23:15:00,400.0,49,Super Go D,0,480,NasrCity Station,Sharm-Royssat
Cairo,naser city,27,30.0561,31.33,Sharm el Shiekh,Sharm Gobus Station,51,27.9158,34.33,2025-12-24T00:00:00,585.0,37,Elite Business Class M,0,480,NasrCity Station,Sharm Gobus Station
Cairo,naser city,27,30.0561,31.33,Sharm el Shiekh,Sharm Gobus Station,51,27.9158,34.33,2025-12-24T01:14:00,585.0,56,Business Class DD,0,480,NasrCity Station,Sharm Gobus Station
Cairo,naser city,27,30.0561,31.33,Sharm el Shiekh,Sharm Gobus Station,51,27.9158,34.33,2025-12-24T02:40:00,400.0,49,Super Go D,0,480,NasrCity Station,Sharm Gobus Station
Cairo,naser city,27,30.0561,31.33,Sharm el Shiekh,Sharm Gobus Station,51,27.9158,34.33,2025-12-24T03:05:00,585.0,37,Elite Business Class M,0,480,NasrCity Station,Sharm Gobus Station
Cairo,naser city,27,30.0561,31.33,Sharm el Shiekh,Sharm Gobus Station,51,27.9158,34.33,2025-12-24T03:16:00,585.0,56,Business Class DD,0,480,NasrCity Station,Sharm Gobus Station
Cairo,naser city,27,30.0561,31.33,Sharm el Shiekh,Sharm Gobus Station,51,27.9158,34.33,2025-12-24T04:35:00,400.0,49,Super Go D,0,480,NasrCity Station,Sharm Gobus Station
Cairo,naser city,27,30.0561,31.33,Sharm el Shiekh,Sharm Gobus Station,51,27.9158,34.33,2025-12-24T04:55:00,400.0,49,Super Go D,0,480,NasrCity Station,Sharm Gobus Station
Cairo,naser city,27,30.0561,31.33,Sharm el Shiekh,Sharm Gobus Station,51,27.9158,34.33,2025-12-24T05:29:00,585.0,37,Elite Business Class M,0,480,NasrCity Station,Sharm Gobus Station
Cairo,naser city,27,30.0561,31.33,Sharm el Shiekh,Sharm Gobus Station,51,27.9158,34.33,2025-12-24T09:16:00,400.0,49,Super Go D,0,480,NasrCity Station,Sharm Gobus Station
Cairo,naser city,27,30.0561,31.33,Sharm el Shiekh,Sharm Gobus Station,51,27.9158,34.33,2025-12-24T20:20:00,585.0,56,Business Class DD,0,480,NasrCity Station,Sharm Gobus Station
Cairo,naser city,27,30.0561,31.33,Sharm el Shiekh,Sharm Gobus Station,51,27.9158,34.33,2025-12-24T23:15:00,400.0,49,Super Go D,0,480,NasrCity Station,Sharm Gobus Station
Cairo,naser city,27,30.0561,31.33,Alexandria,Sedi Gaber _ Smouha,64,31.2156,29.9424,2025-12-24T07:35:00,315.0,13,GoMini,6,180,"Nasr City, Go Bus station",Smouha
Cairo,naser city,27,30.0561,31.33,Alexandria,Sedi Gaber _ Smouha,64,31.2156,29.9424,2025-12-24T10:50:00,315.0,13,GoMini,6,180,"Nasr City, Go Bus station",Smouha
Cairo,naser city,27,30.0561,31.33,Alexandria,Sedi Gaber _ Smouha,64,31.2156,29.9424,2025-12-24T17:45:00,315.0,13,GoMini,6,180,"Nasr City, Go Bus station",Smouha
Cairo,naser city,27,30.0561,31.33,Alexandria,Sedi Gaber _ Smouha,64,31.2156,29.9424,2025-12-24T20:30:00,310.0,13,GoMini,6,180,"Nasr City, Go Bus station",Smouha
Cairo,naser city,27,30.0561,31.33,Alexandria,Moharam BK,18,31.1917,29.9187,2025-12-24T05:01:00,275.0,56,Business Class DD,0,180,NasrCity Station,Alex - Moharam BK
Cairo,naser city,27,30.0561,31.33,Alexandria,Moharam BK,18,31.1917,29.9187,2025-12-24T07:02:00,275.0,37,Elite Business Class M,0,180,NasrCity Station,Alex - Moharam BK
Cairo,naser city,27,30.0561,31.33,Alexandria,Moharam BK,18,31.1917,29.9187,2025-12-24T08:16:00,210.0,49,Super Go D,0,180,NasrCity Station,Alex - Moharam BK
Cairo,naser city,27,30.0561,31.33,Alexandria,Moharam BK,18,31.1917,29.9187,2025-12-24T09:45:00,210.0,49,Super Go D,0,180,NasrCity Station,Alex - Moharam BK
Cairo,naser city,27,30.0561,31.33,Alexandria,Moharam BK,18,31.1917,29.9187,2025-12-24T11:00:00,210.0,49,Super Go D,0,180,NasrCity Station,Alex - Moharam BK
Cairo,naser city,27,30.0561,31.33,Alexandria,Moharam BK,18,31.1917,29.9187,2025-12-24T12:30:00,210.0,49,Super Go D,0,180,NasrCity Station,Alex - Moharam BK
Cairo,naser city,27,30.0561,31.33,Alexandria,Moharam BK,18,31.1917,29.9187,2025-12-24T13:45:00,275.0,37,Elite Business Class M,0,180,NasrCity Station,Alex - Moharam BK
Cairo,naser city,27,30.0561,31.33,Alexandria,Moharam BK,18,31.1917,29.9187,2025-12-24T17:45:00,275.0,56,Business Class DD,0,180,NasrCity Station,Alex - Moharam BK
Cairo,naser city,27,30.0561,31.33,Alexandria,Moharam BK,18,31.1917,29.9187,2025-12-24T20:05:00,210.0,49,Super Go D,0,180,NasrCity Station,Alex - Moharam BK
Cairo,naser city,27,30.0561,31.33,Alexandria,Miami,145,31.2725,30.0126,2025-12-24T20:30:00,325.0,13,GoMini,6,180,"Nasr City, Go Bus station","Miami, 45 St."
Cairo,naser city,27,30.0561,31.33,Marsa Matrouh,Marsa Matrouh,68,31.3543,27.2373,2025-12-24T00:00:00,455.0,13,GoMini,6,300,"Nasr City, Go Bus station",Marsa Matrouh Main Office
Cairo,naser city,27,30.0561,31.33,Marsa Matrouh,Marsa Matrouh,68,31.3543,27.2373,2025-12-24T01:00:00,455.0,13,GoMini,6,300,"Nasr City, Go Bus station",Marsa Matrouh Main Office
Cairo,naser city,27,30.0561,31.33,Marsa Matrouh,Marsa Matrouh,68,31.3543,27.2373,2025-12-24T04:00:00,445.0,14,GoMini,6,300,"Nasr City, Go Bus station",Marsa Matrouh Main Office
Cairo,naser city,27,30.0561,31.33,Marsa Matrouh,Marsa Matrouh,68,31.3543,27.2373,2025-12-24T06:00:00,455.0,13,GoMini,6,300,"Nasr City, Go Bus station",Marsa Matrouh Main Office
Cairo,naser city,27,30.0561,31.33,Marsa Matrouh,Marsa Matrouh,68,31.3543,27.2373,2025-12-24T08:00:00,455.0,13,GoMini,6,300,"Nasr City, Go Bus station",Marsa Matrouh Main Office
Cairo,naser city,27,30.0561,31.33,Marsa Matrouh,Marsa Matrouh,68,31.3543,27.2373,2025-12-24T09:00:00,455.0,13,GoMini,6,300,"Nasr City, Go Bus station",Marsa Matrouh Main Office
Cairo,naser city,27,30.0561,31.33,Marsa Matrouh,Marsa Matrouh,68,31.3543,27.2373,2025-12-24T11:00:00,455.0,13,GoMini,6,300,"Nasr City, Go Bus station",Marsa Matrouh Main Office
Cairo,naser city,27,30.0561,31.33,Marsa Matrouh,Marsa Matrouh,68,31.3543,27.2373,2025-12-24T14:00:00,455.0,13,GoMini,6,300,"Nasr City, Go Bus station",Marsa Matrouh Main Office
Cairo,naser city,27,30.0561,31.33,Marsa Matrouh,Marsa Matrouh,68,31.3543,27.2373,2025-12-24T20:00:00,455.0,13,GoMini,6,300,"Nasr City, Go Bus station",Marsa Matrouh Main Office
Cairo,naser city,27,30.0561,31.33,Safaga,Safaga,10,26.7472,33.9389,2025-12-24T00:29:00,475.0,49,Super Go D,0,420,NasrCity Station,Safaga
Cairo,naser city,27,30.0561,31.33,Safaga,Safaga,10,26.7472,33.9389,2025-12-24T02:20:00,630.0,37,Elite Business Class M,0,420,NasrCity Station,Safaga
Cairo,naser city,27,30.0561,31.33,Marsa Allam,Marsa Allam,23,25.063,34.894,2025-12-24T00:29:00,620.0,49,Super Go D,0,600,NasrCity Station,Marsa Allam
Cairo,naser city,27,30.0561,31.33,Marsa Allam,Marsa Allam,23,25.063,34.894,2025-12-24T02:20:00,740.0,37,Elite Business Class M,0,600,NasrCity Station,Marsa Allam
Cairo,naser city,27,30.0561,31.33,Sokhna,Porto El Sokhna,26,29.4397,32.4867,2025-12-24T08:45:00,190.0,49,Super Go D,0,120,NasrCity Station,Porto El Sokhna
Cairo,naser city,27,30.0561,31.33,Sokhna,Porto El Sokhna,26,29.4397,32.4867,2025-12-24T11:30:00,190.0,49,Super Go D,0,120,NasrCity Station,Porto El Sokhna
Cairo,naser city,27,30.0561,31.33,Sokhna,Porto South Beach,245,29.4405,32.489,2025-12-24T08:45:00,190.0,49,Super Go D,0,120,NasrCity Station,Porto South Beach
Cairo,naser city,27,30.0561,31.33,Sokhna,Cancun,164,29.46,32.46,2025-12-24T08:45:00,190.0,49,Super Go D,0,120,NasrCity Station,Cancun
Cairo,naser city,27,30.0561,31.33,Sokhna,Mountain View 1 (Dayra Camp),1164,29.48,32.44,2025-12-24T08:45:00,190.0,49,Super Go D,0,120,NasrCity Station,Mountain View 1 (Dayra Camp)
Cairo,naser city,27,30.0561,31.33,Sokhna,Grand Ocean,188,29.455,32.455,2025-12-24T08:45:00,190.0,49,Super Go D,0,120,NasrCity Station,Grand Ocean
Cairo,naser city,27,30.0561,31.33,Qena,Qena,63,26.1551,32.716,2025-12-24T01:10:00,445.0,49,Super Go D,0,480,NasrCity Station,Qena
Cairo,naser city,27,30.0561,31.33,Qena,Qena,63,26.1551,32.716,2025-12-24T01:50:00,700.0,37,Elite Business Class M,0,480,NasrCity Station,Qena
Cairo,naser city,27,30.0561,31.33,Qena,Qena,63,26.1551,32.716,2025-12-24T02:25:00,445.0,49,Super Go D,0,480,NasrCity Station,Qena
Cairo,naser city,27,30.0561,31.33,Qena,Qena,63,26.1551,32.716,2025-12-24T11:00:00,445.0,49,Super Go D,0,480,NasrCity Station,Qena
Cairo,naser city,27,30.0561,31.33,Qena,Qena,63,26.1551,32.716,2025-12-24T13:46:00,700.0,37,Elite Business Class M,0,480,NasrCity Station,Qena
Cairo,naser city,27,30.0561,31.33,Qena,Qena,63,26.1551,32.716,2025-12-24T18:46:00,700.0,37,Elite Business Class V,0,480,NasrCity Station,Qena
Cairo,naser city,27,30.0561,31.33,Qena,Qena,63,26.1551,32.716,2025-12-24T20:20:00,395.0,49,Economy,0,480,NasrCity Station,Qena
Cairo,naser city,27,30.0561,31.33,Qena,Qena,63,26.1551,32.716,2025-12-24T22:25:00,395.0,49,Economy,0,480,NasrCity Station,Qena
Cairo,naser city,27,30.0561,31.33,Qena,Qena,63,26.1551,32.716,2025-12-24T23:16:00,700.0,56,Business Class DD,0,480,NasrCity Station,Qena
Cairo,naser city,27,30.0561,31.33,Luxor,Luxor,57,25.6872,32.6396,2025-12-24T01:10:00,485.0,49,Super Go D,0,600,NasrCity Station,Luxor
Cairo,naser city,27,30.0561,31.33,Luxor,Luxor,57,25.6872,32.6396,2025-12-24T01:50:00,795.0,37,Elite Business Class M,0,600,NasrCity Station,Luxor
Cairo,naser city,27,30.0561,31.33,Luxor,Luxor,57,25.6872,32.6396,2025-12-24T02:25:00,485.0,49,Super Go D,0,600,NasrCity Station,Luxor
Cairo,naser city,27,30.0561,31.33,Luxor,Luxor,57,25.6872,32.6396,2025-12-24T11:00:00,485.0,49,Super Go D,0,600,NasrCity Station,Luxor
Cairo,naser city,27,30.0561,31.33,Luxor,Luxor,57,25.6872,32.6396,2025-12-24T13:46:00,795.0,37,Elite Business Class M,0,600,NasrCity Station,Luxor
Cairo,naser city,27,30.0561,31.33,Luxor,Luxor,57,25.6872,32.6396,2025-12-24T18:46:00,795.0,37,Elite Business Class V,0,600,NasrCity Station,Luxor
Cairo,naser city,27,30.0561,31.33,Luxor,Luxor,57,25.6872,32.6396,2025-12-24T20:20:00,455.0,49,Economy,0,600,NasrCity Station,Luxor
Cairo,naser city,27,30.0561,31.33,Luxor,Luxor,57,25.6872,32.6396,2025-12-24T22:25:00,455.0,49,Economy,0,600,NasrCity Station,Luxor
Cairo,naser city,27,30.0561,31.33,Luxor,Luxor,57,25.6872,32.6396,2025-12-24T23:16:00,795.0,56,Business Class DD,0,600,NasrCity Station,Luxor
Cairo,naser city,27,30.0561,31.33,Assiut,Assiut,36,27.1809,31.1837,2025-12-24T03:01:00,530.0,56,Business Class DD,0,360,NasrCity Station,Assiut
Cairo,naser city,27,30.0561,31.33,Assiut,Assiut,36,27.1809,31.1837,2025-12-24T03:10:00,320.0,49,Economy,0,360,NasrCity Station,Assiut
Cairo,naser city,27,30.0561,31.33,Assiut,Assiut,36,27.1809,31.1837,2025-12-24T07:40:00,320.0,49,Super Go D,0,360,NasrCity Station,Assiut
Cairo,naser city,27,30.0561,31.33,Assiut,Assiut,36,27.1809,31.1837,2025-12-24T14:29:00,530.0,37,Elite Business Class V,0,360,NasrCity Station,Assiut
Cairo,naser city,27,30.0561,31.33,Assiut,Assiut,36,27.1809,31.1837,2025-12-24T14:59:00,320.0,49,Economy,0,360,NasrCity Station,Assiut
Cairo,naser city,27,30.0561,31.33,Assiut,Assiut,36,27.1809,31.1837,2025-12-24T18:01:00,530.0,56,Business Class DD,0,360,NasrCity Station,Assiut
Cairo,naser city,27,30.0561,31.33,Assiut,Assiut,36,27.1809,31.1837,2025-12-24T19:16:00,320.0,49,Super Go D,0,360,NasrCity Station,Assiut
Cairo,naser city,27,30.0561,31.33,Assiut,Assiut,36,27.1809,31.1837,2025-12-24T21:00:00,320.0,49,Super Go D,0,360,NasrCity Station,Assiut
Cairo,naser city,27,30.0561,31.33,Assiut,Assiut,36,27.1809,31.1837,2025-12-24T22:00:00,320.0,49,Super Go D,0,360,NasrCity Station,Assiut
Cairo,naser city,27,30.0561,31.33,Makadi,Makadi,21,26.9917,33.8997,2025-12-24T02:30:00,530.0,49,Super Go D,0,480,NasrCity Station,Makadi
Cairo,naser city,27,30.0561,31.33,Dahab,Dahab,40,28.5,34.5167,2025-12-24T00:00:00,850.0,37,Elite Business Class M,0,600,NasrCity Station,Dahab
Cairo,naser city,27,30.0561,31.33,Dahab,Dahab,40,28.5,34.5167,2025-12-24T01:14:00,850.0,56,Business Class DD,0,600,NasrCity Station,Dahab
Cairo,naser city,27,30.0561,31.33,Dahab,Dahab,40,28.5,34.5167,2025-12-24T02:40:00,530.0,49,Super Go D,0,600,NasrCity Station,Dahab
Cairo,naser city,27,30.0561,31.33,Dahab,Dahab,40,28.5,34.5167,2025-12-24T03:05:00,850.0,37,Elite Business Class M,0,600,NasrCity Station,Dahab
Cairo,naser city,27,30.0561,31.33,Dahab,Dahab,40,28.5,34.5167,2025-12-24T04:35:00,530.0,49,Super Go D,0,600,NasrCity Station,Dahab
Cairo,naser city,27,30.0561,31.33,Dahab,Dahab,40,28.5,34.5167,2025-12-24T04:55:00,530.0,49,Super Go D,0,600,NasrCity Station,Dahab
Cairo,naser city,27,30.0561,31.33,Dahab,Dahab,40,28.5,34.5167,2025-12-24T23:00:00,530.0,49,Super Go D,0,600,NasrCity Station,Dahab
Cairo,naser city,27,30.0561,31.33,Nuweiba,Nuweiba,106,29.0333,34.6667,2025-12-24T23:00:00,640.0,49,Super Go D,0,720,NasrCity Station,Nuweiba
Cairo,naser city,27,30.0561,31.33,Al Menia,El-Minya,104,28.0871,30.7618,2025-12-24T10:59:00,200.0,49,Super Go D,0,240,NasrCity Station,El-Minya GoBus
Cairo,naser city,27,30.0561,31.33,Al Menia,El-Minya,104,28.0871,30.7618,2025-12-24T14:45:00,200.0,49,Super Go D,0,240,NasrCity Station,El-Minya GoBus
Cairo,naser city,27,30.0561,31.33,Al Menia,El-Minya,104,28.0871,30.7618,2025-12-24T21:00:00,200.0,49,Super Go D,0,240,NasrCity Station,El-Minya GoBus
Cairo,naser city,27,30.0561,31.33,Taba,Taba Heights,129,29.489,34.896,2025-12-24T23:00:00,635.0,49,Super Go D,0,360,NasrCity Station,Taba Heights
Cairo,naser city,27,30.0561,31.33,Sahl Hashesh,Sahl Hashesh,22,27.0397,33.8922,2025-12-24T02:30:00,455.0,49,Super Go D,0,360,NasrCity Station,Sahl Hashesh
Cairo,naser city,27,30.0561,31.33,Mallawy,Mallawy,105,27.7317,30.8417,2025-12-24T10:59:00,220.0,49,Super Go D,0,360,NasrCity Station,Mallawy
Cairo,naser city,27,30.0561,31.33,Mallawy,Mallawy,105,27.7317,30.8417,2025-12-24T14:45:00,220.0,49,Super Go D,0,360,NasrCity Station,Mallawy
Cairo,naser city,27,30.0561,31.33,Mallawy,Mallawy,105,27.7317,30.8417,2025-12-24T21:00:00,220.0,49,Super Go D,0,360,NasrCity Station,Mallawy
Cairo,naser city,27,30.0561,31.33,Al Quseir,Al Quseir,24,26.1062,34.2831,2025-12-24T00:29:00,585.0,49,Super Go D,0,360,NasrCity Station,Al Quseir
Cairo,naser city,27,30.0561,31.33,Al Quseir,Al Quseir,24,26.1062,34.2831,2025-12-24T02:20:00,650.0,37,Elite Business Class M,0,360,NasrCity Station,Al Quseir
Cairo,naser city,27,30.0561,31.33,Soma Bay,Soma Bay,202,26.8,34.0,2025-12-24T02:30:00,600.0,49,Super Go D,0,465,NasrCity Station,Soma Bay
Cairo,naser city,27,30.0561,31.33,Mansoura,Mansoura,30,31.0364,31.3807,2025-12-24T06:35:00,240.0,13,GoMini,6,360,"Nasr City, Go Bus station","Mansoura, Army St"
Cairo,naser city,27,30.0561,31.33,Mansoura,Mansoura,30,31.0364,31.3807,2025-12-24T10:15:00,240.0,13,GoMini,6,360,"Nasr City, Go Bus station","Mansoura, Army St"
Cairo,naser city,27,30.0561,31.33,Mansoura,Mansoura,30,31.0364,31.3807,2025-12-24T11:15:00,240.0,13,GoMini,6,360,"Nasr City, Go Bus station","Mansoura, Army St"
Cairo,naser city,27,30.0561,31.33,Mansoura,Mansoura,30,31.0364,31.3807,2025-12-24T12:15:00,230.0,14,GoMini,6,360,"Nasr City, Go Bus station","Mansoura, Army St"
Cairo,naser city,27,30.0561,31.33,Mansoura,Mansoura,30,31.0364,31.3807,2025-12-24T17:05:00,230.0,13,GoMini,6,360,"Nasr City, Go Bus station","Mansoura, Army St"
Cairo,naser city,27,30.0561,31.33,Mansoura,Mansoura,30,31.0364,31.3807,2025-12-24T18:05:00,240.0,13,GoMini,6,360,"Nasr City, Go Bus station","Mansoura, Army St"
Cairo,naser city,27,30.0561,31.33,Mansoura,Mansoura,30,31.0364,31.3807,2025-12-24T19:05:00,240.0,13,GoMini,6,360,"Nasr City, Go Bus station","Mansoura, Army St"
Cairo,naser city,27,30.0561,31.33,Mansoura,Mansoura,30,31.0364,31.3807,2025-12-24T20:05:00,230.0,14,GoMini,6,360,"Nasr City, Go Bus station","Mansoura, Army St"
Cairo,naser city,27,30.0561,31.33,Mansoura,Mansoura,30,31.0364,31.3807,2025-12-24T23:05:00,230.0,14,GoMini,6,360,"Nasr City, Go Bus station","Mansoura, Army St"
Cairo,naser city,27,30.0561,31.33,El Dabaa,الضبعة,10099,31.0354,28.4368,2025-12-24T00:00:00,420.0,13,GoMini,6,360,"Nasr City, Go Bus station",EL Dabaa
Cairo,naser city,27,30.0561,31.33,El Dabaa,الضبعة,10099,31.0354,28.4368,2025-12-24T01:00:00,420.0,13,GoMini,6,360,"Nasr City, Go Bus station",EL Dabaa
Cairo,naser city,27,30.0561,31.33,El Dabaa,الضبعة,10099,31.0354,28.4368,2025-12-24T04:00:00,410.0,14,GoMini,6,360,"Nasr City, Go Bus station",EL Dabaa
Cairo,naser city,27,30.0561,31.33,El Dabaa,الضبعة,10099,31.0354,28.4368,2025-12-24T06:00:00,420.0,13,GoMini,6,360,"Nasr City, Go Bus station",EL Dabaa
Cairo,naser city,27,30.0561,31.33,El Dabaa,الضبعة,10099,31.0354,28.4368,2025-12-24T08:00:00,420.0,13,GoMini,6,360,"Nasr City, Go Bus station",EL Dabaa
Cairo,naser city,27,30.0561,31.33,El Dabaa,الضبعة,10099,31.0354,28.4368,2025-12-24T09:00:00,420.0,13,GoMini,6,360,"Nasr City, Go Bus station",EL Dabaa
Cairo,naser city,27,30.0561,31.33,El Dabaa,الضبعة,10099,31.0354,28.4368,2025-12-24T11:00:00,420.0,13,GoMini,6,360,"Nasr City, Go Bus station",EL Dabaa
Cairo,naser city,27,30.0561,31.33,El Dabaa,الضبعة,10099,31.0354,28.4368,2025-12-24T14:00:00,420.0,13,GoMini,6,360,"Nasr City, Go Bus station",EL Dabaa
Cairo,naser city,27,30.0561,31.33,El Dabaa,الضبعة,10099,31.0354,28.4368,2025-12-24T20:00:00,420.0,13,GoMini,6,360,"Nasr City, Go Bus station",EL Dabaa
Cairo,naser city,27,30.0561,31.33,Port Said,Port Said Downtown,378,31.2653,32.3019,2025-12-24T01:00:00,250.0,14,High ace Toyota,6,150,"Nasr City, Go Bus station","Port Said, Downtown"
Cairo,naser city,27,30.0561,31.33,Port Said,Port Said Downtown,378,31.2653,32.3019,2025-12-24T07:00:00,250.0,14,High ace Toyota,6,150,"Nasr City, Go Bus station","Port Said, Downtown"
Cairo,naser city,27,30.0561,31.33,Port Said,Port Said Downtown,378,31.2653,32.3019,2025-12-24T11:00:00,250.0,14,High ace Toyota,6,150,"Nasr City, Go Bus station","Port Said, Downtown"
Cairo,naser city,27,30.0561,31.33,Port Said,Port Said Downtown,378,31.2653,32.3019,2025-12-24T14:00:00,250.0,14,High ace Toyota,6,150,"Nasr City, Go Bus station","Port Said, Downtown"
Cairo,naser city,27,30.0561,31.33,Port Said,Port Said Downtown,378,31.2653,32.3019,2025-12-24T15:30:00,250.0,14,High ace Toyota,6,150,"Nasr City, Go Bus station","Port Said, Downtown"
Cairo,naser city,27,30.0561,31.33,Port Said,Port Said Downtown,378,31.2653,32.3019,2025-12-24T17:30:00,250.0,14,High ace Toyota,6,150,"Nasr City, Go Bus station","Port Said, Downtown"
Cairo,naser city,27,30.0561,31.33,Port Said,Port Said Downtown,378,31.2653,32.3019,2025-12-24T19:00:00,250.0,14,High ace Toyota,6,150,"Nasr City, Go Bus station","Port Said, Downtown"
Cairo,naser city,27,30.0561,31.33,Port Said,Port Said Downtown,378,31.2653,32.3019,2025-12-24T21:00:00,250.0,14,High ace Toyota,6,150,"Nasr City, Go Bus station","Port Said, Downtown"
Cairo,naser city,27,30.0561,31.33,Port Said,Port Said Downtown,378,31.2653,32.3019,2025-12-24T23:15:00,250.0,14,High ace Toyota,6,150,"Nasr City, Go Bus station","Port Said, Downtown"
Cairo,naser city,27,30.0561,31.33,Port Said,Port Said,78,31.2653,32.3019,2025-12-24T07:45:00,160.0,49,Super Go D,0,150,NasrCity Station,Port Said Station
Cairo,naser city,27,30.0561,31.33,Port Said,Port Said,78,31.2653,32.3019,2025-12-24T14:45:00,220.0,37,Elite Business Class M,0,150,NasrCity Station,Port Said Station
Cairo,naser city,27,30.0561,31.33,Port Said,Port Said,78,31.2653,32.3019,2025-12-24T19:31:00,160.0,46,Super Go D,0,150,NasrCity Station,Port Said Station
Cairo,naser city,27,30.0561,31.33,Port Said,Port Said,78,31.2653,32.3019,2025-12-24T22:32:00,160.0,49,Super Go D,0,150,NasrCity Station,Port Said Station
Cairo,naser city,27,30.0561,31.33,El Gona,El Gouna,7,27.39,33.68,2025-12-24T01:45:00,425.0,49,Super Go D,0,420,NasrCity Station,El Gouna
Cairo,naser city,27,30.0561,31.33,El Gona,El Gouna,7,27.39,33.68,2025-12-24T02:00:00,690.0,56,Business Class DD,0,420,NasrCity Station,El Gouna
Cairo,naser city,27,30.0561,31.33,El Gona,El Gouna,7,27.39,33.68,2025-12-24T02:31:00,1060.0,28,Aero First Class,0,420,NasrCity Station,El Gouna
Cairo,naser city,27,30.0561,31.33,El Gona,El Gouna,7,27.39,33.68,2025-12-24T04:45:00,1060.0,28,Aero First Class,0,420,NasrCity Station,El Gouna
Cairo,naser city,27,30.0561,31.33,El Gona,El Gouna,7,27.39,33.68,2025-12-24T05:20:00,690.0,37,Elite Business Class M,0,420,NasrCity Station,El Gouna
Cairo,naser city,27,30.0561,31.33,El Gona,El Gouna,7,27.39,33.68,2025-12-24T06:15:00,690.0,56,Business Class DD,0,420,NasrCity Station,El Gouna
Cairo,naser city,27,30.0561,31.33,El Gona,El Gouna,7,27.39,33.68,2025-12-24T09:00:00,690.0,56,Business Class DD,0,420,NasrCity Station,El Gouna
Cairo,naser city,27,30.0561,31.33,El Gona,El Gouna,7,27.39,33.68,2025-12-24T13:45:00,425.0,49,Super Go D,0,420,NasrCity Station,El Gouna
Cairo,naser city,27,30.0561,31.33,El Gona,El Gouna,7,27.39,33.68,2025-12-24T16:56:00,425.0,49,Super Go D,0,420,NasrCity Station,El Gouna
Cairo,naser city,27,30.0561,31.33,El Gona,El Gouna,7,27.39,33.68,2025-12-24T19:46:00,690.0,37,Elite Business Class M,0,420,NasrCity Station,El Gouna
Cairo,naser city,27,30.0561,31.33,El Gona,El Gouna,7,27.39,33.68,2025-12-24T23:45:00,425.0,49,Super Go D,0,420,NasrCity Station,El Gouna
Cairo,nady el sekka,9,30.061,31.2467,Hurghada,hurghada,1,27.2579,33.8116,2025-12-24T03:00:00,550.0,13,GoMini,6,420,Nasr City (Nadi El-Sekka),"Go Bus Station, Nasr Road"
Cairo,nady el sekka,9,30.061,31.2467,Hurghada,hurghada,1,27.2579,33.8116,2025-12-24T06:00:00,550.0,13,GoMini,6,420,Nasr City (Nadi El-Sekka),"Go Bus Station, Nasr Road"
Cairo,nady el sekka,9,30.061,31.2467,Hurghada,hurghada,1,27.2579,33.8116,2025-12-24T10:00:00,550.0,13,GoMini,6,420,Nasr City (Nadi El-Sekka),"Go Bus Station, Nasr Road"
Cairo,nady el sekka,9,30.061,31.2467,Hurghada,hurghada,1,27.2579,33.8116,2025-12-24T22:45:00,550.0,13,GoMini,6,420,Nasr City (Nadi El-Sekka),"Go Bus Station, Nasr Road"
Cairo,nady el sekka,9,30.061,31.2467,Sharm el Shiekh,Royssat,3,27.8736,34.3033,2025-12-24T01:45:00,660.0,13,GoMini,6,480,Nasr City (Nadi El-Sekka),Rowisat
Cairo,nady el sekka,9,30.061,31.2467,Sharm el Shiekh,Royssat,3,27.8736,34.3033,2025-12-24T03:45:00,660.0,13,GoMini,6,480,Nasr City (Nadi El-Sekka),Rowisat
Cairo,nady el sekka,9,30.061,31.2467,Sharm el Shiekh,Royssat,3,27.8736,34.3033,2025-12-24T07:05:00,660.0,13,GoMini,6,480,Nasr City (Nadi El-Sekka),Rowisat
Cairo,nady el sekka,9,30.061,31.2467,Sharm el Shiekh,Royssat,3,27.8736,34.3033,2025-12-24T09:30:00,660.0,13,GoMini,6,480,Nasr City (Nadi El-Sekka),Rowisat
Cairo,nady el sekka,9,30.061,31.2467,Sharm el Shiekh,Royssat,3,27.8736,34.3033,2025-12-24T13:45:00,660.0,13,GoMini,6,480,Nasr City (Nadi El-Sekka),Rowisat
Cairo,nady el sekka,9,30.061,31.2467,Sharm el Shiekh,Royssat,3,27.8736,34.3033,2025-12-24T16:30:00,620.0,14,GoMini,6,480,Nasr City (Nadi El-Sekka),Rowisat
Cairo,nady el sekka,9,30.061,31.2467,Sharm el Shiekh,Royssat,3,27.8736,34.3033,2025-12-24T19:30:00,620.0,14,GoMini,6,480,Nasr City (Nadi El-Sekka),Rowisat
Cairo,nady el sekka,9,30.061,31.2467,Sharm el Shiekh,Royssat,3,27.8736,34.3033,2025-12-24T22:45:00,660.0,13,GoMini,6,480,Nasr City (Nadi El-Sekka),Rowisat
Cairo,nady el sekka,9,30.061,31.2467,Sharm el Shiekh,Royssat,3,27.8736,34.3033,2025-12-24T23:45:00,660.0,13,GoMini,6,480,Nasr City (Nadi El-Sekka),Rowisat
Cairo,nady el sekka,9,30.061,31.2467,Sharm el Shiekh,Sharm Gobus Station,51,27.9158,34.33,2025-12-24T01:45:00,660.0,13,GoMini,6,480,Nasr City (Nadi El-Sekka),Sharm El-Sheikh Station
Cairo,nady el sekka,9,30.061,31.2467,Sharm el Shiekh,Sharm Gobus Station,51,27.9158,34.33,2025-12-24T03:45:00,660.0,13,GoMini,6,480,Nasr City (Nadi El-Sekka),Sharm El-Sheikh Station
Cairo,nady el sekka,9,30.061,31.2467,Sharm el Shiekh,Sharm Gobus Station,51,27.9158,34.33,2025-12-24T07:05:00,660.0,13,GoMini,6,480,Nasr City (Nadi El-Sekka),Sharm El-Sheikh Station
Cairo,nady el sekka,9,30.061,31.2467,Sharm el Shiekh,Sharm Gobus Station,51,27.9158,34.33,2025-12-24T09:30:00,660.0,13,GoMini,6,480,Nasr City (Nadi El-Sekka),Sharm El-Sheikh Station
Cairo,nady el sekka,9,30.061,31.2467,Sharm el Shiekh,Sharm Gobus Station,51,27.9158,34.33,2025-12-24T13:45:00,660.0,13,GoMini,6,480,Nasr City (Nadi El-Sekka),Sharm El-Sheikh Station
Cairo,nady el sekka,9,30.061,31.2467,Sharm el Shiekh,Sharm Gobus Station,51,27.9158,34.33,2025-12-24T16:30:00,620.0,14,GoMini,6,480,Nasr City (Nadi El-Sekka),Sharm El-Sheikh Station
Cairo,nady el sekka,9,30.061,31.2467,Sharm el Shiekh,Sharm Gobus Station,51,27.9158,34.33,2025-12-24T19:30:00,620.0,14,GoMini,6,480,Nasr City (Nadi El-Sekka),Sharm El-Sheikh Station
Cairo,nady el sekka,9,30.061,31.2467,Sharm el Shiekh,Sharm Gobus Station,51,27.9158,34.33,2025-12-24T22:45:00,660.0,13,GoMini,6,480,Nasr City (Nadi El-Sekka),Sharm El-Sheikh Station
Cairo,nady el sekka,9,30.061,31.2467,Sharm el Shiekh,Sharm Gobus Station,51,27.9158,34.33,2025-12-24T23:45:00,660.0,13,GoMini,6,480,Nasr City (Nadi El-Sekka),Sharm El-Sheikh Station
Cairo,nady el sekka,9,30.061,31.2467,Alexandria,Sedi Gaber _ Smouha,64,31.2156,29.9424,2025-12-24T07:00:00,310.0,14,GoMini,6,180,Nasr City (Nadi El-Sekka),Smouha
Cairo,nady el sekka,9,30.061,31.2467,Alexandria,Sedi Gaber _ Smouha,64,31.2156,29.9424,2025-12-24T08:00:00,310.0,14,GoMini,6,180,Nasr City (Nadi El-Sekka),Smouha
Cairo,nady el sekka,9,30.061,31.2467,Alexandria,Sedi Gaber _ Smouha,64,31.2156,29.9424,2025-12-24T11:45:00,310.0,14,GoMini,6,180,Nasr City (Nadi El-Sekka),Smouha
Cairo,nady el sekka,9,30.061,31.2467,Alexandria,Sedi Gaber _ Smouha,64,31.2156,29.9424,2025-12-24T19:00:00,310.0,14,GoMini,6,180,Nasr City (Nadi El-Sekka),Smouha
Cairo,nady el sekka,9,30.061,31.2467,Alexandria,Miami,145,31.2725,30.0126,2025-12-24T07:00:00,325.0,14,GoMini,6,180,Nasr City (Nadi El-Sekka),"Miami, 45 St."
Cairo,nady el sekka,9,30.061,31.2467,Alexandria,Miami,145,31.2725,30.0126,2025-12-24T08:00:00,325.0,14,GoMini,6,180,Nasr City (Nadi El-Sekka),"Miami, 45 St."
Cairo,nady el sekka,9,30.061,31.2467,Alexandria,Miami,145,31.2725,30.0126,2025-12-24T11:45:00,325.0,14,GoMini,6,180,Nasr City (Nadi El-Sekka),"Miami, 45 St."
Cairo,nady el sekka,9,30.061,31.2467,Alexandria,Miami,145,31.2725,30.0126,2025-12-24T19:00:00,325.0,14,GoMini,6,180,Nasr City (Nadi El-Sekka),"Miami, 45 St."
Cairo,nady el sekka,9,30.061,31.2467,Marsa Matrouh,Marsa Matrouh,68,31.3543,27.2373,2025-12-24T01:15:00,455.0,13,GoMini,6,300,Nasr City (Nadi El-Sekka),Marsa Matrouh Main Office
Cairo,nady el sekka,9,30.061,31.2467,Marsa Matrouh,Marsa Matrouh,68,31.3543,27.2373,2025-12-24T04:15:00,445.0,14,GoMini,6,300,Nasr City (Nadi El-Sekka),Marsa Matrouh Main Office
Cairo,nady el sekka,9,30.061,31.2467,Marsa Matrouh,Marsa Matrouh,68,31.3543,27.2373,2025-12-24T06:15:00,455.0,13,GoMini,6,300,Nasr City (Nadi El-Sekka),Marsa Matrouh Main Office
Cairo,nady el sekka,9,30.061,31.2467,Marsa Matrouh,Marsa Matrouh,68,31.3543,27.2373,2025-12-24T08:15:00,455.0,13,GoMini,6,300,Nasr City (Nadi El-Sekka),Marsa Matrouh Main Office
Cairo,nady el sekka,9,30.061,31.2467,Marsa Matrouh,Marsa Matrouh,68,31.3543,27.2373,2025-12-24T09:15:00,455.0,13,GoMini,6,300,Nasr City (Nadi El-Sekka),Marsa Matrouh Main Office
Cairo,nady el sekka,9,30.061,31.2467,Marsa Matrouh,Marsa Matrouh,68,31.3543,27.2373,2025-12-24T11:15:00,455.0,13,GoMini,6,300,Nasr City (Nadi El-Sekka),Marsa Matrouh Main Office
Cairo,nady el sekka,9,30.061,31.2467,Marsa Matrouh,Marsa Matrouh,68,31.3543,27.2373,2025-12-24T14:15:00,455.0,13,GoMini,6,300,Nasr City (Nadi El-Sekka),Marsa Matrouh Main Office
Cairo,nady el sekka,9,30.061,31.2467,Marsa Matrouh,Marsa Matrouh,68,31.3543,27.2373,2025-12-24T20:15:00,455.0,13,GoMini,6,300,Nasr City (Nadi El-Sekka),Marsa Matrouh Main Office
Cairo,nady el sekka,9,30.061,31.2467,Marsa Matrouh,Marsa Matrouh,68,31.3543,27.2373,2025-12-24T23:45:00,455.0,13,GoMini,6,300,Nasr City (Nadi El-Sekka),Marsa Matrouh Main Office
Cairo,nady el sekka,9,30.061,31.2467,Sokhna,Porto El Sokhna,26,29.4397,32.4867,2025-12-24T10:10:00,300.0,13,GoMini,6,120,Nasr City (Nadi El-Sekka),Porto Sokhna
Cairo,nady el sekka,9,30.061,31.2467,Sokhna,Porto South Beach,245,29.4405,32.489,2025-12-24T10:10:00,310.0,13,GoMini,6,120,Nasr City (Nadi El-Sekka),Porto South Beach
Cairo,nady el sekka,9,30.061,31.2467,Sokhna,Cancun,164,29.46,32.46,2025-12-24T10:10:00,320.0,13,GoMini,6,120,Nasr City (Nadi El-Sekka),Cancun
Cairo,nady el sekka,9,30.061,31.2467,Sokhna,Mountain View 1 (Dayra Camp),1164,29.48,32.44,2025-12-24T10:10:00,330.0,13,GoMini,6,120,Nasr City (Nadi El-Sekka),Mountain View 1 (Dayra Camp)
Cairo,nady el sekka,9,30.061,31.2467,Sokhna,Grand Ocean,188,29.455,32.455,2025-12-24T10:10:00,310.0,13,GoMini,6,120,Nasr City (Nadi El-Sekka),Grand Ocean
Cairo,nady el sekka,9,30.061,31.2467,Assiut,Assiut,36,27.1809,31.1837,2025-12-24T01:00:00,400.0,13,GoMini,6,360,Nasr City (Nadi El-Sekka),"Assiut, El Helaly"
Cairo,nady el sekka,9,30.061,31.2467,Assiut,Assiut,36,27.1809,31.1837,2025-12-24T02:15:00,400.0,13,GoMini,6,360,Nasr City (Nadi El-Sekka),"Assiut, El Helaly"
Cairo,nady el sekka,9,30.061,31.2467,Assiut,Assiut,36,27.1809,31.1837,2025-12-24T11:00:00,400.0,13,GoMini,6,360,Nasr City (Nadi El-Sekka),"Assiut, El Helaly"
Cairo,nady el sekka,9,30.061,31.2467,Assiut,Assiut,36,27.1809,31.1837,2025-12-24T15:30:00,400.0,14,High ace Toyota,6,360,Nasr City (Nadi El-Sekka),"Assiut, El Helaly"
Cairo,nady el sekka,9,30.061,31.2467,Assiut,Assiut,36,27.1809,31.1837,2025-12-24T18:46:00,320.0,49,Super Go D,0,360, Nady El sekka,Assiut
Cairo,nady el sekka,9,30.061,31.2467,Assiut,Assiut,36,27.1809,31.1837,2025-12-24T23:00:00,400.0,13,GoMini,6,360,Nasr City (Nadi El-Sekka),"Assiut, El Helaly"
Cairo,nady el sekka,9,30.061,31.2467,Ras Sedr,Matarma Bay_ Ras Sedr,197,29.6,32.71,2025-12-24T09:00:00,325.0,14,GoMini,6,240,Nasr City (Nadi El-Sekka),Matar Mabay
Cairo,nady el sekka,9,30.061,31.2467,Ras Sedr,Matarma Bay_ Ras Sedr,197,29.6,32.71,2025-12-24T18:45:00,325.0,14,GoMini,6,240,Nasr City (Nadi El-Sekka),Matar Mabay
Cairo,nady el sekka,9,30.061,31.2467,Ras Sedr,Tavira_ Ras Sedr,366,29.585,32.725,2025-12-24T09:00:00,340.0,14,GoMini,6,240,Nasr City (Nadi El-Sekka),Tavira
Cairo,nady el sekka,9,30.061,31.2467,Ras Sedr,Tavira_ Ras Sedr,366,29.585,32.725,2025-12-24T18:45:00,340.0,14,GoMini,6,240,Nasr City (Nadi El-Sekka),Tavira
Cairo,nady el sekka,9,30.061,31.2467,Ras Sedr,Lahaisenda_ Ras Sedr,367,29.61,32.7,2025-12-24T09:00:00,340.0,14,GoMini,6,240,Nasr City (Nadi El-Sekka),La Hacienda
Cairo,nady el sekka,9,30.061,31.2467,Ras Sedr,Lahaisenda_ Ras Sedr,367,29.61,32.7,2025-12-24T18:45:00,340.0,14,GoMini,6,240,Nasr City (Nadi El-Sekka),La Hacienda
Cairo,nady el sekka,9,30.061,31.2467,Ras Sedr,Nozha Beach,611,29.58,32.735,2025-12-24T09:00:00,310.0,14,GoMini,6,240,Nasr City (Nadi El-Sekka),Nozha Beach
Cairo,nady el sekka,9,30.061,31.2467,Ras Sedr,Nozha Beach,611,29.58,32.735,2025-12-24T18:45:00,310.0,14,GoMini,6,240,Nasr City (Nadi El-Sekka),Nozha Beach
Cairo,nady el sekka,9,30.061,31.2467,Dahab,Dahab,40,28.5,34.5167,2025-12-24T00:29:00,660.0,13,GoMini,6,600,Nasr City (Nadi El-Sekka),"El Mashraba, El Masbat St"
Cairo,nady el sekka,9,30.061,31.2467,Dahab,Dahab,40,28.5,34.5167,2025-12-24T01:30:00,660.0,13,GoMini,6,600,Nasr City (Nadi El-Sekka),"El Mashraba, El Masbat St"
Cairo,nady el sekka,9,30.061,31.2467,Dahab,Dahab,40,28.5,34.5167,2025-12-24T02:30:00,660.0,13,GoMini,6,600,Nasr City (Nadi El-Sekka),"El Mashraba, El Masbat St"
Cairo,nady el sekka,9,30.061,31.2467,Dahab,Dahab,40,28.5,34.5167,2025-12-24T03:30:00,660.0,13,GoMini,6,600,Nasr City (Nadi El-Sekka),"El Mashraba, El Masbat St"
Cairo,nady el sekka,9,30.061,31.2467,Dahab,Dahab,40,28.5,34.5167,2025-12-24T05:30:00,660.0,13,GoMini,6,600,Nasr City (Nadi El-Sekka),"El Mashraba, El Masbat St"
Cairo,nady el sekka,9,30.061,31.2467,Dahab,Dahab,40,28.5,34.5167,2025-12-24T08:30:00,660.0,13,GoMini,6,600,Nasr City (Nadi El-Sekka),"El Mashraba, El Masbat St"
Cairo,nady el sekka,9,30.061,31.2467,Dahab,Dahab,40,28.5,34.5167,2025-12-24T10:30:00,650.0,14,GoMini,6,600,Nasr City (Nadi El-Sekka),"El Mashraba, El Masbat St"
Cairo,nady el sekka,9,30.061,31.2467,Dahab,Dahab,40,28.5,34.5167,2025-12-24T14:30:00,660.0,13,GoMini,6,600,Nasr City (Nadi El-Sekka),"El Mashraba, El Masbat St"
Cairo,nady el sekka,9,30.061,31.2467,Dahab,Dahab,40,28.5,34.5167,2025-12-24T18:30:00,650.0,14,GoMini,6,600,Nasr City (Nadi El-Sekka),"El Mashraba, El Masbat St"
Cairo,nady el sekka,9,30.061,31.2467,Dahab,Dahab,40,28.5,34.5167,2025-12-24T22:30:00,660.0,13,GoMini,6,600,Nasr City (Nadi El-Sekka),"El Mashraba, El Masbat St"
Cairo,nady el sekka,9,30.061,31.2467,Nuweiba,Nuweiba,106,29.0333,34.6667,2025-12-24T02:00:00,600.0,13,GoMini,6,720,Nasr City (Nadi El-Sekka),Sayadeen Village-Red Sea Riviera
Cairo,nady el sekka,9,30.061,31.2467,Mansoura,Mansoura,30,31.0364,31.3807,2025-12-24T06:50:00,235.0,13,GoMini,6,360,Nasr City (Nadi El-Sekka),"Mansoura, Army St"
Cairo,nady el sekka,9,30.061,31.2467,Mansoura,Mansoura,30,31.0364,31.3807,2025-12-24T09:00:00,235.0,13,GoMini,6,360,Nasr City (Nadi El-Sekka),"Mansoura, Army St"
Cairo,nady el sekka,9,30.061,31.2467,Mansoura,Mansoura,30,31.0364,31.3807,2025-12-24T10:30:00,235.0,13,GoMini,6,360,Nasr City (Nadi El-Sekka),"Mansoura, Army St"
Cairo,nady el sekka,9,30.061,31.2467,Mansoura,Mansoura,30,31.0364,31.3807,2025-12-24T11:30:00,235.0,13,GoMini,6,360,Nasr City (Nadi El-Sekka),"Mansoura, Army St"
Cairo,nady el sekka,9,30.061,31.2467,Mansoura,Mansoura,30,31.0364,31.3807,2025-12-24T12:30:00,225.0,14,GoMini,6,360,Nasr City (Nadi El-Sekka),"Mansoura, Army St"
Cairo,nady el sekka,9,30.061,31.2467,Mansoura,Mansoura,30,31.0364,31.3807,2025-12-24T17:20:00,225.0,13,GoMini,6,360,Nasr City (Nadi El-Sekka),"Mansoura, Army St"
Cairo,nady el sekka,9,30.061,31.2467,Mansoura,Mansoura,30,31.0364,31.3807,2025-12-24T18:20:00,235.0,13,GoMini,6,360,Nasr City (Nadi El-Sekka),"Mansoura, Army St"
Cairo,nady el sekka,9,30.061,31.2467,Mansoura,Mansoura,30,31.0364,31.3807,2025-12-24T19:20:00,235.0,13,GoMini,6,360,Nasr City (Nadi El-Sekka),"Mansoura, Army St"
Cairo,nady el sekka,9,30.061,31.2467,Mansoura,Mansoura,30,31.0364,31.3807,2025-12-24T20:20:00,225.0,14,GoMini,6,360,Nasr City (Nadi El-Sekka),"Mansoura, Army St"
Cairo,nady el sekka,9,30.061,31.2467,Mansoura,Mansoura,30,31.0364,31.3807,2025-12-24T23:20:00,225.0,14,GoMini,6,360,Nasr City (Nadi El-Sekka),"Mansoura, Army St"
Cairo,nady el sekka,9,30.061,31.2467,El Dabaa,الضبعة,10099,31.0354,28.4368,2025-12-24T01:15:00,420.0,13,GoMini,6,360,Nasr City (Nadi El-Sekka),EL Dabaa
Cairo,nady el sekka,9,30.061,31.2467,El Dabaa,الضبعة,10099,31.0354,28.4368,2025-12-24T04:15:00,410.0,14,GoMini,6,360,Nasr City (Nadi El-Sekka),EL Dabaa
Cairo,nady el sekka,9,30.061,31.2467,El Dabaa,الضبعة,10099,31.0354,28.4368,2025-12-24T06:15:00,420.0,13,GoMini,6,360,Nasr City (Nadi El-Sekka),EL Dabaa
Cairo,nady el sekka,9,30.061,31.2467,El Dabaa,الضبعة,10099,31.0354,28.4368,2025-12-24T08:15:00,420.0,13,GoMini,6,360,Nasr City (Nadi El-Sekka),EL Dabaa
Cairo,nady el sekka,9,30.061,31.2467,El Dabaa,الضبعة,10099,31.0354,28.4368,2025-12-24T09:15:00,420.0,13,GoMini,6,360,Nasr City (Nadi El-Sekka),EL Dabaa
Cairo,nady el sekka,9,30.061,31.2467,El Dabaa,الضبعة,10099,31.0354,28.4368,2025-12-24T11:15:00,420.0,13,GoMini,6,360,Nasr City (Nadi El-Sekka),EL Dabaa
Cairo,nady el sekka,9,30.061,31.2467,El Dabaa,الضبعة,10099,31.0354,28.4368,2025-12-24T14:15:00,420.0,13,GoMini,6,360,Nasr City (Nadi El-Sekka),EL Dabaa
Cairo,nady el sekka,9,30.061,31.2467,El Dabaa,الضبعة,10099,31.0354,28.4368,2025-12-24T20:15:00,420.0,13,GoMini,6,360,Nasr City (Nadi El-Sekka),EL Dabaa
Cairo,nady el sekka,9,30.061,31.2467,El Dabaa,الضبعة,10099,31.0354,28.4368,2025-12-24T23:45:00,420.0,13,GoMini,6,360,Nasr City (Nadi El-Sekka),EL Dabaa
Cairo,nady el sekka,9,30.061,31.2467,Port Said,Port Said Downtown,378,31.2653,32.3019,2025-12-24T01:15:00,250.0,14,High ace Toyota,6,150,Nasr City (Nadi El-Sekka),"Port Said, Downtown"
Cairo,nady el sekka,9,30.061,31.2467,Port Said,Port Said Downtown,378,31.2653,32.3019,2025-12-24T07:15:00,250.0,14,High ace Toyota,6,150,Nasr City (Nadi El-Sekka),"Port Said, Downtown"
Cairo,nady el sekka,9,30.061,31.2467,Port Said,Port Said Downtown,378,31.2653,32.3019,2025-12-24T10:05:00,250.0,14,High ace Toyota,6,150,Nasr City (Nadi El-Sekka),"Port Said, Downtown"
Cairo,nady el sekka,9,30.061,31.2467,Port Said,Port Said Downtown,378,31.2653,32.3019,2025-12-24T11:15:00,250.0,14,High ace Toyota,6,150,Nasr City (Nadi El-Sekka),"Port Said, Downtown"
Cairo,nady el sekka,9,30.061,31.2467,Port Said,Port Said Downtown,378,31.2653,32.3019,2025-12-24T13:05:00,250.0,14,High ace Toyota,6,150,Nasr City (Nadi El-Sekka),"Port Said, Downtown"
Cairo,nady el sekka,9,30.061,31.2467,Port Said,Port Said Downtown,378,31.2653,32.3019,2025-12-24T14:15:00,250.0,14,High ace Toyota,6,150,Nasr City (Nadi El-Sekka),"Port Said, Downtown"
Cairo,nady el sekka,9,30.061,31.2467,Port Said,Port Said Downtown,378,31.2653,32.3019,2025-12-24T15:45:00,250.0,14,High ace Toyota,6,150,Nasr City (Nadi El-Sekka),"Port Said, Downtown"
Cairo,nady el sekka,9,30.061,31.2467,Port Said,Port Said Downtown,378,31.2653,32.3019,2025-12-24T17:45:00,250.0,14,High ace Toyota,6,150,Nasr City (Nadi El-Sekka),"Port Said, Downtown"
Cairo,nady el sekka,9,30.061,31.2467,Port Said,Port Said Downtown,378,31.2653,32.3019,2025-12-24T19:15:00,250.0,14,High ace Toyota,6,150,Nasr City (Nadi El-Sekka),"Port Said, Downtown"
Cairo,nady el sekka,9,30.061,31.2467,Port Said,Port Said Downtown,378,31.2653,32.3019,2025-12-24T21:15:00,250.0,14,High ace Toyota,6,150,Nasr City (Nadi El-Sekka),"Port Said, Downtown"
Cairo,nady el sekka,9,30.061,31.2467,Port Said,Port Said Downtown,378,31.2653,32.3019,2025-12-24T22:35:00,250.0,14,High ace Toyota,6,150,Nasr City (Nadi El-Sekka),"Port Said, Downtown"
Cairo,nady el sekka,9,30.061,31.2467,Port Said,Port Said Downtown,378,31.2653,32.3019,2025-12-24T23:30:00,250.0,14,High ace Toyota,6,150,Nasr City (Nadi El-Sekka),"Port Said, Downtown"
Cairo,nady el sekka,9,30.061,31.2467,Port Said,Port Said,78,31.2653,32.3019,2025-12-24T07:15:00,160.0,49,Super Go D,0,150, Nady El sekka,Port Said Station
Cairo,nady el sekka,9,30.061,31.2467,El Gona,El Gouna,7,27.39,33.68,2025-12-24T03:00:00,565.0,13,GoMini,6,420,Nasr City (Nadi El-Sekka),El Gouna Gate
Cairo,nady el sekka,9,30.061,31.2467,El Gona,El Gouna,7,27.39,33.68,2025-12-24T06:00:00,565.0,13,GoMini,6,420,Nasr City (Nadi El-Sekka),El Gouna Gate
Cairo,nady el sekka,9,30.061,31.2467,El Gona,El Gouna,7,27.39,33.68,2025-12-24T10:00:00,565.0,13,GoMini,6,420,Nasr City (Nadi El-Sekka),El Gouna Gate
Cairo,nady el sekka,9,30.061,31.2467,El Gona,El Gouna,7,27.39,33.68,2025-12-24T22:45:00,565.0,13,GoMini,6,420,Nasr City (Nadi El-Sekka),El Gouna Gate
Cairo,el rehab,42,30.0636,31.4916,Hurghada,hurghada,1,27.2579,33.8116,2025-12-24T04:00:00,565.0,13,GoMini,6,420,"El Rehab, Gate 6, The Corner Mall","Go Bus Station, Nasr Road"
Cairo,el rehab,42,30.0636,31.4916,Hurghada,hurghada,1,27.2579,33.8116,2025-12-24T07:00:00,565.0,13,GoMini,6,420,"El Rehab, Gate 6, The Corner Mall","Go Bus Station, Nasr Road"
Cairo,el rehab,42,30.0636,31.4916,Hurghada,hurghada,1,27.2579,33.8116,2025-12-24T11:00:00,565.0,13,GoMini,6,420,"El Rehab, Gate 6, The Corner Mall","Go Bus Station, Nasr Road"
Cairo,el rehab,42,30.0636,31.4916,Hurghada,hurghada,1,27.2579,33.8116,2025-12-24T23:45:00,565.0,13,GoMini,6,420,"El Rehab, Gate 6, The Corner Mall","Go Bus Station, Nasr Road"
Cairo,el rehab,42,30.0636,31.4916,Sharm el Shiekh,Royssat,3,27.8736,34.3033,2025-12-24T03:00:00,690.0,13,GoMini,6,480,"El Rehab, Gate 6, The Corner Mall",Rowisat
Cairo,el rehab,42,30.0636,31.4916,Sharm el Shiekh,Sharm Gobus Station,51,27.9158,34.33,2025-12-24T03:00:00,690.0,13,GoMini,6,480,"El Rehab, Gate 6, The Corner Mall",Sharm El-Sheikh Station
Cairo,el rehab,42,30.0636,31.4916,Alexandria,Sedi Gaber _ Smouha,64,31.2156,29.9424,2025-12-24T06:00:00,350.0,13,GoMini,6,180,"El Rehab, Gate 6, The Corner Mall",Smouha
Cairo,el rehab,42,30.0636,31.4916,Alexandria,Sedi Gaber _ Smouha,64,31.2156,29.9424,2025-12-24T06:35:00,350.0,13,GoMini,6,180,"El Rehab, Gate 6, The Corner Mall",Smouha
Cairo,el rehab,42,30.0636,31.4916,Alexandria,Sedi Gaber _ Smouha,64,31.2156,29.9424,2025-12-24T07:45:00,350.0,13,GoMini,6,180,"El Rehab, Gate 6, The Corner Mall",Smouha
Cairo,el rehab,42,30.0636,31.4916,Alexandria,Sedi Gaber _ Smouha,64,31.2156,29.9424,2025-12-24T09:50:00,350.0,13,GoMini,6,180,"El Rehab, Gate 6, The Corner Mall",Smouha
Cairo,el rehab,42,30.0636,31.4916,Alexandria,Sedi Gaber _ Smouha,64,31.2156,29.9424,2025-12-24T10:30:00,350.0,13,GoMini,6,180,"El Rehab, Gate 6, The Corner Mall",Smouha
Cairo,el rehab,42,30.0636,31.4916,Alexandria,Sedi Gaber _ Smouha,64,31.2156,29.9424,2025-12-24T11:30:00,350.0,13,GoMini,6,180,"El Rehab, Gate 6, The Corner Mall",Smouha
Cairo,el rehab,42,30.0636,31.4916,Alexandria,Sedi Gaber _ Smouha,64,31.2156,29.9424,2025-12-24T12:00:00,350.0,13,GoMini,6,180,"El Rehab, Gate 6, The Corner Mall",Smouha
Cairo,el rehab,42,30.0636,31.4916,Alexandria,Sedi Gaber _ Smouha,64,31.2156,29.9424,2025-12-24T14:00:00,350.0,13,GoMini,6,180,"El Rehab, Gate 6, The Corner Mall",Smouha
Cairo,el rehab,42,30.0636,31.4916,Alexandria,Sedi Gaber _ Smouha,64,31.2156,29.9424,2025-12-24T15:00:00,350.0,13,GoMini,6,180,"El Rehab, Gate 6, The Corner Mall",Smouha
Cairo,el rehab,42,30.0636,31.4916,Alexandria,Sedi Gaber _ Smouha,64,31.2156,29.9424,2025-12-24T16:45:00,350.0,13,GoMini,6,180,"El Rehab, Gate 6, The Corner Mall",Smouha
Cairo,el rehab,42,30.0636,31.4916,Alexandria,Sedi Gaber _ Smouha,64,31.2156,29.9424,2025-12-24T18:00:00,350.0,13,GoMini,6,180,"El Rehab, Gate 6, The Corner Mall",Smouha
Cairo,el rehab,42,30.0636,31.4916,Alexandria,Sedi Gaber _ Smouha,64,31.2156,29.9424,2025-12-24T19:30:00,350.0,13,GoMini,6,180,"El Rehab, Gate 6, The Corner Mall",Smouha
Cairo,el rehab,42,30.0636,31.4916,Alexandria,Sedi Gaber _ Smouha,64,31.2156,29.9424,2025-12-24T21:00:00,350.0,13,GoMini,6,180,"El Rehab, Gate 6, The Corner Mall",Smouha
Cairo,el rehab,42,30.0636,31.4916,Alexandria,Sedi Gaber _ Smouha,64,31.2156,29.9424,2025-12-24T22:00:00,350.0,13,GoMini,6,180,"El Rehab, Gate 6, The Corner Mall",Smouha
Cairo,el rehab,42,30.0636,31.4916,Alexandria,Sedi Gaber _ Smouha,64,31.2156,29.9424,2025-12-24T23:00:00,350.0,13,GoMini,6,180,"El Rehab, Gate 6, The Corner Mall",Smouha
Cairo,el rehab,42,30.0636,31.4916,Alexandria,Miami,145,31.2725,30.0126,2025-12-24T06:00:00,365.0,13,GoMini,6,180,"El Rehab, Gate 6, The Corner Mall","Miami, 45 St."
Cairo,el rehab,42,30.0636,31.4916,Alexandria,Miami,145,31.2725,30.0126,2025-12-24T19:30:00,365.0,13,GoMini,6,180,"El Rehab, Gate 6, The Corner Mall","Miami, 45 St."
Cairo,el rehab,42,30.0636,31.4916,Alexandria,Miami,145,31.2725,30.0126,2025-12-24T21:00:00,365.0,13,GoMini,6,180,"El Rehab, Gate 6, The Corner Mall","Miami, 45 St."
Cairo,el rehab,42,30.0636,31.4916,Alexandria,Miami,145,31.2725,30.0126,2025-12-24T22:00:00,365.0,13,GoMini,6,180,"El Rehab, Gate 6, The Corner Mall","Miami, 45 St."
Cairo,el rehab,42,30.0636,31.4916,Dahab,Dahab,40,28.5,34.5167,2025-12-24T02:30:00,675.0,13,GoMini,6,600,"El Rehab, Gate 6, The Corner Mall","El Mashraba, El Masbat St"
Cairo,el rehab,42,30.0636,31.4916,Mansoura,Mansoura,30,31.0364,31.3807,2025-12-24T06:45:00,245.0,13,GoMini,6,360,"El Rehab, Gate 6, The Corner Mall","Mansoura, Army St"
Cairo,el rehab,42,30.0636,31.4916,Mansoura,Mansoura,30,31.0364,31.3807,2025-12-24T09:45:00,245.0,13,GoMini,6,360,"El Rehab, Gate 6, The Corner Mall","Mansoura, Army St"
Cairo,el rehab,42,30.0636,31.4916,Mansoura,Mansoura,30,31.0364,31.3807,2025-12-24T11:00:00,245.0,13,GoMini,6,360,"El Rehab, Gate 6, The Corner Mall","Mansoura, Army St"
Cairo,el rehab,42,30.0636,31.4916,Mansoura,Mansoura,30,31.0364,31.3807,2025-12-24T13:00:00,245.0,13,GoMini,6,360,"El Rehab, Gate 6, The Corner Mall","Mansoura, Army St"
Cairo,el rehab,42,30.0636,31.4916,Mansoura,Mansoura,30,31.0364,31.3807,2025-12-24T15:15:00,245.0,13,GoMini,6,360,"El Rehab, Gate 6, The Corner Mall","Mansoura, Army St"
Cairo,el rehab,42,30.0636,31.4916,Mansoura,Mansoura,30,31.0364,31.3807,2025-12-24T16:45:00,245.0,13,GoMini,6,360,"El Rehab, Gate 6, The Corner Mall","Mansoura, Army St"
Cairo,el rehab,42,30.0636,31.4916,Mansoura,Mansoura,30,31.0364,31.3807,2025-12-24T17:45:00,245.0,13,GoMini,6,360,"El Rehab, Gate 6, The Corner Mall","Mansoura, Army St"
Cairo,el rehab,42,30.0636,31.4916,Mansoura,Mansoura,30,31.0364,31.3807,2025-12-24T18:45:00,245.0,13,GoMini,6,360,"El Rehab, Gate 6, The Corner Mall","Mansoura, Army St"
Cairo,el rehab,42,30.0636,31.4916,Mansoura,Mansoura,30,31.0364,31.3807,2025-12-24T19:45:00,245.0,13,GoMini,6,360,"El Rehab, Gate 6, The Corner Mall","Mansoura, Army St"
Cairo,el rehab,42,30.0636,31.4916,Mansoura,Mansoura,30,31.0364,31.3807,2025-12-24T21:45:00,245.0,13,GoMini,6,360,"El Rehab, Gate 6, The Corner Mall","Mansoura, Army St"
Cairo,el rehab,42,30.0636,31.4916,Mansoura,Mansoura,30,31.0364,31.3807,2025-12-24T22:45:00,245.0,13,GoMini,6,360,"El Rehab, Gate 6, The Corner Mall","Mansoura, Army St"
Cairo,el rehab,42,30.0636,31.4916,Port Said,Port Said Downtown,378,31.2653,32.3019,2025-12-24T00:40:00,255.0,14,High ace Toyota,6,150,"El Rehab, Gate 6, The Corner Mall","Port Said, Downtown"
Cairo,el rehab,42,30.0636,31.4916,Port Said,Port Said Downtown,378,31.2653,32.3019,2025-12-24T02:40:00,255.0,14,High ace Toyota,6,150,"El Rehab, Gate 6, The Corner Mall","Port Said, Downtown"
Cairo,el rehab,42,30.0636,31.4916,Port Said,Port Said Downtown,378,31.2653,32.3019,2025-12-24T08:10:00,255.0,14,High ace Toyota,6,150,"El Rehab, Gate 6, The Corner Mall","Port Said, Downtown"
Cairo,el rehab,42,30.0636,31.4916,Port Said,Port Said Downtown,378,31.2653,32.3019,2025-12-24T09:55:00,255.0,14,High ace Toyota,6,150,"El Rehab, Gate 6, The Corner Mall","Port Said, Downtown"
Cairo,el rehab,42,30.0636,31.4916,Port Said,Port Said Downtown,378,31.2653,32.3019,2025-12-24T11:10:00,255.0,14,High ace Toyota,6,150,"El Rehab, Gate 6, The Corner Mall","Port Said, Downtown"
Cairo,el rehab,42,30.0636,31.4916,Port Said,Port Said Downtown,378,31.2653,32.3019,2025-12-24T12:25:00,255.0,14,High ace Toyota,6,150,"El Rehab, Gate 6, The Corner Mall","Port Said, Downtown"
Cairo,el rehab,42,30.0636,31.4916,Port Said,Port Said Downtown,378,31.2653,32.3019,2025-12-24T14:10:00,255.0,14,High ace Toyota,6,150,"El Rehab, Gate 6, The Corner Mall","Port Said, Downtown"
Cairo,el rehab,42,30.0636,31.4916,Port Said,Port Said Downtown,378,31.2653,32.3019,2025-12-24T14:40:00,255.0,14,High ace Toyota,6,150,"El Rehab, Gate 6, The Corner Mall","Port Said, Downtown"
Cairo,el rehab,42,30.0636,31.4916,Port Said,Port Said Downtown,378,31.2653,32.3019,2025-12-24T16:10:00,255.0,14,High ace Toyota,6,150,"El Rehab, Gate 6, The Corner Mall","Port Said, Downtown"
Cairo,el rehab,42,30.0636,31.4916,Port Said,Port Said Downtown,378,31.2653,32.3019,2025-12-24T18:05:00,255.0,14,High ace Toyota,6,150,"El Rehab, Gate 6, The Corner Mall","Port Said, Downtown"
Cairo,el rehab,42,30.0636,31.4916,Port Said,Port Said Downtown,378,31.2653,32.3019,2025-12-24T18:55:00,255.0,14,High ace Toyota,6,150,"El Rehab, Gate 6, The Corner Mall","Port Said, Downtown"
Cairo,el rehab,42,30.0636,31.4916,Port Said,Port Said Downtown,378,31.2653,32.3019,2025-12-24T22:25:00,255.0,14,High ace Toyota,6,150,"El Rehab, Gate 6, The Corner Mall","Port Said, Downtown"
Cairo,el rehab,42,30.0636,31.4916,El Gona,El Gouna,7,27.39,33.68,2025-12-24T04:00:00,580.0,13,GoMini,6,420,"El Rehab, Gate 6, The Corner Mall",El Gouna Gate
Cairo,el rehab,42,30.0636,31.4916,El Gona,El Gouna,7,27.39,33.68,2025-12-24T07:00:00,580.0,13,GoMini,6,420,"El Rehab, Gate 6, The Corner Mall",El Gouna Gate
Cairo,el rehab,42,30.0636,31.4916,El Gona,El Gouna,7,27.39,33.68,2025-12-24T11:00:00,580.0,13,GoMini,6,420,"El Rehab, Gate 6, The Corner Mall",El Gouna Gate
Cairo,el rehab,42,30.0636,31.4916,El Gona,El Gouna,7,27.39,33.68,2025-12-24T23:45:00,580.0,13,GoMini,6,420,"El Rehab, Gate 6, The Corner Mall",El Gouna Gate
Cairo,madinty,43,30.0956,31.6386,Hurghada,hurghada,1,27.2579,33.8116,2025-12-24T00:15:00,580.0,13,GoMini,6,420,"Madinaty, Gate 1","Go Bus Station, Nasr Road"
Cairo,madinty,43,30.0956,31.6386,Hurghada,hurghada,1,27.2579,33.8116,2025-12-24T04:30:00,580.0,13,GoMini,6,420,"Madinaty, Gate 1","Go Bus Station, Nasr Road"
Cairo,madinty,43,30.0956,31.6386,Hurghada,hurghada,1,27.2579,33.8116,2025-12-24T07:30:00,580.0,13,GoMini,6,420,"Madinaty, Gate 1","Go Bus Station, Nasr Road"
Cairo,madinty,43,30.0956,31.6386,Hurghada,hurghada,1,27.2579,33.8116,2025-12-24T11:30:00,580.0,13,GoMini,6,420,"Madinaty, Gate 1","Go Bus Station, Nasr Road"
Cairo,madinty,43,30.0956,31.6386,Sharm el Shiekh,Royssat,3,27.8736,34.3033,2025-12-24T00:50:00,690.0,13,GoMini,6,480,"Madinaty, Gate 1",Rowisat
Cairo,madinty,43,30.0956,31.6386,Sharm el Shiekh,Royssat,3,27.8736,34.3033,2025-12-24T02:50:00,690.0,13,GoMini,6,480,"Madinaty, Gate 1",Rowisat
Cairo,madinty,43,30.0956,31.6386,Sharm el Shiekh,Royssat,3,27.8736,34.3033,2025-12-24T03:30:00,690.0,13,GoMini,6,480,"Madinaty, Gate 1",Rowisat
Cairo,madinty,43,30.0956,31.6386,Sharm el Shiekh,Royssat,3,27.8736,34.3033,2025-12-24T04:45:00,660.0,13,GoMini,6,480,"Madinaty, Gate 1",Rowisat
Cairo,madinty,43,30.0956,31.6386,Sharm el Shiekh,Royssat,3,27.8736,34.3033,2025-12-24T08:10:00,690.0,13,GoMini,6,480,"Madinaty, Gate 1",Rowisat
Cairo,madinty,43,30.0956,31.6386,Sharm el Shiekh,Royssat,3,27.8736,34.3033,2025-12-24T10:35:00,690.0,13,GoMini,6,480,"Madinaty, Gate 1",Rowisat
Cairo,madinty,43,30.0956,31.6386,Sharm el Shiekh,Royssat,3,27.8736,34.3033,2025-12-24T14:50:00,690.0,13,GoMini,6,480,"Madinaty, Gate 1",Rowisat
Cairo,madinty,43,30.0956,31.6386,Sharm el Shiekh,Royssat,3,27.8736,34.3033,2025-12-24T17:35:00,650.0,14,GoMini,6,480,"Madinaty, Gate 1",Rowisat
Cairo,madinty,43,30.0956,31.6386,Sharm el Shiekh,Royssat,3,27.8736,34.3033,2025-12-24T20:30:00,620.0,14,GoMini,6,480,"Madinaty, Gate 1",Rowisat
Cairo,madinty,43,30.0956,31.6386,Sharm el Shiekh,Royssat,3,27.8736,34.3033,2025-12-24T23:50:00,690.0,13,GoMini,6,480,"Madinaty, Gate 1",Rowisat
Cairo,madinty,43,30.0956,31.6386,Sharm el Shiekh,Sharm Gobus Station,51,27.9158,34.33,2025-12-24T00:50:00,690.0,13,GoMini,6,480,"Madinaty, Gate 1",Sharm El-Sheikh Station
Cairo,madinty,43,30.0956,31.6386,Sharm el Shiekh,Sharm Gobus Station,51,27.9158,34.33,2025-12-24T02:50:00,690.0,13,GoMini,6,480,"Madinaty, Gate 1",Sharm El-Sheikh Station
Cairo,madinty,43,30.0956,31.6386,Sharm el Shiekh,Sharm Gobus Station,51,27.9158,34.33,2025-12-24T03:30:00,690.0,13,GoMini,6,480,"Madinaty, Gate 1",Sharm El-Sheikh Station
Cairo,madinty,43,30.0956,31.6386,Sharm el Shiekh,Sharm Gobus Station,51,27.9158,34.33,2025-12-24T04:45:00,660.0,13,GoMini,6,480,"Madinaty, Gate 1",Sharm El-Sheikh Station
Cairo,madinty,43,30.0956,31.6386,Sharm el Shiekh,Sharm Gobus Station,51,27.9158,34.33,2025-12-24T08:10:00,690.0,13,GoMini,6,480,"Madinaty, Gate 1",Sharm El-Sheikh Station
Cairo,madinty,43,30.0956,31.6386,Sharm el Shiekh,Sharm Gobus Station,51,27.9158,34.33,2025-12-24T10:35:00,690.0,13,GoMini,6,480,"Madinaty, Gate 1",Sharm El-Sheikh Station
Cairo,madinty,43,30.0956,31.6386,Sharm el Shiekh,Sharm Gobus Station,51,27.9158,34.33,2025-12-24T14:50:00,690.0,13,GoMini,6,480,"Madinaty, Gate 1",Sharm El-Sheikh Station
Cairo,madinty,43,30.0956,31.6386,Sharm el Shiekh,Sharm Gobus Station,51,27.9158,34.33,2025-12-24T17:35:00,650.0,14,GoMini,6,480,"Madinaty, Gate 1",Sharm El-Sheikh Station
Cairo,madinty,43,30.0956,31.6386,Sharm el Shiekh,Sharm Gobus Station,51,27.9158,34.33,2025-12-24T20:30:00,620.0,14,GoMini,6,480,"Madinaty, Gate 1",Sharm El-Sheikh Station
Cairo,madinty,43,30.0956,31.6386,Sharm el Shiekh,Sharm Gobus Station,51,27.9158,34.33,2025-12-24T23:50:00,690.0,13,GoMini,6,480,"Madinaty, Gate 1",Sharm El-Sheikh Station
Cairo,madinty,43,30.0956,31.6386,Alexandria,Sedi Gaber _ Smouha,64,31.2156,29.9424,2025-12-24T05:30:00,370.0,13,GoMini,6,180,"Madinaty, Gate 1",Smouha
Cairo,madinty,43,30.0956,31.6386,Alexandria,Sedi Gaber _ Smouha,64,31.2156,29.9424,2025-12-24T07:15:00,370.0,13,GoMini,6,180,"Madinaty, Gate 1",Smouha
Cairo,madinty,43,30.0956,31.6386,Alexandria,Sedi Gaber _ Smouha,64,31.2156,29.9424,2025-12-24T10:00:00,370.0,13,GoMini,6,180,"Madinaty, Gate 1",Smouha
Cairo,madinty,43,30.0956,31.6386,Alexandria,Sedi Gaber _ Smouha,64,31.2156,29.9424,2025-12-24T11:00:00,370.0,13,GoMini,6,180,"Madinaty, Gate 1",Smouha
Cairo,madinty,43,30.0956,31.6386,Alexandria,Sedi Gaber _ Smouha,64,31.2156,29.9424,2025-12-24T11:30:00,370.0,13,GoMini,6,180,"Madinaty, Gate 1",Smouha
Cairo,madinty,43,30.0956,31.6386,Alexandria,Sedi Gaber _ Smouha,64,31.2156,29.9424,2025-12-24T13:30:00,370.0,13,GoMini,6,180,"Madinaty, Gate 1",Smouha
Cairo,madinty,43,30.0956,31.6386,Alexandria,Sedi Gaber _ Smouha,64,31.2156,29.9424,2025-12-24T14:30:00,370.0,13,GoMini,6,180,"Madinaty, Gate 1",Smouha
Cairo,madinty,43,30.0956,31.6386,Alexandria,Sedi Gaber _ Smouha,64,31.2156,29.9424,2025-12-24T17:30:00,370.0,13,GoMini,6,180,"Madinaty, Gate 1",Smouha
Cairo,madinty,43,30.0956,31.6386,Alexandria,Sedi Gaber _ Smouha,64,31.2156,29.9424,2025-12-24T20:30:00,370.0,13,GoMini,6,180,"Madinaty, Gate 1",Smouha
Cairo,madinty,43,30.0956,31.6386,Alexandria,Sedi Gaber _ Smouha,64,31.2156,29.9424,2025-12-24T21:30:00,370.0,13,GoMini,6,180,"Madinaty, Gate 1",Smouha
Cairo,madinty,43,30.0956,31.6386,Alexandria,Sedi Gaber _ Smouha,64,31.2156,29.9424,2025-12-24T22:30:00,370.0,13,GoMini,6,180,"Madinaty, Gate 1",Smouha
Cairo,madinty,43,30.0956,31.6386,Alexandria,Miami,145,31.2725,30.0126,2025-12-24T05:30:00,385.0,13,GoMini,6,180,"Madinaty, Gate 1","Miami, 45 St."
Cairo,madinty,43,30.0956,31.6386,Alexandria,Miami,145,31.2725,30.0126,2025-12-24T20:30:00,385.0,13,GoMini,6,180,"Madinaty, Gate 1","Miami, 45 St."
Cairo,madinty,43,30.0956,31.6386,Alexandria,Miami,145,31.2725,30.0126,2025-12-24T21:30:00,385.0,13,GoMini,6,180,"Madinaty, Gate 1","Miami, 45 St."
Cairo,madinty,43,30.0956,31.6386,Ras Sedr,Matarma Bay_ Ras Sedr,197,29.6,32.71,2025-12-24T10:00:00,325.0,14,GoMini,6,240,"Madinaty, Gate 1",Matar Mabay
Cairo,madinty,43,30.0956,31.6386,Ras Sedr,Matarma Bay_ Ras Sedr,197,29.6,32.71,2025-12-24T19:45:00,325.0,14,GoMini,6,240,"Madinaty, Gate 1",Matar Mabay
Cairo,madinty,43,30.0956,31.6386,Ras Sedr,Tavira_ Ras Sedr,366,29.585,32.725,2025-12-24T10:00:00,340.0,14,GoMini,6,240,"Madinaty, Gate 1",Tavira
Cairo,madinty,43,30.0956,31.6386,Ras Sedr,Tavira_ Ras Sedr,366,29.585,32.725,2025-12-24T19:45:00,340.0,14,GoMini,6,240,"Madinaty, Gate 1",Tavira
Cairo,madinty,43,30.0956,31.6386,Ras Sedr,Lahaisenda_ Ras Sedr,367,29.61,32.7,2025-12-24T10:00:00,340.0,14,GoMini,6,240,"Madinaty, Gate 1",La Hacienda
Cairo,madinty,43,30.0956,31.6386,Ras Sedr,Lahaisenda_ Ras Sedr,367,29.61,32.7,2025-12-24T19:45:00,340.0,14,GoMini,6,240,"Madinaty, Gate 1",La Hacienda
Cairo,madinty,43,30.0956,31.6386,Ras Sedr,Nozha Beach,611,29.58,32.735,2025-12-24T10:00:00,310.0,14,GoMini,6,240,"Madinaty, Gate 1",Nozha Beach
Cairo,madinty,43,30.0956,31.6386,Ras Sedr,Nozha Beach,611,29.58,32.735,2025-12-24T19:45:00,310.0,14,GoMini,6,240,"Madinaty, Gate 1",Nozha Beach
Cairo,madinty,43,30.0956,31.6386,Dahab,Dahab,40,28.5,34.5167,2025-12-24T01:44:00,680.0,13,GoMini,6,600,"Madinaty, Gate 1","El Mashraba, El Masbat St"
Cairo,madinty,43,30.0956,31.6386,Dahab,Dahab,40,28.5,34.5167,2025-12-24T02:45:00,680.0,13,GoMini,6,600,"Madinaty, Gate 1","El Mashraba, El Masbat St"
Cairo,madinty,43,30.0956,31.6386,Dahab,Dahab,40,28.5,34.5167,2025-12-24T03:45:00,680.0,13,GoMini,6,600,"Madinaty, Gate 1","El Mashraba, El Masbat St"
Cairo,madinty,43,30.0956,31.6386,Dahab,Dahab,40,28.5,34.5167,2025-12-24T04:45:00,680.0,13,GoMini,6,600,"Madinaty, Gate 1","El Mashraba, El Masbat St"
Cairo,madinty,43,30.0956,31.6386,Dahab,Dahab,40,28.5,34.5167,2025-12-24T06:45:00,680.0,13,GoMini,6,600,"Madinaty, Gate 1","El Mashraba, El Masbat St"
Cairo,madinty,43,30.0956,31.6386,Dahab,Dahab,40,28.5,34.5167,2025-12-24T09:45:00,680.0,13,GoMini,6,600,"Madinaty, Gate 1","El Mashraba, El Masbat St"
Cairo,madinty,43,30.0956,31.6386,Dahab,Dahab,40,28.5,34.5167,2025-12-24T11:45:00,670.0,14,GoMini,6,600,"Madinaty, Gate 1","El Mashraba, El Masbat St"
Cairo,madinty,43,30.0956,31.6386,Dahab,Dahab,40,28.5,34.5167,2025-12-24T15:45:00,680.0,13,GoMini,6,600,"Madinaty, Gate 1","El Mashraba, El Masbat St"
Cairo,madinty,43,30.0956,31.6386,Dahab,Dahab,40,28.5,34.5167,2025-12-24T19:45:00,670.0,14,GoMini,6,600,"Madinaty, Gate 1","El Mashraba, El Masbat St"
Cairo,madinty,43,30.0956,31.6386,Dahab,Dahab,40,28.5,34.5167,2025-12-24T23:45:00,680.0,13,GoMini,6,600,"Madinaty, Gate 1","El Mashraba, El Masbat St"
Cairo,madinty,43,30.0956,31.6386,Nuweiba,Nuweiba,106,29.0333,34.6667,2025-12-24T03:15:00,600.0,13,GoMini,6,720,"Madinaty, Gate 1",Sayadeen Village-Red Sea Riviera
Cairo,madinty,43,30.0956,31.6386,Mansoura,Mansoura,30,31.0364,31.3807,2025-12-24T07:15:00,250.0,13,GoMini,6,360,"Madinaty, Gate 1","Mansoura, Army St"
Cairo,madinty,43,30.0956,31.6386,Mansoura,Mansoura,30,31.0364,31.3807,2025-12-24T10:15:00,250.0,13,GoMini,6,360,"Madinaty, Gate 1","Mansoura, Army St"
Cairo,madinty,43,30.0956,31.6386,Mansoura,Mansoura,30,31.0364,31.3807,2025-12-24T11:30:00,250.0,13,GoMini,6,360,"Madinaty, Gate 1","Mansoura, Army St"
Cairo,madinty,43,30.0956,31.6386,Mansoura,Mansoura,30,31.0364,31.3807,2025-12-24T13:30:00,250.0,13,GoMini,6,360,"Madinaty, Gate 1","Mansoura, Army St"
Cairo,madinty,43,30.0956,31.6386,Mansoura,Mansoura,30,31.0364,31.3807,2025-12-24T15:45:00,250.0,13,GoMini,6,360,"Madinaty, Gate 1","Mansoura, Army St"
Cairo,madinty,43,30.0956,31.6386,Mansoura,Mansoura,30,31.0364,31.3807,2025-12-24T17:15:00,250.0,13,GoMini,6,360,"Madinaty, Gate 1","Mansoura, Army St"
Cairo,madinty,43,30.0956,31.6386,Mansoura,Mansoura,30,31.0364,31.3807,2025-12-24T18:15:00,250.0,13,GoMini,6,360,"Madinaty, Gate 1","Mansoura, Army St"
Cairo,madinty,43,30.0956,31.6386,Mansoura,Mansoura,30,31.0364,31.3807,2025-12-24T19:15:00,250.0,13,GoMini,6,360,"Madinaty, Gate 1","Mansoura, Army St"
Cairo,madinty,43,30.0956,31.6386,Mansoura,Mansoura,30,31.0364,31.3807,2025-12-24T20:15:00,250.0,13,GoMini,6,360,"Madinaty, Gate 1","Mansoura, Army St"
Cairo,madinty,43,30.0956,31.6386,Mansoura,Mansoura,30,31.0364,31.3807,2025-12-24T22:15:00,250.0,13,GoMini,6,360,"Madinaty, Gate 1","Mansoura, Army St"
Cairo,madinty,43,30.0956,31.6386,Mansoura,Mansoura,30,31.0364,31.3807,2025-12-24T23:15:00,250.0,13,GoMini,6,360,"Madinaty, Gate 1","Mansoura, Army St"
Cairo,madinty,43,30.0956,31.6386,Port Said,Port Said Downtown,378,31.2653,32.3019,2025-12-24T00:40:00,260.0,14,High ace Toyota,6,150,"Madinaty, Gate 1","Port Said, Downtown"
Cairo,madinty,43,30.0956,31.6386,Port Said,Port Said Downtown,378,31.2653,32.3019,2025-12-24T02:25:00,260.0,14,High ace Toyota,6,150,"Madinaty, Gate 1","Port Said, Downtown"
Cairo,madinty,43,30.0956,31.6386,Port Said,Port Said Downtown,378,31.2653,32.3019,2025-12-24T08:25:00,260.0,14,High ace Toyota,6,150,"Madinaty, Gate 1","Port Said, Downtown"
Cairo,madinty,43,30.0956,31.6386,Port Said,Port Said Downtown,378,31.2653,32.3019,2025-12-24T10:50:00,250.0,14,High ace Toyota,6,150,"Madinaty, Gate 1","Port Said, Downtown"
Cairo,madinty,43,30.0956,31.6386,Port Said,Port Said Downtown,378,31.2653,32.3019,2025-12-24T12:25:00,260.0,14,High ace Toyota,6,150,"Madinaty, Gate 1","Port Said, Downtown"
Cairo,madinty,43,30.0956,31.6386,Port Said,Port Said Downtown,378,31.2653,32.3019,2025-12-24T13:50:00,250.0,14,High ace Toyota,6,150,"Madinaty, Gate 1","Port Said, Downtown"
Cairo,madinty,43,30.0956,31.6386,Port Said,Port Said Downtown,378,31.2653,32.3019,2025-12-24T15:25:00,260.0,14,High ace Toyota,6,150,"Madinaty, Gate 1","Port Said, Downtown"
Cairo,madinty,43,30.0956,31.6386,Port Said,Port Said Downtown,378,31.2653,32.3019,2025-12-24T16:55:00,260.0,14,High ace Toyota,6,150,"Madinaty, Gate 1","Port Said, Downtown"
Cairo,madinty,43,30.0956,31.6386,Port Said,Port Said Downtown,378,31.2653,32.3019,2025-12-24T18:55:00,260.0,14,High ace Toyota,6,150,"Madinaty, Gate 1","Port Said, Downtown"
Cairo,madinty,43,30.0956,31.6386,Port Said,Port Said Downtown,378,31.2653,32.3019,2025-12-24T19:30:00,255.0,14,High ace Toyota,6,150,"Madinaty, Gate 1","Port Said, Downtown"
Cairo,madinty,43,30.0956,31.6386,Port Said,Port Said Downtown,378,31.2653,32.3019,2025-12-24T20:25:00,260.0,14,High ace Toyota,6,150,"Madinaty, Gate 1","Port Said, Downtown"
Cairo,madinty,43,30.0956,31.6386,Port Said,Port Said Downtown,378,31.2653,32.3019,2025-12-24T22:25:00,260.0,14,High ace Toyota,6,150,"Madinaty, Gate 1","Port Said, Downtown"
Cairo,madinty,43,30.0956,31.6386,Port Said,Port Said Downtown,378,31.2653,32.3019,2025-12-24T23:20:00,250.0,14,High ace Toyota,6,150,"Madinaty, Gate 1","Port Said, Downtown"
Cairo,madinty,43,30.0956,31.6386,El Gona,El Gouna,7,27.39,33.68,2025-12-24T00:15:00,595.0,13,GoMini,6,420,"Madinaty, Gate 1",El Gouna Gate
Cairo,madinty,43,30.0956,31.6386,El Gona,El Gouna,7,27.39,33.68,2025-12-24T04:30:00,595.0,13,GoMini,6,420,"Madinaty, Gate 1",El Gouna Gate
Cairo,madinty,43,30.0956,31.6386,El Gona,El Gouna,7,27.39,33.68,2025-12-24T07:30:00,595.0,13,GoMini,6,420,"Madinaty, Gate 1",El Gouna Gate
Cairo,madinty,43,30.0956,31.6386,El Gona,El Gouna,7,27.39,33.68,2025-12-24T11:30:00,595.0,13,GoMini,6,420,"Madinaty, Gate 1",El Gouna Gate
Cairo,kolaly,76,30.0429,31.2146,Hurghada,hurghada,1,27.2579,33.8116,2025-12-24T00:30:00,425.0,49,Super Go D,0,420,Kolaly,Hurghada
Cairo,kolaly,76,30.0429,31.2146,Hurghada,hurghada,1,27.2579,33.8116,2025-12-24T10:30:00,425.0,49,Super Go D,0,420,Kolaly,Hurghada
Cairo,kolaly,76,30.0429,31.2146,Hurghada,hurghada,1,27.2579,33.8116,2025-12-24T12:30:00,425.0,49,Super Go D,0,420,Kolaly,Hurghada
Cairo,kolaly,76,30.0429,31.2146,Hurghada,hurghada,1,27.2579,33.8116,2025-12-24T18:31:00,690.0,37,Elite Business Class M,0,420,Kolaly,Hurghada
Cairo,kolaly,76,30.0429,31.2146,Hurghada,hurghada,1,27.2579,33.8116,2025-12-24T22:30:00,425.0,49,Super Go D,0,420,Kolaly,Hurghada
Cairo,kolaly,76,30.0429,31.2146,Sharm el Shiekh,Royssat,3,27.8736,34.3033,2025-12-24T08:01:00,400.0,49,Super Go D,0,480,Kolaly,Sharm-Royssat
Cairo,kolaly,76,30.0429,31.2146,Sharm el Shiekh,Royssat,3,27.8736,34.3033,2025-12-24T22:00:00,400.0,49,Super Go D,0,480,Kolaly,Sharm-Royssat
Cairo,kolaly,76,30.0429,31.2146,Sharm el Shiekh,Sharm Gobus Station,51,27.9158,34.33,2025-12-24T08:01:00,400.0,49,Super Go D,0,480,Kolaly,Sharm Gobus Station
Cairo,kolaly,76,30.0429,31.2146,Sharm el Shiekh,Sharm Gobus Station,51,27.9158,34.33,2025-12-24T22:00:00,400.0,49,Super Go D,0,480,Kolaly,Sharm Gobus Station
Cairo,kolaly,76,30.0429,31.2146,Sokhna,Porto El Sokhna,26,29.4397,32.4867,2025-12-24T10:30:00,190.0,49,Super Go D,0,120,Kolaly,Porto El Sokhna
Cairo,kolaly,76,30.0429,31.2146,Qena,Qena,63,26.1551,32.716,2025-12-24T21:10:00,395.0,49,Economy,0,480,Kolaly,Qena
Cairo,kolaly,76,30.0429,31.2146,Qena,Qena,63,26.1551,32.716,2025-12-24T23:55:00,445.0,49,Super Go D,0,480,Kolaly,Qena
Cairo,kolaly,76,30.0429,31.2146,Luxor,Luxor,57,25.6872,32.6396,2025-12-24T21:10:00,455.0,49,Economy,0,600,Kolaly,Luxor
Cairo,kolaly,76,30.0429,31.2146,Luxor,Luxor,57,25.6872,32.6396,2025-12-24T23:55:00,485.0,49,Super Go D,0,600,Kolaly,Luxor
Cairo,kolaly,76,30.0429,31.2146,Assiut,Assiut,36,27.1809,31.1837,2025-12-24T00:15:00,400.0,13,GoMini,6,360,Kollali,"Assiut, El Helaly"
Cairo,kolaly,76,30.0429,31.2146,Assiut,Assiut,36,27.1809,31.1837,2025-12-24T01:30:00,400.0,13,GoMini,6,360,Kollali,"Assiut, El Helaly"
Cairo,kolaly,76,30.0429,31.2146,Assiut,Assiut,36,27.1809,31.1837,2025-12-24T06:25:00,320.0,49,Super Go D,0,360,Kolaly,Assiut
Cairo,kolaly,76,30.0429,31.2146,Assiut,Assiut,36,27.1809,31.1837,2025-12-24T10:15:00,400.0,13,GoMini,6,360,Kollali,"Assiut, El Helaly"
Cairo,kolaly,76,30.0429,31.2146,Assiut,Assiut,36,27.1809,31.1837,2025-12-24T13:14:00,530.0,37,Elite Business Class V,0,360,Kolaly,Assiut
Cairo,kolaly,76,30.0429,31.2146,Assiut,Assiut,36,27.1809,31.1837,2025-12-24T14:45:00,400.0,14,High ace Toyota,6,360,Kollali,"Assiut, El Helaly"
Cairo,kolaly,76,30.0429,31.2146,Assiut,Assiut,36,27.1809,31.1837,2025-12-24T22:15:00,400.0,13,GoMini,6,360,Kollali,"Assiut, El Helaly"
Cairo,kolaly,76,30.0429,31.2146,El Gona,El Gouna,7,27.39,33.68,2025-12-24T00:30:00,425.0,49,Super Go D,0,420,Kolaly,El Gouna
Cairo,kolaly,76,30.0429,31.2146,El Gona,El Gouna,7,27.39,33.68,2025-12-24T12:30:00,425.0,49,Super Go D,0,420,Kolaly,El Gouna
Cairo,kolaly,76,30.0429,31.2146,El Gona,El Gouna,7,27.39,33.68,2025-12-24T18:31:00,690.0,37,Elite Business Class M,0,420,Kolaly,El Gouna
Cairo,kolaly,76,30.0429,31.2146,El Gona,El Gouna,7,27.39,33.68,2025-12-24T22:30:00,425.0,49,Super Go D,0,420,Kolaly,El Gouna
Cairo,sixith of october,98,29.9561,31.0042,Hurghada,hurghada,1,27.2579,33.8116,2025-12-24T03:15:00,425.0,49,Super Go D,0,420,Sixth of october,Hurghada
Cairo,sixith of october,98,29.9561,31.0042,Hurghada,hurghada,1,27.2579,33.8116,2025-12-24T04:35:00,690.0,37,Elite Business Class M,0,420,Sixth of october,Hurghada
Cairo,sixith of october,98,29.9561,31.0042,Hurghada,hurghada,1,27.2579,33.8116,2025-12-24T11:16:00,690.0,37,Elite Business Class M,0,420,Sixth of october,Hurghada
Cairo,sixith of october,98,29.9561,31.0042,Sharm el Shiekh,Royssat,3,27.8736,34.3033,2025-12-24T01:45:00,690.0,13,GoMini,6,480,6th of October,Rowisat
Cairo,sixith of october,98,29.9561,31.0042,Sharm el Shiekh,Royssat,3,27.8736,34.3033,2025-12-24T02:10:00,400.0,49,Super Go D,0,480,Sixth of october,Sharm-Royssat
Cairo,sixith of october,98,29.9561,31.0042,Sharm el Shiekh,Sharm Gobus Station,51,27.9158,34.33,2025-12-24T01:45:00,690.0,13,GoMini,6,480,6th of October,Sharm El-Sheikh Station
Cairo,sixith of october,98,29.9561,31.0042,Sharm el Shiekh,Sharm Gobus Station,51,27.9158,34.33,2025-12-24T03:40:00,400.0,49,Super Go D,0,480,Sixth of october,Sharm Gobus Station
Cairo,sixith of october,98,29.9561,31.0042,Sharm el Shiekh,Sharm Gobus Station,51,27.9158,34.33,2025-12-24T22:45:00,585.0,37,Elite Business Class M,0,480,Sixth of october,Sharm Gobus Station
Cairo,sixith of october,98,29.9561,31.0042,Sharm el Shiekh,Sharm Gobus Station,51,27.9158,34.33,2025-12-24T23:59:00,585.0,56,Business Class DD,0,480,Sixth of october,Sharm Gobus Station
Cairo,sixith of october,98,29.9561,31.0042,Alexandria,Sedi Gaber _ Smouha,64,31.2156,29.9424,2025-12-24T08:26:00,310.0,13,GoMini,6,180,6th of October,Smouha
Cairo,sixith of october,98,29.9561,31.0042,Alexandria,Sedi Gaber _ Smouha,64,31.2156,29.9424,2025-12-24T17:26:00,310.0,13,GoMini,6,180,6th of October,Smouha
Cairo,sixith of october,98,29.9561,31.0042,Alexandria,Moharam BK,18,31.1917,29.9187,2025-12-24T10:01:00,210.0,49,Super Go D,0,180,Sixth of october,Alex - Moharam BK
Cairo,sixith of october,98,29.9561,31.0042,Qena,Qena,63,26.1551,32.716,2025-12-24T00:20:00,700.0,56,Business Class DD,0,480,Sixth of october,Qena
Cairo,sixith of october,98,29.9561,31.0042,Qena,Qena,63,26.1551,32.716,2025-12-24T21:50:00,395.0,49,Economy,0,480,Sixth of october,Qena
Cairo,sixith of october,98,29.9561,31.0042,Luxor,Luxor,57,25.6872,32.6396,2025-12-24T00:20:00,795.0,56,Business Class DD,0,600,Sixth of october,Luxor
Cairo,sixith of october,98,29.9561,31.0042,Luxor,Luxor,57,25.6872,32.6396,2025-12-24T21:50:00,455.0,49,Economy,0,600,Sixth of october,Luxor
Cairo,sixith of october,98,29.9561,31.0042,Assiut,Assiut,36,27.1809,31.1837,2025-12-24T04:40:00,320.0,49,Economy,0,360,Sixth of october,Assiut
Cairo,sixith of october,98,29.9561,31.0042,Assiut,Assiut,36,27.1809,31.1837,2025-12-24T13:35:00,320.0,49,Super Go D,0,360,Sixth of october,Assiut
Cairo,sixith of october,98,29.9561,31.0042,Assiut,Assiut,36,27.1809,31.1837,2025-12-24T16:29:00,320.0,49,Economy,0,360,Sixth of october,Assiut
Cairo,sixith of october,98,29.9561,31.0042,Assiut,Assiut,36,27.1809,31.1837,2025-12-24T23:30:00,320.0,49,Super Go D,0,360,Sixth of october,Assiut
Cairo,sixith of october,98,29.9561,31.0042,Dahab,Dahab,40,28.5,34.5167,2025-12-24T01:15:00,680.0,13,GoMini,6,600,6th of October,"El Mashraba, El Masbat St"
Cairo,sixith of october,98,29.9561,31.0042,Dahab,Dahab,40,28.5,34.5167,2025-12-24T03:40:00,530.0,49,Super Go D,0,600,Sixth of october,Dahab
Cairo,sixith of october,98,29.9561,31.0042,Dahab,Dahab,40,28.5,34.5167,2025-12-24T22:45:00,850.0,37,Elite Business Class M,0,600,Sixth of october,Dahab
Cairo,sixith of october,98,29.9561,31.0042,Dahab,Dahab,40,28.5,34.5167,2025-12-24T23:59:00,850.0,56,Business Class DD,0,600,Sixth of october,Dahab
Cairo,sixith of october,98,29.9561,31.0042,Al Menia,El-Minya,104,28.0871,30.7618,2025-12-24T05:20:00,250.0,56,Business Class DD,0,240,Sixth of october,El-Minya GoBus
Cairo,sixith of october,98,29.9561,31.0042,Al Menia,El-Minya,104,28.0871,30.7618,2025-12-24T12:14:00,200.0,49,Super Go D,0,240,Sixth of october,El-Minya GoBus
Cairo,sixith of october,98,29.9561,31.0042,Al Menia,El-Minya,104,28.0871,30.7618,2025-12-24T13:35:00,200.0,49,Super Go D,0,240,Sixth of october,El-Minya GoBus
Cairo,sixith of october,98,29.9561,31.0042,Al Menia,El-Minya,104,28.0871,30.7618,2025-12-24T16:00:00,200.0,49,Super Go D,0,240,Sixth of october,El-Minya GoBus
Cairo,sixith of october,98,29.9561,31.0042,Al Menia,El-Minya,104,28.0871,30.7618,2025-12-24T22:15:00,200.0,49,Super Go D,0,240,Sixth of october,El-Minya GoBus
Cairo,sixith of october,98,29.9561,31.0042,Mallawy,Mallawy,105,27.7317,30.8417,2025-12-24T05:20:00,270.0,56,Business Class DD,0,360,Sixth of october,Mallawy
Cairo,sixith of october,98,29.9561,31.0042,Mallawy,Mallawy,105,27.7317,30.8417,2025-12-24T12:14:00,220.0,49,Super Go D,0,360,Sixth of october,Mallawy
Cairo,sixith of october,98,29.9561,31.0042,Mallawy,Mallawy,105,27.7317,30.8417,2025-12-24T16:00:00,220.0,49,Super Go D,0,360,Sixth of october,Mallawy
Cairo,sixith of october,98,29.9561,31.0042,Mallawy,Mallawy,105,27.7317,30.8417,2025-12-24T22:15:00,220.0,49,Super Go D,0,360,Sixth of october,Mallawy
Cairo,sixith of october,98,29.9561,31.0042,Mansoura,Mansoura,30,31.0364,31.3807,2025-12-24T08:25:00,235.0,13,GoMini,6,360,6th of October,"Mansoura, Army St"
Cairo,sixith of october,98,29.9561,31.0042,Mansoura,Mansoura,30,31.0364,31.3807,2025-12-24T14:10:00,225.0,14,GoMini,6,360,6th of October,"Mansoura, Army St"
Cairo,sixith of october,98,29.9561,31.0042,Mansoura,Mansoura,30,31.0364,31.3807,2025-12-24T17:10:00,235.0,13,GoMini,6,360,6th of October,"Mansoura, Army St"
Cairo,sixith of october,98,29.9561,31.0042,Port Said,Port Said Downtown,378,31.2653,32.3019,2025-12-24T01:00:00,260.0,14,High ace Toyota,6,150,6th of October,"Port Said, Downtown"
Cairo,sixith of october,98,29.9561,31.0042,Port Said,Port Said Downtown,378,31.2653,32.3019,2025-12-24T06:30:00,260.0,14,High ace Toyota,6,150,6th of October,"Port Said, Downtown"
Cairo,sixith of october,98,29.9561,31.0042,Port Said,Port Said Downtown,378,31.2653,32.3019,2025-12-24T08:15:00,260.0,14,High ace Toyota,6,150,6th of October,"Port Said, Downtown"
Cairo,sixith of october,98,29.9561,31.0042,Port Said,Port Said Downtown,378,31.2653,32.3019,2025-12-24T09:30:00,260.0,14,High ace Toyota,6,150,6th of October,"Port Said, Downtown"
Cairo,sixith of october,98,29.9561,31.0042,Port Said,Port Said Downtown,378,31.2653,32.3019,2025-12-24T10:45:00,260.0,14,High ace Toyota,6,150,6th of October,"Port Said, Downtown"
Cairo,sixith of october,98,29.9561,31.0042,Port Said,Port Said Downtown,378,31.2653,32.3019,2025-12-24T12:30:00,260.0,14,High ace Toyota,6,150,6th of October,"Port Said, Downtown"
Cairo,sixith of october,98,29.9561,31.0042,Port Said,Port Said Downtown,378,31.2653,32.3019,2025-12-24T13:00:00,260.0,14,High ace Toyota,6,150,6th of October,"Port Said, Downtown"
Cairo,sixith of october,98,29.9561,31.0042,Port Said,Port Said Downtown,378,31.2653,32.3019,2025-12-24T14:30:00,260.0,14,High ace Toyota,6,150,6th of October,"Port Said, Downtown"
Cairo,sixith of october,98,29.9561,31.0042,Port Said,Port Said Downtown,378,31.2653,32.3019,2025-12-24T16:25:00,260.0,14,High ace Toyota,6,150,6th of October,"Port Said, Downtown"
Cairo,sixith of october,98,29.9561,31.0042,Port Said,Port Said Downtown,378,31.2653,32.3019,2025-12-24T20:45:00,260.0,14,High ace Toyota,6,150,6th of October,"Port Said, Downtown"
Cairo,sixith of october,98,29.9561,31.0042,Port Said,Port Said Downtown,378,31.2653,32.3019,2025-12-24T23:00:00,260.0,14,High ace Toyota,6,150,6th of October,"Port Said, Downtown"
Cairo,sixith of october,98,29.9561,31.0042,Port Said,Port Said,78,31.2653,32.3019,2025-12-24T18:01:00,160.0,46,Super Go D,0,150,Sixth of october,Port Said Station
Cairo,sixith of october,98,29.9561,31.0042,Port Said,Port Said,78,31.2653,32.3019,2025-12-24T21:02:00,160.0,49,Super Go D,0,150,Sixth of october,Port Said Station
Cairo,sixith of october,98,29.9561,31.0042,El Gona,El Gouna,7,27.39,33.68,2025-12-24T03:15:00,425.0,49,Super Go D,0,420,Sixth of october,El Gouna
Cairo,sixith of october,98,29.9561,31.0042,El Gona,El Gouna,7,27.39,33.68,2025-12-24T04:35:00,690.0,37,Elite Business Class M,0,420,Sixth of october,El Gouna
Cairo,cairo-alex gate,65,30.0565,31.0209,Alexandria,Sedi Gaber _ Smouha,64,31.2156,29.9424,2025-12-24T00:25:00,325.0,13,GoMini,6,180,Cairo Gate,Smouha
Cairo,cairo-alex gate,65,30.0565,31.0209,Alexandria,Sedi Gaber _ Smouha,64,31.2156,29.9424,2025-12-24T07:25:00,325.0,13,GoMini,6,180,Cairo Gate,Smouha
Cairo,cairo-alex gate,65,30.0565,31.0209,Alexandria,Sedi Gaber _ Smouha,64,31.2156,29.9424,2025-12-24T08:00:00,310.0,14,GoMini,6,180,Cairo Gate,Smouha
Cairo,cairo-alex gate,65,30.0565,31.0209,Alexandria,Sedi Gaber _ Smouha,64,31.2156,29.9424,2025-12-24T08:20:00,325.0,13,GoMini,6,180,Cairo Gate,Smouha
Cairo,cairo-alex gate,65,30.0565,31.0209,Alexandria,Sedi Gaber _ Smouha,64,31.2156,29.9424,2025-12-24T09:00:00,310.0,14,GoMini,6,180,Cairo Gate,Smouha
Cairo,cairo-alex gate,65,30.0565,31.0209,Alexandria,Sedi Gaber _ Smouha,64,31.2156,29.9424,2025-12-24T09:10:00,325.0,13,GoMini,6,180,Cairo Gate,Smouha
Cairo,cairo-alex gate,65,30.0565,31.0209,Alexandria,Sedi Gaber _ Smouha,64,31.2156,29.9424,2025-12-24T11:15:00,325.0,13,GoMini,6,180,Cairo Gate,Smouha
Cairo,cairo-alex gate,65,30.0565,31.0209,Alexandria,Sedi Gaber _ Smouha,64,31.2156,29.9424,2025-12-24T11:35:00,325.0,13,GoMini,6,180,Cairo Gate,Smouha
Cairo,cairo-alex gate,65,30.0565,31.0209,Alexandria,Sedi Gaber _ Smouha,64,31.2156,29.9424,2025-12-24T11:55:00,325.0,13,GoMini,6,180,Cairo Gate,Smouha
Cairo,cairo-alex gate,65,30.0565,31.0209,Alexandria,Sedi Gaber _ Smouha,64,31.2156,29.9424,2025-12-24T12:45:00,310.0,14,GoMini,6,180,Cairo Gate,Smouha
Cairo,cairo-alex gate,65,30.0565,31.0209,Alexandria,Sedi Gaber _ Smouha,64,31.2156,29.9424,2025-12-24T12:55:00,325.0,13,GoMini,6,180,Cairo Gate,Smouha
Cairo,cairo-alex gate,65,30.0565,31.0209,Alexandria,Sedi Gaber _ Smouha,64,31.2156,29.9424,2025-12-24T13:25:00,325.0,13,GoMini,6,180,Cairo Gate,Smouha
Cairo,cairo-alex gate,65,30.0565,31.0209,Alexandria,Sedi Gaber _ Smouha,64,31.2156,29.9424,2025-12-24T14:45:00,310.0,14,GoMini,6,180,Cairo Gate,Smouha
Cairo,cairo-alex gate,65,30.0565,31.0209,Alexandria,Sedi Gaber _ Smouha,64,31.2156,29.9424,2025-12-24T15:25:00,325.0,13,GoMini,6,180,Cairo Gate,Smouha
Cairo,cairo-alex gate,65,30.0565,31.0209,Alexandria,Sedi Gaber _ Smouha,64,31.2156,29.9424,2025-12-24T16:25:00,325.0,13,GoMini,6,180,Cairo Gate,Smouha
Cairo,cairo-alex gate,65,30.0565,31.0209,Alexandria,Sedi Gaber _ Smouha,64,31.2156,29.9424,2025-12-24T18:30:00,325.0,13,GoMini,6,180,Cairo Gate,Smouha
Cairo,cairo-alex gate,65,30.0565,31.0209,Alexandria,Sedi Gaber _ Smouha,64,31.2156,29.9424,2025-12-24T19:25:00,325.0,13,GoMini,6,180,Cairo Gate,Smouha
Cairo,cairo-alex gate,65,30.0565,31.0209,Alexandria,Sedi Gaber _ Smouha,64,31.2156,29.9424,2025-12-24T20:00:00,310.0,14,GoMini,6,180,Cairo Gate,Smouha
Cairo,cairo-alex gate,65,30.0565,31.0209,Alexandria,Sedi Gaber _ Smouha,64,31.2156,29.9424,2025-12-24T21:15:00,325.0,13,GoMini,6,180,Cairo Gate,Smouha
Cairo,cairo-alex gate,65,30.0565,31.0209,Alexandria,Sedi Gaber _ Smouha,64,31.2156,29.9424,2025-12-24T22:25:00,325.0,13,GoMini,6,180,Cairo Gate,Smouha
Cairo,cairo-alex gate,65,30.0565,31.0209,Alexandria,Sedi Gaber _ Smouha,64,31.2156,29.9424,2025-12-24T23:25:00,325.0,13,GoMini,6,180,Cairo Gate,Smouha
Cairo,cairo-alex gate,65,30.0565,31.0209,Alexandria,Sedi Gaber _ Smouha,64,31.2156,29.9424,2025-12-24T23:30:00,310.0,14,GoMini,6,180,Cairo Gate,Smouha
Cairo,cairo-alex gate,65,30.0565,31.0209,Alexandria,Miami,145,31.2725,30.0126,2025-12-24T07:25:00,340.0,13,GoMini,6,180,Cairo Gate,"Miami, 45 St."
Cairo,cairo-alex gate,65,30.0565,31.0209,Alexandria,Miami,145,31.2725,30.0126,2025-12-24T08:00:00,325.0,14,GoMini,6,180,Cairo Gate,"Miami, 45 St."
Cairo,cairo-alex gate,65,30.0565,31.0209,Alexandria,Miami,145,31.2725,30.0126,2025-12-24T09:00:00,325.0,14,GoMini,6,180,Cairo Gate,"Miami, 45 St."
Cairo,cairo-alex gate,65,30.0565,31.0209,Alexandria,Miami,145,31.2725,30.0126,2025-12-24T11:15:00,340.0,13,GoMini,6,180,Cairo Gate,"Miami, 45 St."
Cairo,cairo-alex gate,65,30.0565,31.0209,Alexandria,Miami,145,31.2725,30.0126,2025-12-24T12:45:00,325.0,14,GoMini,6,180,Cairo Gate,"Miami, 45 St."
Cairo,cairo-alex gate,65,30.0565,31.0209,Alexandria,Miami,145,31.2725,30.0126,2025-12-24T14:45:00,325.0,14,GoMini,6,180,Cairo Gate,"Miami, 45 St."
Cairo,cairo-alex gate,65,30.0565,31.0209,Alexandria,Miami,145,31.2725,30.0126,2025-12-24T20:00:00,325.0,14,GoMini,6,180,Cairo Gate,"Miami, 45 St."
Cairo,cairo-alex gate,65,30.0565,31.0209,Alexandria,Miami,145,31.2725,30.0126,2025-12-24T21:15:00,340.0,13,GoMini,6,180,Cairo Gate,"Miami, 45 St."
Cairo,cairo-alex gate,65,30.0565,31.0209,Alexandria,Miami,145,31.2725,30.0126,2025-12-24T22:25:00,340.0,13,GoMini,6,180,Cairo Gate,"Miami, 45 St."
Cairo,cairo-alex gate,65,30.0565,31.0209,Alexandria,Miami,145,31.2725,30.0126,2025-12-24T23:25:00,340.0,13,GoMini,6,180,Cairo Gate,"Miami, 45 St."
Cairo,cairo-alex gate,65,30.0565,31.0209,Alexandria,Miami,145,31.2725,30.0126,2025-12-24T23:30:00,325.0,14,GoMini,6,180,Cairo Gate,"Miami, 45 St."
Cairo,cairo-alex gate,65,30.0565,31.0209,Marsa Matrouh,Marsa Matrouh,68,31.3543,27.2373,2025-12-24T00:55:00,455.0,13,GoMini,6,300,Cairo Gate,Marsa Matrouh Main Office
Cairo,cairo-alex gate,65,30.0565,31.0209,Marsa Matrouh,Marsa Matrouh,68,31.3543,27.2373,2025-12-24T02:25:00,455.0,13,GoMini,6,300,Cairo Gate,Marsa Matrouh Main Office
Cairo,cairo-alex gate,65,30.0565,31.0209,Marsa Matrouh,Marsa Matrouh,68,31.3543,27.2373,2025-12-24T05:25:00,445.0,14,GoMini,6,300,Cairo Gate,Marsa Matrouh Main Office
Cairo,cairo-alex gate,65,30.0565,31.0209,Marsa Matrouh,Marsa Matrouh,68,31.3543,27.2373,2025-12-24T07:25:00,455.0,13,GoMini,6,300,Cairo Gate,Marsa Matrouh Main Office
Cairo,cairo-alex gate,65,30.0565,31.0209,Marsa Matrouh,Marsa Matrouh,68,31.3543,27.2373,2025-12-24T09:25:00,455.0,13,GoMini,6,300,Cairo Gate,Marsa Matrouh Main Office
Cairo,cairo-alex gate,65,30.0565,31.0209,Marsa Matrouh,Marsa Matrouh,68,31.3543,27.2373,2025-12-24T10:25:00,455.0,13,GoMini,6,300,Cairo Gate,Marsa Matrouh Main Office
Cairo,cairo-alex gate,65,30.0565,31.0209,Marsa Matrouh,Marsa Matrouh,68,31.3543,27.2373,2025-12-24T12:25:00,455.0,13,GoMini,6,300,Cairo Gate,Marsa Matrouh Main Office
Cairo,cairo-alex gate,65,30.0565,31.0209,Marsa Matrouh,Marsa Matrouh,68,31.3543,27.2373,2025-12-24T15:25:00,455.0,13,GoMini,6,300,Cairo Gate,Marsa Matrouh Main Office
Cairo,cairo-alex gate,65,30.0565,31.0209,Marsa Matrouh,Marsa Matrouh,68,31.3543,27.2373,2025-12-24T21:25:00,455.0,13,GoMini,6,300,Cairo Gate,Marsa Matrouh Main Office
Cairo,cairo-alex gate,65,30.0565,31.0209,El Dabaa,الضبعة,10099,31.0354,28.4368,2025-12-24T00:55:00,420.0,13,GoMini,6,360,Cairo Gate,EL Dabaa
Cairo,cairo-alex gate,65,30.0565,31.0209,El Dabaa,الضبعة,10099,31.0354,28.4368,2025-12-24T02:25:00,420.0,13,GoMini,6,360,Cairo Gate,EL Dabaa
Cairo,cairo-alex gate,65,30.0565,31.0209,El Dabaa,الضبعة,10099,31.0354,28.4368,2025-12-24T05:25:00,410.0,14,GoMini,6,360,Cairo Gate,EL Dabaa
Cairo,cairo-alex gate,65,30.0565,31.0209,El Dabaa,الضبعة,10099,31.0354,28.4368,2025-12-24T07:25:00,420.0,13,GoMini,6,360,Cairo Gate,EL Dabaa
Cairo,cairo-alex gate,65,30.0565,31.0209,El Dabaa,الضبعة,10099,31.0354,28.4368,2025-12-24T09:25:00,420.0,13,GoMini,6,360,Cairo Gate,EL Dabaa
Cairo,cairo-alex gate,65,30.0565,31.0209,El Dabaa,الضبعة,10099,31.0354,28.4368,2025-12-24T10:25:00,420.0,13,GoMini,6,360,Cairo Gate,EL Dabaa
Cairo,cairo-alex gate,65,30.0565,31.0209,El Dabaa,الضبعة,10099,31.0354,28.4368,2025-12-24T12:25:00,420.0,13,GoMini,6,360,Cairo Gate,EL Dabaa
Cairo,cairo-alex gate,65,30.0565,31.0209,El Dabaa,الضبعة,10099,31.0354,28.4368,2025-12-24T15:25:00,420.0,13,GoMini,6,360,Cairo Gate,EL Dabaa
Cairo,cairo-alex gate,65,30.0565,31.0209,El Dabaa,الضبعة,10099,31.0354,28.4368,2025-12-24T21:25:00,420.0,13,GoMini,6,360,Cairo Gate,EL Dabaa
Hurghada,hurghada,1,27.2579,33.8116,Cairo,tahrir,8,30.0445,31.2357,2025-12-24T00:30:00,425.0,49,Super Go D,0,420,Hurghada,Cairo | Tahrir
Hurghada,hurghada,1,27.2579,33.8116,Cairo,tahrir,8,30.0445,31.2357,2025-12-24T01:05:00,690.0,37,Elite Business Class M,0,420,Hurghada,Cairo | Tahrir
Hurghada,hurghada,1,27.2579,33.8116,Cairo,tahrir,8,30.0445,31.2357,2025-12-24T02:05:00,425.0,49,Super Go D,0,420,Hurghada,Cairo | Tahrir
Hurghada,hurghada,1,27.2579,33.8116,Cairo,tahrir,8,30.0445,31.2357,2025-12-24T02:30:00,1060.0,28,Aero First Class,0,420,Hurghada,Cairo | Tahrir
Hurghada,hurghada,1,27.2579,33.8116,Cairo,tahrir,8,30.0445,31.2357,2025-12-24T03:05:00,690.0,37,Elite Business Class M,0,420,Hurghada,Cairo | Tahrir
Hurghada,hurghada,1,27.2579,33.8116,Cairo,tahrir,8,30.0445,31.2357,2025-12-24T03:30:00,425.0,49,Super Go D,0,420,Hurghada,Cairo | Tahrir
Hurghada,hurghada,1,27.2579,33.8116,Cairo,tahrir,8,30.0445,31.2357,2025-12-24T08:05:00,425.0,49,Super Go D,0,420,Hurghada,Cairo | Tahrir
Hurghada,hurghada,1,27.2579,33.8116,Cairo,tahrir,8,30.0445,31.2357,2025-12-24T09:30:00,690.0,37,Elite Business Class M,0,420,Hurghada,Cairo | Tahrir
Hurghada,hurghada,1,27.2579,33.8116,Cairo,tahrir,8,30.0445,31.2357,2025-12-24T10:35:00,425.0,49,Super Go D,0,420,Hurghada,Cairo | Tahrir
Hurghada,hurghada,1,27.2579,33.8116,Cairo,tahrir,8,30.0445,31.2357,2025-12-24T11:45:00,425.0,49,Super Go D,0,420,Hurghada,Cairo | Tahrir
Hurghada,hurghada,1,27.2579,33.8116,Cairo,tahrir,8,30.0445,31.2357,2025-12-24T13:16:00,1060.0,28,Aero First Class,0,420,Hurghada,Cairo | Tahrir
Hurghada,hurghada,1,27.2579,33.8116,Cairo,tahrir,8,30.0445,31.2357,2025-12-24T13:30:00,690.0,56,Business Class DD,0,420,Hurghada,Cairo | Tahrir
Hurghada,hurghada,1,27.2579,33.8116,Cairo,tahrir,8,30.0445,31.2357,2025-12-24T14:01:00,425.0,49,Super Go D,0,420,Hurghada,Cairo | Tahrir
Hurghada,hurghada,1,27.2579,33.8116,Cairo,tahrir,8,30.0445,31.2357,2025-12-24T14:35:00,425.0,49,Super Go D,0,420,Hurghada,Cairo | Tahrir
Hurghada,hurghada,1,27.2579,33.8116,Cairo,tahrir,8,30.0445,31.2357,2025-12-24T15:01:00,690.0,56,Business Class DD,0,420,Hurghada,Cairo | Tahrir
Hurghada,hurghada,1,27.2579,33.8116,Cairo,tahrir,8,30.0445,31.2357,2025-12-24T15:30:00,690.0,37,Elite Business Class M,0,420,Hurghada,Cairo | Tahrir
Hurghada,hurghada,1,27.2579,33.8116,Cairo,tahrir,8,30.0445,31.2357,2025-12-24T15:59:00,425.0,49,Super Go D,0,420,Hurghada,Cairo | Tahrir
Hurghada,hurghada,1,27.2579,33.8116,Cairo,tahrir,8,30.0445,31.2357,2025-12-24T17:00:00,1060.0,28,Aero First Class,0,420,Hurghada,Cairo | Tahrir
Hurghada,hurghada,1,27.2579,33.8116,Cairo,tahrir,8,30.0445,31.2357,2025-12-24T18:01:00,425.0,49,Super Go D,0,420,Hurghada,Cairo | Tahrir
Hurghada,hurghada,1,27.2579,33.8116,Cairo,tahrir,8,30.0445,31.2357,2025-12-24T20:01:00,690.0,37,Elite Business Class M,0,420,Hurghada,Cairo | Tahrir
Hurghada,hurghada,1,27.2579,33.8116,Cairo,tahrir,8,30.0445,31.2357,2025-12-24T21:05:00,425.0,49,Super Go D,0,420,Hurghada,Cairo | Tahrir
Hurghada,hurghada,1,27.2579,33.8116,Cairo,tahrir,8,30.0445,31.2357,2025-12-24T23:00:00,425.0,49,Super Go D,0,420,Hurghada,Cairo | Tahrir
Hurghada,hurghada,1,27.2579,33.8116,Cairo,tahrir,8,30.0445,31.2357,2025-12-24T23:58:00,690.0,56,Business Class DD,0,420,Hurghada,Cairo | Tahrir
Hurghada,hurghada,1,27.2579,33.8116,Cairo,giza,15,30.0131,31.2089,2025-12-24T10:35:00,425.0,49,Super Go D,0,420,Hurghada,Giza
Hurghada,hurghada,1,27.2579,33.8116,Cairo,giza,15,30.0131,31.2089,2025-12-24T14:01:00,425.0,49,Super Go D,0,420,Hurghada,Giza
Hurghada,hurghada,1,27.2579,33.8116,Cairo,giza,15,30.0131,31.2089,2025-12-24T15:01:00,690.0,56,Business Class DD,0,420,Hurghada,Giza
Hurghada,hurghada,1,27.2579,33.8116,Cairo,giza,15,30.0131,31.2089,2025-12-24T18:01:00,425.0,49,Super Go D,0,420,Hurghada,Giza
Hurghada,hurghada,1,27.2579,33.8116,Cairo,giza,15,30.0131,31.2089,2025-12-24T23:58:00,690.0,56,Business Class DD,0,420,Hurghada,Giza
Hurghada,hurghada,1,27.2579,33.8116,Cairo,El-Tagamou El-Khames,87,30.03,31.47,2025-12-24T02:30:00,1060.0,28,Aero First Class,0,420,Hurghada,El-Tagamou El-Khames
Hurghada,hurghada,1,27.2579,33.8116,Cairo,El-Tagamou El-Khames,87,30.03,31.47,2025-12-24T03:05:00,690.0,37,Elite Business Class M,0,420,Hurghada,El-Tagamou El-Khames
Hurghada,hurghada,1,27.2579,33.8116,Cairo,El-Tagamou El-Khames,87,30.03,31.47,2025-12-24T11:00:00,550.0,13,GoMini,6,420,"Go Bus Station, Nasr Road","The 5th Settlement, Air Force Hospital"
Hurghada,hurghada,1,27.2579,33.8116,Cairo,El-Tagamou El-Khames,87,30.03,31.47,2025-12-24T13:00:00,550.0,13,GoMini,6,420,"Go Bus Station, Nasr Road","The 5th Settlement, Air Force Hospital"
Hurghada,hurghada,1,27.2579,33.8116,Cairo,El-Tagamou El-Khames,87,30.03,31.47,2025-12-24T13:16:00,1060.0,28,Aero First Class,0,420,Hurghada,El-Tagamou El-Khames
Hurghada,hurghada,1,27.2579,33.8116,Cairo,El-Tagamou El-Khames,87,30.03,31.47,2025-12-24T13:30:00,690.0,56,Business Class DD,0,420,Hurghada,El-Tagamou El-Khames
Hurghada,hurghada,1,27.2579,33.8116,Cairo,El-Tagamou El-Khames,87,30.03,31.47,2025-12-24T14:35:00,425.0,49,Super Go D,0,420,Hurghada,El-Tagamou El-Khames
Hurghada,hurghada,1,27.2579,33.8116,Cairo,El-Tagamou El-Khames,87,30.03,31.47,2025-12-24T15:00:00,550.0,13,GoMini,6,420,"Go Bus Station, Nasr Road","The 5th Settlement, Air Force Hospital"
Hurghada,hurghada,1,27.2579,33.8116,Cairo,El-Tagamou El-Khames,87,30.03,31.47,2025-12-24T15:59:00,425.0,49,Super Go D,0,420,Hurghada,El-Tagamou El-Khames
Hurghada,hurghada,1,27.2579,33.8116,Cairo,El-Tagamou El-Khames,87,30.03,31.47,2025-12-24T17:00:00,1060.0,28,Aero First Class,0,420,Hurghada,El-Tagamou El-Khames
Hurghada,hurghada,1,27.2579,33.8116,Cairo,El-Tagamou El-Khames,87,30.03,31.47,2025-12-24T22:00:00,550.0,13,GoMini,6,420,"Go Bus Station, Nasr Road","The 5th Settlement, Air Force Hospital"
Hurghada,hurghada,1,27.2579,33.8116,Cairo,naser city,27,30.0561,31.33,2025-12-24T00:30:00,425.0,49,Super Go D,0,420,Hurghada,NasrCity Station
Hurghada,hurghada,1,27.2579,33.8116,Cairo,naser city,27,30.0561,31.33,2025-12-24T01:05:00,690.0,37,Elite Business Class M,0,420,Hurghada,NasrCity Station
Hurghada,hurghada,1,27.2579,33.8116,Cairo,naser city,27,30.0561,31.33,2025-12-24T02:05:00,425.0,49,Super Go D,0,420,Hurghada,NasrCity Station
Hurghada,hurghada,1,27.2579,33.8116,Cairo,naser city,27,30.0561,31.33,2025-12-24T02:30:00,1060.0,28,Aero First Class,0,420,Hurghada,NasrCity Station
Hurghada,hurghada,1,27.2579,33.8116,Cairo,naser city,27,30.0561,31.33,2025-12-24T03:05:00,690.0,37,Elite Business Class M,0,420,Hurghada,NasrCity Station
Hurghada,hurghada,1,27.2579,33.8116,Cairo,naser city,27,30.0561,31.33,2025-12-24T03:30:00,425.0,49,Super Go D,0,420,Hurghada,NasrCity Station
Hurghada,hurghada,1,27.2579,33.8116,Cairo,naser city,27,30.0561,31.33,2025-12-24T08:05:00,425.0,49,Super Go D,0,420,Hurghada,NasrCity Station
Hurghada,hurghada,1,27.2579,33.8116,Cairo,naser city,27,30.0561,31.33,2025-12-24T09:30:00,690.0,37,Elite Business Class M,0,420,Hurghada,NasrCity Station
Hurghada,hurghada,1,27.2579,33.8116,Cairo,naser city,27,30.0561,31.33,2025-12-24T10:35:00,425.0,49,Super Go D,0,420,Hurghada,NasrCity Station
Hurghada,hurghada,1,27.2579,33.8116,Cairo,naser city,27,30.0561,31.33,2025-12-24T11:45:00,425.0,49,Super Go D,0,420,Hurghada,NasrCity Station
Hurghada,hurghada,1,27.2579,33.8116,Cairo,naser city,27,30.0561,31.33,2025-12-24T13:16:00,1060.0,28,Aero First Class,0,420,Hurghada,NasrCity Station
Hurghada,hurghada,1,27.2579,33.8116,Cairo,naser city,27,30.0561,31.33,2025-12-24T13:30:00,690.0,56,Business Class DD,0,420,Hurghada,NasrCity Station
Hurghada,hurghada,1,27.2579,33.8116,Cairo,naser city,27,30.0561,31.33,2025-12-24T14:01:00,425.0,49,Super Go D,0,420,Hurghada,NasrCity Station
Hurghada,hurghada,1,27.2579,33.8116,Cairo,naser city,27,30.0561,31.33,2025-12-24T15:01:00,690.0,56,Business Class DD,0,420,Hurghada,NasrCity Station
Hurghada,hurghada,1,27.2579,33.8116,Cairo,naser city,27,30.0561,31.33,2025-12-24T15:30:00,690.0,37,Elite Business Class M,0,420,Hurghada,NasrCity Station
Hurghada,hurghada,1,27.2579,33.8116,Cairo,naser city,27,30.0561,31.33,2025-12-24T15:59:00,425.0,49,Super Go D,0,420,Hurghada,NasrCity Station
Hurghada,hurghada,1,27.2579,33.8116,Cairo,naser city,27,30.0561,31.33,2025-12-24T17:00:00,1060.0,28,Aero First Class,0,420,Hurghada,NasrCity Station
Hurghada,hurghada,1,27.2579,33.8116,Cairo,naser city,27,30.0561,31.33,2025-12-24T18:01:00,425.0,49,Super Go D,0,420,Hurghada,NasrCity Station
Hurghada,hurghada,1,27.2579,33.8116,Cairo,naser city,27,30.0561,31.33,2025-12-24T20:01:00,690.0,37,Elite Business Class M,0,420,Hurghada,NasrCity Station
Hurghada,hurghada,1,27.2579,33.8116,Cairo,naser city,27,30.0561,31.33,2025-12-24T21:05:00,425.0,49,Super Go D,0,420,Hurghada,NasrCity Station
Hurghada,hurghada,1,27.2579,33.8116,Cairo,naser city,27,30.0561,31.33,2025-12-24T23:00:00,425.0,49,Super Go D,0,420,Hurghada,NasrCity Station
Hurghada,hurghada,1,27.2579,33.8116,Cairo,naser city,27,30.0561,31.33,2025-12-24T23:58:00,690.0,56,Business Class DD,0,420,Hurghada,NasrCity Station
Hurghada,hurghada,1,27.2579,33.8116,Cairo,nady el sekka,9,30.061,31.2467,2025-12-24T11:00:00,550.0,13,GoMini,6,420,"Go Bus Station, Nasr Road",Nasr City (Nadi El-Sekka)
Hurghada,hurghada,1,27.2579,33.8116,Cairo,nady el sekka,9,30.061,31.2467,2025-12-24T13:00:00,550.0,13,GoMini,6,420,"Go Bus Station, Nasr Road",Nasr City (Nadi El-Sekka)
Hurghada,hurghada,1,27.2579,33.8116,Cairo,nady el sekka,9,30.061,31.2467,2025-12-24T15:00:00,550.0,13,GoMini,6,420,"Go Bus Station, Nasr Road",Nasr City (Nadi El-Sekka)
Hurghada,hurghada,1,27.2579,33.8116,Cairo,nady el sekka,9,30.061,31.2467,2025-12-24T22:00:00,550.0,13,GoMini,6,420,"Go Bus Station, Nasr Road",Nasr City (Nadi El-Sekka)
Hurghada,hurghada,1,27.2579,33.8116,Cairo,el rehab,42,30.0636,31.4916,2025-12-24T11:00:00,550.0,13,GoMini,6,420,"Go Bus Station, Nasr Road","El Rehab, Gate 6, The Corner Mall"
Hurghada,hurghada,1,27.2579,33.8116,Cairo,el rehab,42,30.0636,31.4916,2025-12-24T13:00:00,565.0,13,GoMini,6,420,"Go Bus Station, Nasr Road","El Rehab, Gate 6, The Corner Mall"
Hurghada,hurghada,1,27.2579,33.8116,Cairo,el rehab,42,30.0636,31.4916,2025-12-24T15:00:00,550.0,13,GoMini,6,420,"Go Bus Station, Nasr Road","El Rehab, Gate 6, The Corner Mall"
Hurghada,hurghada,1,27.2579,33.8116,Cairo,el rehab,42,30.0636,31.4916,2025-12-24T22:00:00,550.0,13,GoMini,6,420,"Go Bus Station, Nasr Road","El Rehab, Gate 6, The Corner Mall"
Hurghada,hurghada,1,27.2579,33.8116,Cairo,madinty,43,30.0956,31.6386,2025-12-24T11:00:00,550.0,13,GoMini,6,420,"Go Bus Station, Nasr Road","Madinaty, Gate 1"
Hurghada,hurghada,1,27.2579,33.8116,Cairo,madinty,43,30.0956,31.6386,2025-12-24T13:00:00,580.0,13,GoMini,6,420,"Go Bus Station, Nasr Road","Madinaty, Gate 1"
Hurghada,hurghada,1,27.2579,33.8116,Cairo,madinty,43,30.0956,31.6386,2025-12-24T15:00:00,550.0,13,GoMini,6,420,"Go Bus Station, Nasr Road","Madinaty, Gate 1"
Hurghada,hurghada,1,27.2579,33.8116,Cairo,madinty,43,30.0956,31.6386,2025-12-24T22:00:00,550.0,13,GoMini,6,420,"Go Bus Station, Nasr Road","Madinaty, Gate 1"
Hurghada,hurghada,1,27.2579,33.8116,Cairo,sixith of october,98,29.9561,31.0042,2025-12-24T01:05:00,690.0,37,Elite Business Class M,0,420,Hurghada,Sixth of october
Hurghada,hurghada,1,27.2579,33.8116,Cairo,sixith of october,98,29.9561,31.0042,2025-12-24T14:35:00,425.0,49,Super Go D,0,420,Hurghada,Sixth of october
Hurghada,hurghada,1,27.2579,33.8116,Cairo,sixith of october,98,29.9561,31.0042,2025-12-24T20:01:00,690.0,37,Elite Business Class M,0,420,Hurghada,Sixth of october
Hurghada,hurghada,1,27.2579,33.8116,Alexandria,Moharam BK,18,31.1917,29.9187,2025-12-24T13:05:00,575.0,61,Super Go D,0,480,Hurghada,Alex - Moharam BK
Hurghada,hurghada,1,27.2579,33.8116,Alexandria,Moharam BK,18,31.1917,29.9187,2025-12-24T21:00:00,575.0,61,Super Go D,0,480,Hurghada,Alex - Moharam BK
Hurghada,hurghada,1,27.2579,33.8116,Sokhna,Porto El Sokhna,26,29.4397,32.4867,2025-12-24T10:35:00,250.0,49,Super Go D,0,360,Hurghada,Porto El Sokhna
Hurghada,hurghada,1,27.2579,33.8116,Sokhna,Porto El Sokhna,26,29.4397,32.4867,2025-12-24T14:01:00,250.0,49,Super Go D,0,360,Hurghada,Porto El Sokhna
Hurghada,hurghada,1,27.2579,33.8116,Sokhna,Porto El Sokhna,26,29.4397,32.4867,2025-12-24T18:01:00,250.0,49,Super Go D,0,360,Hurghada,Porto El Sokhna
Hurghada,hurghada,1,27.2579,33.8116,Qena,Qena,63,26.1551,32.716,2025-12-24T08:15:00,240.0,46,Super Go I,0,360,Hurghada,Qena
Hurghada,hurghada,1,27.2579,33.8116,Qena,Qena,63,26.1551,32.716,2025-12-24T13:29:00,240.0,49,Super Go D,0,360,Hurghada,Qena
Hurghada,hurghada,1,27.2579,33.8116,Qena,Qena,63,26.1551,32.716,2025-12-24T15:30:00,240.0,49,Super Go D,0,360,Hurghada,Qena
Hurghada,hurghada,1,27.2579,33.8116,Qena,Qena,63,26.1551,32.716,2025-12-24T17:31:00,240.0,49,Super Go D,0,360,Hurghada,Qena
Hurghada,hurghada,1,27.2579,33.8116,Luxor,Luxor,57,25.6872,32.6396,2025-12-24T08:15:00,400.0,46,Super Go I,0,240,Hurghada,Luxor
Hurghada,hurghada,1,27.2579,33.8116,Luxor,Luxor,57,25.6872,32.6396,2025-12-24T10:01:00,600.0,37,Elite Business Class M,0,240,Hurghada,Luxor
Hurghada,hurghada,1,27.2579,33.8116,Luxor,Luxor,57,25.6872,32.6396,2025-12-24T13:29:00,400.0,49,Super Go D,0,240,Hurghada,Luxor
Hurghada,hurghada,1,27.2579,33.8116,Luxor,Luxor,57,25.6872,32.6396,2025-12-24T15:30:00,400.0,49,Super Go D,0,240,Hurghada,Luxor
Hurghada,hurghada,1,27.2579,33.8116,Luxor,Luxor,57,25.6872,32.6396,2025-12-24T17:31:00,320.0,49,Super Go D,0,240,Hurghada,Luxor
Hurghada,hurghada,1,27.2579,33.8116,Luxor,Luxor,57,25.6872,32.6396,2025-12-24T19:00:00,600.0,37,Elite Business Class M,0,240,Hurghada,Luxor
Hurghada,hurghada,1,27.2579,33.8116,Assiut,Assiut,36,27.1809,31.1837,2025-12-24T08:00:00,460.0,13,GoMini,6,240,"Go Bus Station, Nasr Road","Assiut, El Helaly"
Hurghada,hurghada,1,27.2579,33.8116,Assiut,Assiut,36,27.1809,31.1837,2025-12-24T13:30:00,360.0,49,Super Go D,0,240,Hurghada,Assiut
Hurghada,hurghada,1,27.2579,33.8116,Assiut,Assiut,36,27.1809,31.1837,2025-12-24T15:30:00,440.0,14,GoMini,6,240,"Go Bus Station, Nasr Road","Assiut, El Helaly"
Hurghada,hurghada,1,27.2579,33.8116,Assiut,Assiut,36,27.1809,31.1837,2025-12-24T23:00:00,460.0,13,GoMini,6,240,"Go Bus Station, Nasr Road","Assiut, El Helaly"
Hurghada,hurghada,1,27.2579,33.8116,Assiut,Assiut,36,27.1809,31.1837,2025-12-24T23:59:00,460.0,13,GoMini,6,240,"Go Bus Station, Nasr Road","Assiut, El Helaly"
Hurghada,hurghada,1,27.2579,33.8116,Port Said,Port Said Downtown,378,31.2653,32.3019,2025-12-24T14:30:00,620.0,14,High ace Toyota,6,360,"Go Bus Station, Nasr Road","Port Said, Downtown"
Hurghada,elahyaa,606,27.3098,33.7802,Alexandria,Moharam BK,18,31.1917,29.9187,2025-12-24T13:35:00,575.0,61,Super Go D,0,480,El-Ahyaa,Alex - Moharam BK
Sharm el Shiekh,Royssat,3,27.8736,34.3033,Cairo,tahrir,8,30.0445,31.2357,2025-12-24T00:46:00,400.0,49,Super Go D,0,480,Sharm-Royssat,Cairo | Tahrir
Sharm el Shiekh,Royssat,3,27.8736,34.3033,Cairo,tahrir,8,30.0445,31.2357,2025-12-24T01:01:00,585.0,37,Elite Business Class M,0,480,Sharm-Royssat,Cairo | Tahrir
Sharm el Shiekh,Royssat,3,27.8736,34.3033,Cairo,tahrir,8,30.0445,31.2357,2025-12-24T01:35:00,620.0,14,GoMini,6,480,Rowisat,"Abdel-Moneim Reyad Squer, ( Tahrir )"
Sharm el Shiekh,Royssat,3,27.8736,34.3033,Cairo,tahrir,8,30.0445,31.2357,2025-12-24T05:50:00,585.0,56,Business Class DD,0,480,Sharm-Royssat,Cairo | Tahrir
Sharm el Shiekh,Royssat,3,27.8736,34.3033,Cairo,tahrir,8,30.0445,31.2357,2025-12-24T06:50:00,620.0,14,GoMini,6,480,Rowisat,"Abdel-Moneim Reyad Squer, ( Tahrir )"
Sharm el Shiekh,Royssat,3,27.8736,34.3033,Cairo,tahrir,8,30.0445,31.2357,2025-12-24T08:55:00,400.0,49,Super Go D,0,480,Sharm-Royssat,Cairo | Tahrir
Sharm el Shiekh,Royssat,3,27.8736,34.3033,Cairo,tahrir,8,30.0445,31.2357,2025-12-24T11:20:00,660.0,13,GoMini,6,480,Rowisat,"Abdel-Moneim Reyad Squer, ( Tahrir )"
Sharm el Shiekh,Royssat,3,27.8736,34.3033,Cairo,tahrir,8,30.0445,31.2357,2025-12-24T11:29:00,400.0,49,Super Go D,0,480,Sharm-Royssat,Cairo | Tahrir
Sharm el Shiekh,Royssat,3,27.8736,34.3033,Cairo,tahrir,8,30.0445,31.2357,2025-12-24T12:20:00,660.0,13,GoMini,6,480,Rowisat,"Abdel-Moneim Reyad Squer, ( Tahrir )"
Sharm el Shiekh,Royssat,3,27.8736,34.3033,Cairo,tahrir,8,30.0445,31.2357,2025-12-24T12:55:00,400.0,49,Super Go D,0,480,Sharm-Royssat,Cairo | Tahrir
Sharm el Shiekh,Royssat,3,27.8736,34.3033,Cairo,tahrir,8,30.0445,31.2357,2025-12-24T13:44:00,585.0,56,Business Class DD,0,480,Sharm-Royssat,Cairo | Tahrir
Sharm el Shiekh,Royssat,3,27.8736,34.3033,Cairo,tahrir,8,30.0445,31.2357,2025-12-24T14:25:00,660.0,13,GoMini,6,480,Rowisat,"Abdel-Moneim Reyad Squer, ( Tahrir )"
Sharm el Shiekh,Royssat,3,27.8736,34.3033,Cairo,tahrir,8,30.0445,31.2357,2025-12-24T15:20:00,660.0,13,GoMini,6,480,Rowisat,"Abdel-Moneim Reyad Squer, ( Tahrir )"
Sharm el Shiekh,Royssat,3,27.8736,34.3033,Cairo,tahrir,8,30.0445,31.2357,2025-12-24T16:16:00,585.0,37,Elite Business Class M,0,480,Sharm-Royssat,Cairo | Tahrir
Sharm el Shiekh,Royssat,3,27.8736,34.3033,Cairo,tahrir,8,30.0445,31.2357,2025-12-24T17:20:00,660.0,13,GoMini,6,480,Rowisat,"Abdel-Moneim Reyad Squer, ( Tahrir )"
Sharm el Shiekh,Royssat,3,27.8736,34.3033,Cairo,tahrir,8,30.0445,31.2357,2025-12-24T18:01:00,400.0,49,Super Go D,0,480,Sharm-Royssat,Cairo | Tahrir
Sharm el Shiekh,Royssat,3,27.8736,34.3033,Cairo,tahrir,8,30.0445,31.2357,2025-12-24T19:50:00,660.0,13,GoMini,6,480,Rowisat,"Abdel-Moneim Reyad Squer, ( Tahrir )"
Sharm el Shiekh,Royssat,3,27.8736,34.3033,Cairo,tahrir,8,30.0445,31.2357,2025-12-24T22:01:00,400.0,49,Super Go D,0,480,Sharm-Royssat,Cairo | Tahrir
Sharm el Shiekh,Royssat,3,27.8736,34.3033,Cairo,tahrir,8,30.0445,31.2357,2025-12-24T23:25:00,400.0,49,Super Go D,0,480,Sharm-Royssat,Cairo | Tahrir
Sharm el Shiekh,Royssat,3,27.8736,34.3033,Cairo,tahrir,8,30.0445,31.2357,2025-12-24T23:35:00,660.0,13,GoMini,6,480,Rowisat,"Abdel-Moneim Reyad Squer, ( Tahrir )"
Sharm el Shiekh,Royssat,3,27.8736,34.3033,Cairo,giza,15,30.0131,31.2089,2025-12-24T06:50:00,620.0,14,GoMini,6,480,Rowisat,Giza
Sharm el Shiekh,Royssat,3,27.8736,34.3033,Cairo,giza,15,30.0131,31.2089,2025-12-24T12:55:00,400.0,49,Super Go D,0,480,Sharm-Royssat,Giza
Sharm el Shiekh,Royssat,3,27.8736,34.3033,Cairo,giza,15,30.0131,31.2089,2025-12-24T15:20:00,660.0,13,GoMini,6,480,Rowisat,Giza
Sharm el Shiekh,Royssat,3,27.8736,34.3033,Cairo,giza,15,30.0131,31.2089,2025-12-24T18:01:00,400.0,49,Super Go D,0,480,Sharm-Royssat,Giza
Sharm el Shiekh,Royssat,3,27.8736,34.3033,Cairo,giza,15,30.0131,31.2089,2025-12-24T22:01:00,400.0,49,Super Go D,0,480,Sharm-Royssat,Giza
Sharm el Shiekh,Royssat,3,27.8736,34.3033,Cairo,El-Tagamou El-Khames,87,30.03,31.47,2025-12-24T13:50:00,690.0,13,GoMini,6,480,Rowisat,"The 5th Settlement, Air Force Hospital"
Sharm el Shiekh,Royssat,3,27.8736,34.3033,Cairo,naser city,27,30.0561,31.33,2025-12-24T00:46:00,400.0,49,Super Go D,0,480,Sharm-Royssat,NasrCity Station
Sharm el Shiekh,Royssat,3,27.8736,34.3033,Cairo,naser city,27,30.0561,31.33,2025-12-24T01:01:00,585.0,37,Elite Business Class M,0,480,Sharm-Royssat,NasrCity Station
Sharm el Shiekh,Royssat,3,27.8736,34.3033,Cairo,naser city,27,30.0561,31.33,2025-12-24T05:50:00,585.0,56,Business Class DD,0,480,Sharm-Royssat,NasrCity Station
Sharm el Shiekh,Royssat,3,27.8736,34.3033,Cairo,naser city,27,30.0561,31.33,2025-12-24T08:55:00,400.0,49,Super Go D,0,480,Sharm-Royssat,NasrCity Station
Sharm el Shiekh,Royssat,3,27.8736,34.3033,Cairo,naser city,27,30.0561,31.33,2025-12-24T11:29:00,400.0,49,Super Go D,0,480,Sharm-Royssat,NasrCity Station
Sharm el Shiekh,Royssat,3,27.8736,34.3033,Cairo,naser city,27,30.0561,31.33,2025-12-24T12:55:00,400.0,49,Super Go D,0,480,Sharm-Royssat,NasrCity Station
Sharm el Shiekh,Royssat,3,27.8736,34.3033,Cairo,naser city,27,30.0561,31.33,2025-12-24T13:44:00,585.0,56,Business Class DD,0,480,Sharm-Royssat,NasrCity Station
Sharm el Shiekh,Royssat,3,27.8736,34.3033,Cairo,naser city,27,30.0561,31.33,2025-12-24T16:16:00,585.0,37,Elite Business Class M,0,480,Sharm-Royssat,NasrCity Station
Sharm el Shiekh,Royssat,3,27.8736,34.3033,Cairo,naser city,27,30.0561,31.33,2025-12-24T18:01:00,400.0,49,Super Go D,0,480,Sharm-Royssat,NasrCity Station
Sharm el Shiekh,Royssat,3,27.8736,34.3033,Cairo,naser city,27,30.0561,31.33,2025-12-24T22:01:00,400.0,49,Super Go D,0,480,Sharm-Royssat,NasrCity Station
Sharm el Shiekh,Royssat,3,27.8736,34.3033,Cairo,naser city,27,30.0561,31.33,2025-12-24T23:25:00,400.0,49,Super Go D,0,480,Sharm-Royssat,NasrCity Station
Sharm el Shiekh,Royssat,3,27.8736,34.3033,Cairo,nady el sekka,9,30.061,31.2467,2025-12-24T01:35:00,620.0,14,GoMini,6,480,Rowisat,Nasr City (Nadi El-Sekka)
Sharm el Shiekh,Royssat,3,27.8736,34.3033,Cairo,nady el sekka,9,30.061,31.2467,2025-12-24T06:50:00,620.0,14,GoMini,6,480,Rowisat,Nasr City (Nadi El-Sekka)
Sharm el Shiekh,Royssat,3,27.8736,34.3033,Cairo,nady el sekka,9,30.061,31.2467,2025-12-24T11:20:00,660.0,13,GoMini,6,480,Rowisat,Nasr City (Nadi El-Sekka)
Sharm el Shiekh,Royssat,3,27.8736,34.3033,Cairo,nady el sekka,9,30.061,31.2467,2025-12-24T12:20:00,660.0,13,GoMini,6,480,Rowisat,Nasr City (Nadi El-Sekka)
Sharm el Shiekh,Royssat,3,27.8736,34.3033,Cairo,nady el sekka,9,30.061,31.2467,2025-12-24T14:25:00,660.0,13,GoMini,6,480,Rowisat,Nasr City (Nadi El-Sekka)
Sharm el Shiekh,Royssat,3,27.8736,34.3033,Cairo,nady el sekka,9,30.061,31.2467,2025-12-24T15:20:00,660.0,13,GoMini,6,480,Rowisat,Nasr City (Nadi El-Sekka)
Sharm el Shiekh,Royssat,3,27.8736,34.3033,Cairo,nady el sekka,9,30.061,31.2467,2025-12-24T17:20:00,660.0,13,GoMini,6,480,Rowisat,Nasr City (Nadi El-Sekka)
Sharm el Shiekh,Royssat,3,27.8736,34.3033,Cairo,nady el sekka,9,30.061,31.2467,2025-12-24T19:50:00,660.0,13,GoMini,6,480,Rowisat,Nasr City (Nadi El-Sekka)
Sharm el Shiekh,Royssat,3,27.8736,34.3033,Cairo,nady el sekka,9,30.061,31.2467,2025-12-24T23:35:00,660.0,13,GoMini,6,480,Rowisat,Nasr City (Nadi El-Sekka)
Sharm el Shiekh,Royssat,3,27.8736,34.3033,Cairo,el rehab,42,30.0636,31.4916,2025-12-24T13:50:00,690.0,13,GoMini,6,480,Rowisat,"El Rehab, Gate 6, The Corner Mall"
Sharm el Shiekh,Royssat,3,27.8736,34.3033,Cairo,madinty,43,30.0956,31.6386,2025-12-24T01:35:00,650.0,14,GoMini,6,480,Rowisat,"Madinaty, Gate 1"
Sharm el Shiekh,Royssat,3,27.8736,34.3033,Cairo,madinty,43,30.0956,31.6386,2025-12-24T06:50:00,650.0,14,GoMini,6,480,Rowisat,"Madinaty, Gate 1"
Sharm el Shiekh,Royssat,3,27.8736,34.3033,Cairo,madinty,43,30.0956,31.6386,2025-12-24T11:20:00,690.0,13,GoMini,6,480,Rowisat,"Madinaty, Gate 1"
Sharm el Shiekh,Royssat,3,27.8736,34.3033,Cairo,madinty,43,30.0956,31.6386,2025-12-24T12:20:00,690.0,13,GoMini,6,480,Rowisat,"Madinaty, Gate 1"
Sharm el Shiekh,Royssat,3,27.8736,34.3033,Cairo,madinty,43,30.0956,31.6386,2025-12-24T14:25:00,690.0,13,GoMini,6,480,Rowisat,"Madinaty, Gate 1"
Sharm el Shiekh,Royssat,3,27.8736,34.3033,Cairo,madinty,43,30.0956,31.6386,2025-12-24T15:20:00,690.0,13,GoMini,6,480,Rowisat,"Madinaty, Gate 1"
Sharm el Shiekh,Royssat,3,27.8736,34.3033,Cairo,madinty,43,30.0956,31.6386,2025-12-24T17:20:00,690.0,13,GoMini,6,480,Rowisat,"Madinaty, Gate 1"
Sharm el Shiekh,Royssat,3,27.8736,34.3033,Cairo,madinty,43,30.0956,31.6386,2025-12-24T19:50:00,690.0,13,GoMini,6,480,Rowisat,"Madinaty, Gate 1"
Sharm el Shiekh,Royssat,3,27.8736,34.3033,Cairo,madinty,43,30.0956,31.6386,2025-12-24T23:35:00,690.0,13,GoMini,6,480,Rowisat,"Madinaty, Gate 1"
Sharm el Shiekh,Royssat,3,27.8736,34.3033,Cairo,sixith of october,98,29.9561,31.0042,2025-12-24T00:46:00,400.0,49,Super Go D,0,480,Sharm-Royssat,Sixth of october
Sharm el Shiekh,Royssat,3,27.8736,34.3033,Cairo,sixith of october,98,29.9561,31.0042,2025-12-24T13:44:00,585.0,56,Business Class DD,0,480,Sharm-Royssat,Sixth of october
Sharm el Shiekh,Royssat,3,27.8736,34.3033,Cairo,sixith of october,98,29.9561,31.0042,2025-12-24T13:50:00,690.0,13,GoMini,6,480,Rowisat,6th of October
Sharm el Shiekh,Royssat,3,27.8736,34.3033,Cairo,sixith of october,98,29.9561,31.0042,2025-12-24T23:25:00,400.0,49,Super Go D,0,480,Sharm-Royssat,Sixth of october
Sharm el Shiekh,Royssat,3,27.8736,34.3033,Alexandria,Moharam BK,18,31.1917,29.9187,2025-12-24T16:30:00,850.0,37,Elite Business Class M,0,540,Sharm-Royssat,Alex - Moharam BK
Sharm el Shiekh,Royssat,3,27.8736,34.3033,Alexandria,Moharam BK,18,31.1917,29.9187,2025-12-24T20:30:00,635.0,49,Super Go D,0,540,Sharm-Royssat,Alex - Moharam BK
Sharm el Shiekh,Royssat,3,27.8736,34.3033,Dahab,Dahab,40,28.5,34.5167,2025-12-24T11:05:00,275.0,37,Elite Business Class M,0,360,Sharm-Royssat,Dahab
Sharm el Shiekh,Royssat,3,27.8736,34.3033,Dahab,Dahab,40,28.5,34.5167,2025-12-24T13:35:00,245.0,49,Super Go D,0,360,Sharm-Royssat,Dahab
Sharm el Shiekh,Sharm Gobus Station,51,27.9158,34.33,Cairo,tahrir,8,30.0445,31.2357,2025-12-24T01:16:00,400.0,49,Super Go D,0,480,Sharm Gobus Station,Cairo | Tahrir
Sharm el Shiekh,Sharm Gobus Station,51,27.9158,34.33,Cairo,tahrir,8,30.0445,31.2357,2025-12-24T01:31:00,585.0,37,Elite Business Class M,0,480,Sharm Gobus Station,Cairo | Tahrir
Sharm el Shiekh,Sharm Gobus Station,51,27.9158,34.33,Cairo,tahrir,8,30.0445,31.2357,2025-12-24T01:45:00,620.0,14,GoMini,6,480,Sharm El-Sheikh Station,"Abdel-Moneim Reyad Squer, ( Tahrir )"
Sharm el Shiekh,Sharm Gobus Station,51,27.9158,34.33,Cairo,tahrir,8,30.0445,31.2357,2025-12-24T02:01:00,400.0,49,Super Go D,0,480,Sharm Gobus Station,Cairo | Tahrir
Sharm el Shiekh,Sharm Gobus Station,51,27.9158,34.33,Cairo,tahrir,8,30.0445,31.2357,2025-12-24T06:20:00,585.0,56,Business Class DD,0,480,Sharm Gobus Station,Cairo | Tahrir
Sharm el Shiekh,Sharm Gobus Station,51,27.9158,34.33,Cairo,tahrir,8,30.0445,31.2357,2025-12-24T07:00:00,620.0,14,GoMini,6,480,Sharm El-Sheikh Station,"Abdel-Moneim Reyad Squer, ( Tahrir )"
Sharm el Shiekh,Sharm Gobus Station,51,27.9158,34.33,Cairo,tahrir,8,30.0445,31.2357,2025-12-24T09:25:00,400.0,49,Super Go D,0,480,Sharm Gobus Station,Cairo | Tahrir
Sharm el Shiekh,Sharm Gobus Station,51,27.9158,34.33,Cairo,tahrir,8,30.0445,31.2357,2025-12-24T11:30:00,660.0,13,GoMini,6,480,Sharm El-Sheikh Station,"Abdel-Moneim Reyad Squer, ( Tahrir )"
Sharm el Shiekh,Sharm Gobus Station,51,27.9158,34.33,Cairo,tahrir,8,30.0445,31.2357,2025-12-24T11:59:00,400.0,49,Super Go D,0,480,Sharm Gobus Station,Cairo | Tahrir
Sharm el Shiekh,Sharm Gobus Station,51,27.9158,34.33,Cairo,tahrir,8,30.0445,31.2357,2025-12-24T12:30:00,660.0,13,GoMini,6,480,Sharm El-Sheikh Station,"Abdel-Moneim Reyad Squer, ( Tahrir )"
Sharm el Shiekh,Sharm Gobus Station,51,27.9158,34.33,Cairo,tahrir,8,30.0445,31.2357,2025-12-24T13:00:00,585.0,37,Elite Business Class M,0,480,Sharm Gobus Station,Cairo | Tahrir
Sharm el Shiekh,Sharm Gobus Station,51,27.9158,34.33,Cairo,tahrir,8,30.0445,31.2357,2025-12-24T13:25:00,400.0,49,Super Go D,0,480,Sharm Gobus Station,Cairo | Tahrir
Sharm el Shiekh,Sharm Gobus Station,51,27.9158,34.33,Cairo,tahrir,8,30.0445,31.2357,2025-12-24T14:14:00,585.0,56,Business Class DD,0,480,Sharm Gobus Station,Cairo | Tahrir
Sharm el Shiekh,Sharm Gobus Station,51,27.9158,34.33,Cairo,tahrir,8,30.0445,31.2357,2025-12-24T14:35:00,660.0,13,GoMini,6,480,Sharm El-Sheikh Station,"Abdel-Moneim Reyad Squer, ( Tahrir )"
Sharm el Shiekh,Sharm Gobus Station,51,27.9158,34.33,Cairo,tahrir,8,30.0445,31.2357,2025-12-24T15:05:00,585.0,56,Business Class DD,0,480,Sharm Gobus Station,Cairo | Tahrir
Sharm el Shiekh,Sharm Gobus Station,51,27.9158,34.33,Cairo,tahrir,8,30.0445,31.2357,2025-12-24T15:30:00,660.0,13,GoMini,6,480,Sharm El-Sheikh Station,"Abdel-Moneim Reyad Squer, ( Tahrir )"
Sharm el Shiekh,Sharm Gobus Station,51,27.9158,34.33,Cairo,tahrir,8,30.0445,31.2357,2025-12-24T16:46:00,585.0,37,Elite Business Class M,0,480,Sharm Gobus Station,Cairo | Tahrir
Sharm el Shiekh,Sharm Gobus Station,51,27.9158,34.33,Cairo,tahrir,8,30.0445,31.2357,2025-12-24T17:30:00,660.0,13,GoMini,6,480,Sharm El-Sheikh Station,"Abdel-Moneim Reyad Squer, ( Tahrir )"
Sharm el Shiekh,Sharm Gobus Station,51,27.9158,34.33,Cairo,tahrir,8,30.0445,31.2357,2025-12-24T18:31:00,400.0,49,Super Go D,0,480,Sharm Gobus Station,Cairo | Tahrir
Sharm el Shiekh,Sharm Gobus Station,51,27.9158,34.33,Cairo,tahrir,8,30.0445,31.2357,2025-12-24T19:45:00,400.0,49,Super Go D,0,480,Sharm Gobus Station,Cairo | Tahrir
Sharm el Shiekh,Sharm Gobus Station,51,27.9158,34.33,Cairo,tahrir,8,30.0445,31.2357,2025-12-24T20:00:00,660.0,13,GoMini,6,480,Sharm El-Sheikh Station,"Abdel-Moneim Reyad Squer, ( Tahrir )"
Sharm el Shiekh,Sharm Gobus Station,51,27.9158,34.33,Cairo,tahrir,8,30.0445,31.2357,2025-12-24T22:31:00,400.0,49,Super Go D,0,480,Sharm Gobus Station,Cairo | Tahrir
Sharm el Shiekh,Sharm Gobus Station,51,27.9158,34.33,Cairo,tahrir,8,30.0445,31.2357,2025-12-24T23:45:00,660.0,13,GoMini,6,480,Sharm El-Sheikh Station,"Abdel-Moneim Reyad Squer, ( Tahrir )"
Sharm el Shiekh,Sharm Gobus Station,51,27.9158,34.33,Cairo,tahrir,8,30.0445,31.2357,2025-12-24T23:55:00,400.0,49,Super Go D,0,480,Sharm Gobus Station,Cairo | Tahrir
Sharm el Shiekh,Sharm Gobus Station,51,27.9158,34.33,Cairo,giza,15,30.0131,31.2089,2025-12-24T07:00:00,620.0,14,GoMini,6,480,Sharm El-Sheikh Station,Giza
Sharm el Shiekh,Sharm Gobus Station,51,27.9158,34.33,Cairo,giza,15,30.0131,31.2089,2025-12-24T13:25:00,400.0,49,Super Go D,0,480,Sharm Gobus Station,Giza
Sharm el Shiekh,Sharm Gobus Station,51,27.9158,34.33,Cairo,giza,15,30.0131,31.2089,2025-12-24T15:30:00,660.0,13,GoMini,6,480,Sharm El-Sheikh Station,Giza
Sharm el Shiekh,Sharm Gobus Station,51,27.9158,34.33,Cairo,giza,15,30.0131,31.2089,2025-12-24T18:31:00,400.0,49,Super Go D,0,480,Sharm Gobus Station,Giza
Sharm el Shiekh,Sharm Gobus Station,51,27.9158,34.33,Cairo,giza,15,30.0131,31.2089,2025-12-24T19:45:00,400.0,49,Super Go D,0,480,Sharm Gobus Station,Giza
Sharm el Shiekh,Sharm Gobus Station,51,27.9158,34.33,Cairo,giza,15,30.0131,31.2089,2025-12-24T22:31:00,400.0,49,Super Go D,0,480,Sharm Gobus Station,Giza
Sharm el Shiekh,Sharm Gobus Station,51,27.9158,34.33,Cairo,El-Tagamou El-Khames,87,30.03,31.47,2025-12-24T13:00:00,585.0,37,Elite Business Class M,0,480,Sharm Gobus Station,El-Tagamou El-Khames
Sharm el Shiekh,Sharm Gobus Station,51,27.9158,34.33,Cairo,El-Tagamou El-Khames,87,30.03,31.47,2025-12-24T14:00:00,690.0,13,GoMini,6,480,Sharm El-Sheikh Station,"The 5th Settlement, Air Force Hospital"
Sharm el Shiekh,Sharm Gobus Station,51,27.9158,34.33,Cairo,naser city,27,30.0561,31.33,2025-12-24T01:16:00,400.0,49,Super Go D,0,480,Sharm Gobus Station,NasrCity Station
Sharm el Shiekh,Sharm Gobus Station,51,27.9158,34.33,Cairo,naser city,27,30.0561,31.33,2025-12-24T01:31:00,585.0,37,Elite Business Class M,0,480,Sharm Gobus Station,NasrCity Station
Sharm el Shiekh,Sharm Gobus Station,51,27.9158,34.33,Cairo,naser city,27,30.0561,31.33,2025-12-24T02:01:00,400.0,49,Super Go D,0,480,Sharm Gobus Station,NasrCity Station
Sharm el Shiekh,Sharm Gobus Station,51,27.9158,34.33,Cairo,naser city,27,30.0561,31.33,2025-12-24T06:20:00,585.0,56,Business Class DD,0,480,Sharm Gobus Station,NasrCity Station
Sharm el Shiekh,Sharm Gobus Station,51,27.9158,34.33,Cairo,naser city,27,30.0561,31.33,2025-12-24T09:25:00,400.0,49,Super Go D,0,480,Sharm Gobus Station,NasrCity Station
Sharm el Shiekh,Sharm Gobus Station,51,27.9158,34.33,Cairo,naser city,27,30.0561,31.33,2025-12-24T11:59:00,400.0,49,Super Go D,0,480,Sharm Gobus Station,NasrCity Station
Sharm el Shiekh,Sharm Gobus Station,51,27.9158,34.33,Cairo,naser city,27,30.0561,31.33,2025-12-24T13:00:00,585.0,37,Elite Business Class M,0,480,Sharm Gobus Station,NasrCity Station
Sharm el Shiekh,Sharm Gobus Station,51,27.9158,34.33,Cairo,naser city,27,30.0561,31.33,2025-12-24T13:25:00,400.0,49,Super Go D,0,480,Sharm Gobus Station,NasrCity Station
Sharm el Shiekh,Sharm Gobus Station,51,27.9158,34.33,Cairo,naser city,27,30.0561,31.33,2025-12-24T14:14:00,585.0,56,Business Class DD,0,480,Sharm Gobus Station,NasrCity Station
Sharm el Shiekh,Sharm Gobus Station,51,27.9158,34.33,Cairo,naser city,27,30.0561,31.33,2025-12-24T15:05:00,585.0,56,Business Class DD,0,480,Sharm Gobus Station,NasrCity Station
Sharm el Shiekh,Sharm Gobus Station,51,27.9158,34.33,Cairo,naser city,27,30.0561,31.33,2025-12-24T16:46:00,585.0,37,Elite Business Class M,0,480,Sharm Gobus Station,NasrCity Station
Sharm el Shiekh,Sharm Gobus Station,51,27.9158,34.33,Cairo,naser city,27,30.0561,31.33,2025-12-24T18:31:00,400.0,49,Super Go D,0,480,Sharm Gobus Station,NasrCity Station
Sharm el Shiekh,Sharm Gobus Station,51,27.9158,34.33,Cairo,naser city,27,30.0561,31.33,2025-12-24T19:45:00,400.0,49,Super Go D,0,480,Sharm Gobus Station,NasrCity Station
Sharm el Shiekh,Sharm Gobus Station,51,27.9158,34.33,Cairo,naser city,27,30.0561,31.33,2025-12-24T22:31:00,400.0,49,Super Go D,0,480,Sharm Gobus Station,NasrCity Station
Sharm el Shiekh,Sharm Gobus Station,51,27.9158,34.33,Cairo,naser city,27,30.0561,31.33,2025-12-24T23:55:00,400.0,49,Super Go D,0,480,Sharm Gobus Station,NasrCity Station
Sharm el Shiekh,Sharm Gobus Station,51,27.9158,34.33,Cairo,nady el sekka,9,30.061,31.2467,2025-12-24T01:45:00,620.0,14,GoMini,6,480,Sharm El-Sheikh Station,Nasr City (Nadi El-Sekka)
Sharm el Shiekh,Sharm Gobus Station,51,27.9158,34.33,Cairo,nady el sekka,9,30.061,31.2467,2025-12-24T07:00:00,620.0,14,GoMini,6,480,Sharm El-Sheikh Station,Nasr City (Nadi El-Sekka)
Sharm el Shiekh,Sharm Gobus Station,51,27.9158,34.33,Cairo,nady el sekka,9,30.061,31.2467,2025-12-24T11:30:00,660.0,13,GoMini,6,480,Sharm El-Sheikh Station,Nasr City (Nadi El-Sekka)
Sharm el Shiekh,Sharm Gobus Station,51,27.9158,34.33,Cairo,nady el sekka,9,30.061,31.2467,2025-12-24T12:30:00,660.0,13,GoMini,6,480,Sharm El-Sheikh Station,Nasr City (Nadi El-Sekka)
Sharm el Shiekh,Sharm Gobus Station,51,27.9158,34.33,Cairo,nady el sekka,9,30.061,31.2467,2025-12-24T14:35:00,660.0,13,GoMini,6,480,Sharm El-Sheikh Station,Nasr City (Nadi El-Sekka)
Sharm el Shiekh,Sharm Gobus Station,51,27.9158,34.33,Cairo,nady el sekka,9,30.061,31.2467,2025-12-24T15:30:00,660.0,13,GoMini,6,480,Sharm El-Sheikh Station,Nasr City (Nadi El-Sekka)
Sharm el Shiekh,Sharm Gobus Station,51,27.9158,34.33,Cairo,nady el sekka,9,30.061,31.2467,2025-12-24T17:30:00,660.0,13,GoMini,6,480,Sharm El-Sheikh Station,Nasr City (Nadi El-Sekka)
Sharm el Shiekh,Sharm Gobus Station,51,27.9158,34.33,Cairo,nady el sekka,9,30.061,31.2467,2025-12-24T20:00:00,660.0,13,GoMini,6,480,Sharm El-Sheikh Station,Nasr City (Nadi El-Sekka)
Sharm el Shiekh,Sharm Gobus Station,51,27.9158,34.33,Cairo,nady el sekka,9,30.061,31.2467,2025-12-24T23:45:00,660.0,13,GoMini,6,480,Sharm El-Sheikh Station,Nasr City (Nadi El-Sekka)
Sharm el Shiekh,Sharm Gobus Station,51,27.9158,34.33,Cairo,el rehab,42,30.0636,31.4916,2025-12-24T14:00:00,690.0,13,GoMini,6,480,Sharm El-Sheikh Station,"El Rehab, Gate 6, The Corner Mall"
Sharm el Shiekh,Sharm Gobus Station,51,27.9158,34.33,Cairo,madinty,43,30.0956,31.6386,2025-12-24T01:45:00,650.0,14,GoMini,6,480,Sharm El-Sheikh Station,"Madinaty, Gate 1"
Sharm el Shiekh,Sharm Gobus Station,51,27.9158,34.33,Cairo,madinty,43,30.0956,31.6386,2025-12-24T07:00:00,650.0,14,GoMini,6,480,Sharm El-Sheikh Station,"Madinaty, Gate 1"
Sharm el Shiekh,Sharm Gobus Station,51,27.9158,34.33,Cairo,madinty,43,30.0956,31.6386,2025-12-24T11:30:00,690.0,13,GoMini,6,480,Sharm El-Sheikh Station,"Madinaty, Gate 1"
Sharm el Shiekh,Sharm Gobus Station,51,27.9158,34.33,Cairo,madinty,43,30.0956,31.6386,2025-12-24T12:30:00,690.0,13,GoMini,6,480,Sharm El-Sheikh Station,"Madinaty, Gate 1"
Sharm el Shiekh,Sharm Gobus Station,51,27.9158,34.33,Cairo,madinty,43,30.0956,31.6386,2025-12-24T14:35:00,690.0,13,GoMini,6,480,Sharm El-Sheikh Station,"Madinaty, Gate 1"
Sharm el Shiekh,Sharm Gobus Station,51,27.9158,34.33,Cairo,madinty,43,30.0956,31.6386,2025-12-24T15:30:00,690.0,13,GoMini,6,480,Sharm El-Sheikh Station,"Madinaty, Gate 1"
Sharm el Shiekh,Sharm Gobus Station,51,27.9158,34.33,Cairo,madinty,43,30.0956,31.6386,2025-12-24T17:30:00,690.0,13,GoMini,6,480,Sharm El-Sheikh Station,"Madinaty, Gate 1"
Sharm el Shiekh,Sharm Gobus Station,51,27.9158,34.33,Cairo,madinty,43,30.0956,31.6386,2025-12-24T20:00:00,690.0,13,GoMini,6,480,Sharm El-Sheikh Station,"Madinaty, Gate 1"
Sharm el Shiekh,Sharm Gobus Station,51,27.9158,34.33,Cairo,madinty,43,30.0956,31.6386,2025-12-24T23:45:00,690.0,13,GoMini,6,480,Sharm El-Sheikh Station,"Madinaty, Gate 1"
Sharm el Shiekh,Sharm Gobus Station,51,27.9158,34.33,Cairo,sixith of october,98,29.9561,31.0042,2025-12-24T01:16:00,400.0,49,Super Go D,0,480,Sharm Gobus Station,Sixth of october
Sharm el Shiekh,Sharm Gobus Station,51,27.9158,34.33,Cairo,sixith of october,98,29.9561,31.0042,2025-12-24T02:01:00,400.0,49,Super Go D,0,480,Sharm Gobus Station,Sixth of october
Sharm el Shiekh,Sharm Gobus Station,51,27.9158,34.33,Cairo,sixith of october,98,29.9561,31.0042,2025-12-24T14:00:00,690.0,13,GoMini,6,480,Sharm El-Sheikh Station,6th of October
Sharm el Shiekh,Sharm Gobus Station,51,27.9158,34.33,Cairo,sixith of october,98,29.9561,31.0042,2025-12-24T14:14:00,585.0,56,Business Class DD,0,480,Sharm Gobus Station,Sixth of october
Sharm el Shiekh,Sharm Gobus Station,51,27.9158,34.33,Cairo,sixith of october,98,29.9561,31.0042,2025-12-24T23:55:00,400.0,49,Super Go D,0,480,Sharm Gobus Station,Sixth of october
Sharm el Shiekh,Sharm Gobus Station,51,27.9158,34.33,Alexandria,Moharam BK,18,31.1917,29.9187,2025-12-24T17:00:00,850.0,37,Elite Business Class M,0,540,Sharm Gobus Station,Alex - Moharam BK
Sharm el Shiekh,Sharm Gobus Station,51,27.9158,34.33,Alexandria,Moharam BK,18,31.1917,29.9187,2025-12-24T21:00:00,635.0,49,Super Go D,0,540,Sharm Gobus Station,Alex - Moharam BK
Sharm el Shiekh,Sharm Gobus Station,51,27.9158,34.33,Dahab,Dahab,40,28.5,34.5167,2025-12-24T07:00:00,275.0,37,Elite Business Class M,0,360,Sharm Gobus Station,Dahab
Sharm el Shiekh,Sharm Gobus Station,51,27.9158,34.33,Dahab,Dahab,40,28.5,34.5167,2025-12-24T08:14:00,275.0,56,Business Class DD,0,360,Sharm Gobus Station,Dahab
Sharm el Shiekh,Sharm Gobus Station,51,27.9158,34.33,Dahab,Dahab,40,28.5,34.5167,2025-12-24T09:25:00,245.0,49,Super Go D,0,360,Sharm Gobus Station,Dahab
Sharm el Shiekh,Sharm Gobus Station,51,27.9158,34.33,Dahab,Dahab,40,28.5,34.5167,2025-12-24T10:35:00,275.0,37,Elite Business Class M,0,360,Sharm Gobus Station,Dahab
Sharm el Shiekh,Sharm Gobus Station,51,27.9158,34.33,Dahab,Dahab,40,28.5,34.5167,2025-12-24T11:55:00,245.0,49,Super Go D,0,360,Sharm Gobus Station,Dahab
Sharm el Shiekh,Sharm Gobus Station,51,27.9158,34.33,Dahab,Dahab,40,28.5,34.5167,2025-12-24T13:05:00,245.0,49,Super Go D,0,360,Sharm Gobus Station,Dahab
Sharm el Shiekh,Sharm Gobus Station,51,27.9158,34.33,Port Said,Port Said Downtown,378,31.2653,32.3019,2025-12-24T14:00:00,650.0,14,High ace Toyota,6,360,Sharm El-Sheikh Station,"Port Said, Downtown"
Alexandria,Sedi Gaber _ Smouha,64,31.2156,29.9424,Cairo,hyber one,615,30.0276,31.0046,2025-12-24T12:15:00,310.0,13,GoMini,6,180,Smouha,Hyper One
Alexandria,Sedi Gaber _ Smouha,64,31.2156,29.9424,Cairo,hyber one,615,30.0276,31.0046,2025-12-24T23:30:00,310.0,13,GoMini,6,180,Smouha,Hyper One
Alexandria,Sedi Gaber _ Smouha,64,31.2156,29.9424,Cairo,tahrir,8,30.0445,31.2357,2025-12-24T00:10:00,305.0,14,GoMini,6,180,Smouha,"Abdel-Moneim Reyad Squer, ( Tahrir )"
Alexandria,Sedi Gaber _ Smouha,64,31.2156,29.9424,Cairo,tahrir,8,30.0445,31.2357,2025-12-24T01:30:00,320.0,13,GoMini,6,180,Smouha,"Abdel-Moneim Reyad Squer, ( Tahrir )"
Alexandria,Sedi Gaber _ Smouha,64,31.2156,29.9424,Cairo,tahrir,8,30.0445,31.2357,2025-12-24T04:00:00,210.0,49,Super Go D,0,180,Alex - Sedi Gaber,Cairo | Tahrir
Alexandria,Sedi Gaber _ Smouha,64,31.2156,29.9424,Cairo,tahrir,8,30.0445,31.2357,2025-12-24T06:30:00,275.0,37,Elite Business Class M,0,180,Alex - Sedi Gaber,Cairo | Tahrir
Alexandria,Sedi Gaber _ Smouha,64,31.2156,29.9424,Cairo,tahrir,8,30.0445,31.2357,2025-12-24T06:50:00,305.0,14,GoMini,6,180,Smouha,"Abdel-Moneim Reyad Squer, ( Tahrir )"
Alexandria,Sedi Gaber _ Smouha,64,31.2156,29.9424,Cairo,tahrir,8,30.0445,31.2357,2025-12-24T07:35:00,210.0,49,Super Go D,0,180,Alex - Sedi Gaber,Cairo | Tahrir
Alexandria,Sedi Gaber _ Smouha,64,31.2156,29.9424,Cairo,tahrir,8,30.0445,31.2357,2025-12-24T11:15:00,305.0,14,GoMini,6,180,Smouha,"Abdel-Moneim Reyad Squer, ( Tahrir )"
Alexandria,Sedi Gaber _ Smouha,64,31.2156,29.9424,Cairo,tahrir,8,30.0445,31.2357,2025-12-24T12:30:00,305.0,14,GoMini,6,180,Smouha,"Abdel-Moneim Reyad Squer, ( Tahrir )"
Alexandria,Sedi Gaber _ Smouha,64,31.2156,29.9424,Cairo,tahrir,8,30.0445,31.2357,2025-12-24T13:30:00,305.0,14,GoMini,6,180,Smouha,"Abdel-Moneim Reyad Squer, ( Tahrir )"
Alexandria,Sedi Gaber _ Smouha,64,31.2156,29.9424,Cairo,tahrir,8,30.0445,31.2357,2025-12-24T15:30:00,320.0,13,GoMini,6,180,Smouha,"Abdel-Moneim Reyad Squer, ( Tahrir )"
Alexandria,Sedi Gaber _ Smouha,64,31.2156,29.9424,Cairo,tahrir,8,30.0445,31.2357,2025-12-24T17:30:00,305.0,14,GoMini,6,180,Smouha,"Abdel-Moneim Reyad Squer, ( Tahrir )"
Alexandria,Sedi Gaber _ Smouha,64,31.2156,29.9424,Cairo,tahrir,8,30.0445,31.2357,2025-12-24T19:30:00,305.0,14,GoMini,6,180,Smouha,"Abdel-Moneim Reyad Squer, ( Tahrir )"
Alexandria,Sedi Gaber _ Smouha,64,31.2156,29.9424,Cairo,tahrir,8,30.0445,31.2357,2025-12-24T21:15:00,305.0,14,GoMini,6,180,Smouha,"Abdel-Moneim Reyad Squer, ( Tahrir )"
Alexandria,Sedi Gaber _ Smouha,64,31.2156,29.9424,Cairo,giza,15,30.0131,31.2089,2025-12-24T06:30:00,275.0,37,Elite Business Class M,0,180,Alex - Sedi Gaber,Giza
Alexandria,Sedi Gaber _ Smouha,64,31.2156,29.9424,Cairo,giza,15,30.0131,31.2089,2025-12-24T11:15:00,305.0,14,GoMini,6,180,Smouha,Giza
Alexandria,Sedi Gaber _ Smouha,64,31.2156,29.9424,Cairo,giza,15,30.0131,31.2089,2025-12-24T21:15:00,305.0,14,GoMini,6,180,Smouha,Giza
Alexandria,Sedi Gaber _ Smouha,64,31.2156,29.9424,Cairo,El-Tagamou El-Khames,87,30.03,31.47,2025-12-24T04:00:00,210.0,49,Super Go D,0,180,Alex - Sedi Gaber,El-Tagamou El-Khames
Alexandria,Sedi Gaber _ Smouha,64,31.2156,29.9424,Cairo,El-Tagamou El-Khames,87,30.03,31.47,2025-12-24T05:15:00,350.0,13,GoMini,6,180,Smouha,"The 5th Settlement, Air Force Hospital"
Alexandria,Sedi Gaber _ Smouha,64,31.2156,29.9424,Cairo,El-Tagamou El-Khames,87,30.03,31.47,2025-12-24T05:35:00,350.0,13,GoMini,6,180,Smouha,"The 5th Settlement, Air Force Hospital"
Alexandria,Sedi Gaber _ Smouha,64,31.2156,29.9424,Cairo,El-Tagamou El-Khames,87,30.03,31.47,2025-12-24T06:15:00,350.0,13,GoMini,6,180,Smouha,"The 5th Settlement, Air Force Hospital"
Alexandria,Sedi Gaber _ Smouha,64,31.2156,29.9424,Cairo,El-Tagamou El-Khames,87,30.03,31.47,2025-12-24T06:45:00,350.0,13,GoMini,6,180,Smouha,"The 5th Settlement, Air Force Hospital"
Alexandria,Sedi Gaber _ Smouha,64,31.2156,29.9424,Cairo,El-Tagamou El-Khames,87,30.03,31.47,2025-12-24T07:35:00,210.0,49,Super Go D,0,180,Alex - Sedi Gaber,El-Tagamou El-Khames
Alexandria,Sedi Gaber _ Smouha,64,31.2156,29.9424,Cairo,El-Tagamou El-Khames,87,30.03,31.47,2025-12-24T11:15:00,350.0,13,GoMini,6,180,Smouha,"The 5th Settlement, Air Force Hospital"
Alexandria,Sedi Gaber _ Smouha,64,31.2156,29.9424,Cairo,El-Tagamou El-Khames,87,30.03,31.47,2025-12-24T11:30:00,350.0,13,GoMini,6,180,Smouha,"The 5th Settlement, Air Force Hospital"
Alexandria,Sedi Gaber _ Smouha,64,31.2156,29.9424,Cairo,El-Tagamou El-Khames,87,30.03,31.47,2025-12-24T13:15:00,350.0,13,GoMini,6,180,Smouha,"The 5th Settlement, Air Force Hospital"
Alexandria,Sedi Gaber _ Smouha,64,31.2156,29.9424,Cairo,El-Tagamou El-Khames,87,30.03,31.47,2025-12-24T14:30:00,350.0,13,GoMini,6,180,Smouha,"The 5th Settlement, Air Force Hospital"
Alexandria,Sedi Gaber _ Smouha,64,31.2156,29.9424,Cairo,El-Tagamou El-Khames,87,30.03,31.47,2025-12-24T15:15:00,350.0,13,GoMini,6,180,Smouha,"The 5th Settlement, Air Force Hospital"
Alexandria,Sedi Gaber _ Smouha,64,31.2156,29.9424,Cairo,El-Tagamou El-Khames,87,30.03,31.47,2025-12-24T16:30:00,350.0,13,GoMini,6,180,Smouha,"The 5th Settlement, Air Force Hospital"
Alexandria,Sedi Gaber _ Smouha,64,31.2156,29.9424,Cairo,El-Tagamou El-Khames,87,30.03,31.47,2025-12-24T17:30:00,350.0,13,GoMini,6,180,Smouha,"The 5th Settlement, Air Force Hospital"
Alexandria,Sedi Gaber _ Smouha,64,31.2156,29.9424,Cairo,El-Tagamou El-Khames,87,30.03,31.47,2025-12-24T19:00:00,350.0,13,GoMini,6,180,Smouha,"The 5th Settlement, Air Force Hospital"
Alexandria,Sedi Gaber _ Smouha,64,31.2156,29.9424,Cairo,El-Tagamou El-Khames,87,30.03,31.47,2025-12-24T20:30:00,350.0,13,GoMini,6,180,Smouha,"The 5th Settlement, Air Force Hospital"
Alexandria,Sedi Gaber _ Smouha,64,31.2156,29.9424,Cairo,El-Tagamou El-Khames,87,30.03,31.47,2025-12-24T22:30:00,350.0,13,GoMini,6,180,Smouha,"The 5th Settlement, Air Force Hospital"
Alexandria,Sedi Gaber _ Smouha,64,31.2156,29.9424,Cairo,El-Tagamou El-Khames,87,30.03,31.47,2025-12-24T22:45:00,350.0,13,GoMini,6,180,Smouha,"The 5th Settlement, Air Force Hospital"
Alexandria,Sedi Gaber _ Smouha,64,31.2156,29.9424,Cairo,naser city,27,30.0561,31.33,2025-12-24T04:00:00,210.0,49,Super Go D,0,180,Alex - Sedi Gaber,NasrCity Station
Alexandria,Sedi Gaber _ Smouha,64,31.2156,29.9424,Cairo,naser city,27,30.0561,31.33,2025-12-24T06:30:00,275.0,37,Elite Business Class M,0,180,Alex - Sedi Gaber,NasrCity Station
Alexandria,Sedi Gaber _ Smouha,64,31.2156,29.9424,Cairo,naser city,27,30.0561,31.33,2025-12-24T07:35:00,210.0,49,Super Go D,0,180,Alex - Sedi Gaber,NasrCity Station
Alexandria,Sedi Gaber _ Smouha,64,31.2156,29.9424,Cairo,naser city,27,30.0561,31.33,2025-12-24T11:30:00,315.0,13,GoMini,6,180,Smouha,"Nasr City, Go Bus station"
Alexandria,Sedi Gaber _ Smouha,64,31.2156,29.9424,Cairo,naser city,27,30.0561,31.33,2025-12-24T14:30:00,315.0,13,GoMini,6,180,Smouha,"Nasr City, Go Bus station"
Alexandria,Sedi Gaber _ Smouha,64,31.2156,29.9424,Cairo,naser city,27,30.0561,31.33,2025-12-24T22:45:00,315.0,13,GoMini,6,180,Smouha,"Nasr City, Go Bus station"
Alexandria,Sedi Gaber _ Smouha,64,31.2156,29.9424,Cairo,nady el sekka,9,30.061,31.2467,2025-12-24T00:10:00,310.0,14,GoMini,6,180,Smouha,Nasr City (Nadi El-Sekka)
Alexandria,Sedi Gaber _ Smouha,64,31.2156,29.9424,Cairo,nady el sekka,9,30.061,31.2467,2025-12-24T01:30:00,325.0,13,GoMini,6,180,Smouha,Nasr City (Nadi El-Sekka)
Alexandria,Sedi Gaber _ Smouha,64,31.2156,29.9424,Cairo,nady el sekka,9,30.061,31.2467,2025-12-24T06:50:00,310.0,14,GoMini,6,180,Smouha,Nasr City (Nadi El-Sekka)
Alexandria,Sedi Gaber _ Smouha,64,31.2156,29.9424,Cairo,nady el sekka,9,30.061,31.2467,2025-12-24T12:30:00,310.0,14,GoMini,6,180,Smouha,Nasr City (Nadi El-Sekka)
Alexandria,Sedi Gaber _ Smouha,64,31.2156,29.9424,Cairo,nady el sekka,9,30.061,31.2467,2025-12-24T13:30:00,310.0,14,GoMini,6,180,Smouha,Nasr City (Nadi El-Sekka)
Alexandria,Sedi Gaber _ Smouha,64,31.2156,29.9424,Cairo,nady el sekka,9,30.061,31.2467,2025-12-24T15:30:00,325.0,13,GoMini,6,180,Smouha,Nasr City (Nadi El-Sekka)
Alexandria,Sedi Gaber _ Smouha,64,31.2156,29.9424,Cairo,nady el sekka,9,30.061,31.2467,2025-12-24T17:30:00,310.0,14,GoMini,6,180,Smouha,Nasr City (Nadi El-Sekka)
Alexandria,Sedi Gaber _ Smouha,64,31.2156,29.9424,Cairo,nady el sekka,9,30.061,31.2467,2025-12-24T19:30:00,310.0,14,GoMini,6,180,Smouha,Nasr City (Nadi El-Sekka)
Alexandria,Sedi Gaber _ Smouha,64,31.2156,29.9424,Cairo,el rehab,42,30.0636,31.4916,2025-12-24T05:15:00,350.0,13,GoMini,6,180,Smouha,"El Rehab, Gate 6, The Corner Mall"
Alexandria,Sedi Gaber _ Smouha,64,31.2156,29.9424,Cairo,el rehab,42,30.0636,31.4916,2025-12-24T05:35:00,350.0,13,GoMini,6,180,Smouha,"El Rehab, Gate 6, The Corner Mall"
Alexandria,Sedi Gaber _ Smouha,64,31.2156,29.9424,Cairo,el rehab,42,30.0636,31.4916,2025-12-24T06:15:00,350.0,13,GoMini,6,180,Smouha,"El Rehab, Gate 6, The Corner Mall"
Alexandria,Sedi Gaber _ Smouha,64,31.2156,29.9424,Cairo,el rehab,42,30.0636,31.4916,2025-12-24T06:45:00,350.0,13,GoMini,6,180,Smouha,"El Rehab, Gate 6, The Corner Mall"
Alexandria,Sedi Gaber _ Smouha,64,31.2156,29.9424,Cairo,el rehab,42,30.0636,31.4916,2025-12-24T11:15:00,350.0,13,GoMini,6,180,Smouha,"El Rehab, Gate 6, The Corner Mall"
Alexandria,Sedi Gaber _ Smouha,64,31.2156,29.9424,Cairo,el rehab,42,30.0636,31.4916,2025-12-24T11:30:00,350.0,13,GoMini,6,180,Smouha,"El Rehab, Gate 6, The Corner Mall"
Alexandria,Sedi Gaber _ Smouha,64,31.2156,29.9424,Cairo,el rehab,42,30.0636,31.4916,2025-12-24T13:15:00,350.0,13,GoMini,6,180,Smouha,"El Rehab, Gate 6, The Corner Mall"
Alexandria,Sedi Gaber _ Smouha,64,31.2156,29.9424,Cairo,el rehab,42,30.0636,31.4916,2025-12-24T14:30:00,350.0,13,GoMini,6,180,Smouha,"El Rehab, Gate 6, The Corner Mall"
Alexandria,Sedi Gaber _ Smouha,64,31.2156,29.9424,Cairo,el rehab,42,30.0636,31.4916,2025-12-24T15:15:00,350.0,13,GoMini,6,180,Smouha,"El Rehab, Gate 6, The Corner Mall"
Alexandria,Sedi Gaber _ Smouha,64,31.2156,29.9424,Cairo,el rehab,42,30.0636,31.4916,2025-12-24T16:30:00,350.0,13,GoMini,6,180,Smouha,"El Rehab, Gate 6, The Corner Mall"
Alexandria,Sedi Gaber _ Smouha,64,31.2156,29.9424,Cairo,el rehab,42,30.0636,31.4916,2025-12-24T17:30:00,350.0,13,GoMini,6,180,Smouha,"El Rehab, Gate 6, The Corner Mall"
Alexandria,Sedi Gaber _ Smouha,64,31.2156,29.9424,Cairo,el rehab,42,30.0636,31.4916,2025-12-24T19:00:00,350.0,13,GoMini,6,180,Smouha,"El Rehab, Gate 6, The Corner Mall"
Alexandria,Sedi Gaber _ Smouha,64,31.2156,29.9424,Cairo,el rehab,42,30.0636,31.4916,2025-12-24T20:30:00,350.0,13,GoMini,6,180,Smouha,"El Rehab, Gate 6, The Corner Mall"
Alexandria,Sedi Gaber _ Smouha,64,31.2156,29.9424,Cairo,el rehab,42,30.0636,31.4916,2025-12-24T22:30:00,350.0,13,GoMini,6,180,Smouha,"El Rehab, Gate 6, The Corner Mall"
Alexandria,Sedi Gaber _ Smouha,64,31.2156,29.9424,Cairo,el rehab,42,30.0636,31.4916,2025-12-24T22:45:00,350.0,13,GoMini,6,180,Smouha,"El Rehab, Gate 6, The Corner Mall"
Alexandria,Sedi Gaber _ Smouha,64,31.2156,29.9424,Cairo,madinty,43,30.0956,31.6386,2025-12-24T05:15:00,370.0,13,GoMini,6,180,Smouha,"Madinaty, Gate 1"
Alexandria,Sedi Gaber _ Smouha,64,31.2156,29.9424,Cairo,madinty,43,30.0956,31.6386,2025-12-24T06:15:00,370.0,13,GoMini,6,180,Smouha,"Madinaty, Gate 1"
Alexandria,Sedi Gaber _ Smouha,64,31.2156,29.9424,Cairo,madinty,43,30.0956,31.6386,2025-12-24T06:45:00,370.0,13,GoMini,6,180,Smouha,"Madinaty, Gate 1"
Alexandria,Sedi Gaber _ Smouha,64,31.2156,29.9424,Cairo,madinty,43,30.0956,31.6386,2025-12-24T11:15:00,370.0,13,GoMini,6,180,Smouha,"Madinaty, Gate 1"
Alexandria,Sedi Gaber _ Smouha,64,31.2156,29.9424,Cairo,madinty,43,30.0956,31.6386,2025-12-24T13:15:00,370.0,13,GoMini,6,180,Smouha,"Madinaty, Gate 1"
Alexandria,Sedi Gaber _ Smouha,64,31.2156,29.9424,Cairo,madinty,43,30.0956,31.6386,2025-12-24T15:15:00,370.0,13,GoMini,6,180,Smouha,"Madinaty, Gate 1"
Alexandria,Sedi Gaber _ Smouha,64,31.2156,29.9424,Cairo,madinty,43,30.0956,31.6386,2025-12-24T16:30:00,370.0,13,GoMini,6,180,Smouha,"Madinaty, Gate 1"
Alexandria,Sedi Gaber _ Smouha,64,31.2156,29.9424,Cairo,madinty,43,30.0956,31.6386,2025-12-24T17:30:00,370.0,13,GoMini,6,180,Smouha,"Madinaty, Gate 1"
Alexandria,Sedi Gaber _ Smouha,64,31.2156,29.9424,Cairo,madinty,43,30.0956,31.6386,2025-12-24T19:00:00,370.0,13,GoMini,6,180,Smouha,"Madinaty, Gate 1"
Alexandria,Sedi Gaber _ Smouha,64,31.2156,29.9424,Cairo,madinty,43,30.0956,31.6386,2025-12-24T20:30:00,370.0,13,GoMini,6,180,Smouha,"Madinaty, Gate 1"
Alexandria,Sedi Gaber _ Smouha,64,31.2156,29.9424,Cairo,madinty,43,30.0956,31.6386,2025-12-24T22:30:00,370.0,13,GoMini,6,180,Smouha,"Madinaty, Gate 1"
Alexandria,Sedi Gaber _ Smouha,64,31.2156,29.9424,Cairo,sixith of october,98,29.9561,31.0042,2025-12-24T12:15:00,310.0,13,GoMini,6,180,Smouha,6th of October
Alexandria,Sedi Gaber _ Smouha,64,31.2156,29.9424,Cairo,sixith of october,98,29.9561,31.0042,2025-12-24T23:30:00,310.0,13,GoMini,6,180,Smouha,6th of October
Alexandria,Sedi Gaber _ Smouha,64,31.2156,29.9424,Cairo,cairo-alex gate,65,30.0565,31.0209,2025-12-24T00:10:00,310.0,14,GoMini,6,180,Smouha,Cairo Gate
Alexandria,Sedi Gaber _ Smouha,64,31.2156,29.9424,Cairo,cairo-alex gate,65,30.0565,31.0209,2025-12-24T01:30:00,325.0,13,GoMini,6,180,Smouha,Cairo Gate
Alexandria,Sedi Gaber _ Smouha,64,31.2156,29.9424,Cairo,cairo-alex gate,65,30.0565,31.0209,2025-12-24T05:15:00,325.0,13,GoMini,6,180,Smouha,Cairo Gate
Alexandria,Sedi Gaber _ Smouha,64,31.2156,29.9424,Cairo,cairo-alex gate,65,30.0565,31.0209,2025-12-24T05:35:00,325.0,13,GoMini,6,180,Smouha,Cairo Gate
Alexandria,Sedi Gaber _ Smouha,64,31.2156,29.9424,Cairo,cairo-alex gate,65,30.0565,31.0209,2025-12-24T06:15:00,325.0,13,GoMini,6,180,Smouha,Cairo Gate
Alexandria,Sedi Gaber _ Smouha,64,31.2156,29.9424,Cairo,cairo-alex gate,65,30.0565,31.0209,2025-12-24T06:45:00,325.0,13,GoMini,6,180,Smouha,Cairo Gate
Alexandria,Sedi Gaber _ Smouha,64,31.2156,29.9424,Cairo,cairo-alex gate,65,30.0565,31.0209,2025-12-24T06:50:00,310.0,14,GoMini,6,180,Smouha,Cairo Gate
Alexandria,Sedi Gaber _ Smouha,64,31.2156,29.9424,Cairo,cairo-alex gate,65,30.0565,31.0209,2025-12-24T11:15:00,325.0,13,GoMini,6,180,Smouha,Cairo Gate
Alexandria,Sedi Gaber _ Smouha,64,31.2156,29.9424,Cairo,cairo-alex gate,65,30.0565,31.0209,2025-12-24T11:15:00,310.0,14,GoMini,6,180,Smouha,Cairo Gate
Alexandria,Sedi Gaber _ Smouha,64,31.2156,29.9424,Cairo,cairo-alex gate,65,30.0565,31.0209,2025-12-24T11:30:00,325.0,13,GoMini,6,180,Smouha,Cairo Gate
Alexandria,Sedi Gaber _ Smouha,64,31.2156,29.9424,Cairo,cairo-alex gate,65,30.0565,31.0209,2025-12-24T12:30:00,310.0,14,GoMini,6,180,Smouha,Cairo Gate
Alexandria,Sedi Gaber _ Smouha,64,31.2156,29.9424,Cairo,cairo-alex gate,65,30.0565,31.0209,2025-12-24T13:15:00,325.0,13,GoMini,6,180,Smouha,Cairo Gate
Alexandria,Sedi Gaber _ Smouha,64,31.2156,29.9424,Cairo,cairo-alex gate,65,30.0565,31.0209,2025-12-24T13:30:00,310.0,14,GoMini,6,180,Smouha,Cairo Gate
Alexandria,Sedi Gaber _ Smouha,64,31.2156,29.9424,Cairo,cairo-alex gate,65,30.0565,31.0209,2025-12-24T14:30:00,325.0,13,GoMini,6,180,Smouha,Cairo Gate
Alexandria,Sedi Gaber _ Smouha,64,31.2156,29.9424,Cairo,cairo-alex gate,65,30.0565,31.0209,2025-12-24T15:15:00,325.0,13,GoMini,6,180,Smouha,Cairo Gate
Alexandria,Sedi Gaber _ Smouha,64,31.2156,29.9424,Cairo,cairo-alex gate,65,30.0565,31.0209,2025-12-24T15:30:00,325.0,13,GoMini,6,180,Smouha,Cairo Gate
Alexandria,Sedi Gaber _ Smouha,64,31.2156,29.9424,Cairo,cairo-alex gate,65,30.0565,31.0209,2025-12-24T16:30:00,325.0,13,GoMini,6,180,Smouha,Cairo Gate
Alexandria,Sedi Gaber _ Smouha,64,31.2156,29.9424,Cairo,cairo-alex gate,65,30.0565,31.0209,2025-12-24T17:30:00,310.0,14,GoMini,6,180,Smouha,Cairo Gate
Alexandria,Sedi Gaber _ Smouha,64,31.2156,29.9424,Cairo,cairo-alex gate,65,30.0565,31.0209,2025-12-24T17:30:00,325.0,13,GoMini,6,180,Smouha,Cairo Gate
Alexandria,Sedi Gaber _ Smouha,64,31.2156,29.9424,Cairo,cairo-alex gate,65,30.0565,31.0209,2025-12-24T19:00:00,325.0,13,GoMini,6,180,Smouha,Cairo Gate
Alexandria,Sedi Gaber _ Smouha,64,31.2156,29.9424,Cairo,cairo-alex gate,65,30.0565,31.0209,2025-12-24T19:30:00,310.0,14,GoMini,6,180,Smouha,Cairo Gate
Alexandria,Sedi Gaber _ Smouha,64,31.2156,29.9424,Cairo,cairo-alex gate,65,30.0565,31.0209,2025-12-24T20:30:00,325.0,13,GoMini,6,180,Smouha,Cairo Gate
Alexandria,Sedi Gaber _ Smouha,64,31.2156,29.9424,Cairo,cairo-alex gate,65,30.0565,31.0209,2025-12-24T21:15:00,310.0,14,GoMini,6,180,Smouha,Cairo Gate
Alexandria,Sedi Gaber _ Smouha,64,31.2156,29.9424,Cairo,cairo-alex gate,65,30.0565,31.0209,2025-12-24T22:30:00,325.0,13,GoMini,6,180,Smouha,Cairo Gate
Alexandria,Sedi Gaber _ Smouha,64,31.2156,29.9424,Cairo,cairo-alex gate,65,30.0565,31.0209,2025-12-24T22:45:00,325.0,13,GoMini,6,180,Smouha,Cairo Gate
Alexandria,Sedi Gaber _ Smouha,64,31.2156,29.9424,Mansoura,Mansoura,30,31.0364,31.3807,2025-12-24T12:00:00,250.0,13,GoMini,6,360,Smouha,"Mansoura, Army St"
Alexandria,Sedi Gaber _ Smouha,64,31.2156,29.9424,Port Said,Port Said Downtown,378,31.2653,32.3019,2025-12-24T06:00:00,230.0,14,High ace Toyota,6,180,Smouha,"Port Said, Downtown"
Alexandria,Sedi Gaber _ Smouha,64,31.2156,29.9424,Port Said,Port Said Downtown,378,31.2653,32.3019,2025-12-24T13:00:00,230.0,14,High ace Toyota,6,180,Smouha,"Port Said, Downtown"
Alexandria,Sedi Gaber _ Smouha,64,31.2156,29.9424,Port Said,Port Said Downtown,378,31.2653,32.3019,2025-12-24T18:45:00,230.0,14,High ace Toyota,6,180,Smouha,"Port Said, Downtown"
Alexandria,Moharam BK,18,31.1917,29.9187,Cairo,tahrir,8,30.0445,31.2357,2025-12-24T04:30:00,210.0,49,Super Go D,0,180,Alex - Moharam BK,Cairo | Tahrir
Alexandria,Moharam BK,18,31.1917,29.9187,Cairo,tahrir,8,30.0445,31.2357,2025-12-24T07:00:00,275.0,37,Elite Business Class M,0,180,Alex - Moharam BK,Cairo | Tahrir
Alexandria,Moharam BK,18,31.1917,29.9187,Cairo,tahrir,8,30.0445,31.2357,2025-12-24T08:05:00,210.0,49,Super Go D,0,180,Alex - Moharam BK,Cairo | Tahrir
Alexandria,Moharam BK,18,31.1917,29.9187,Cairo,tahrir,8,30.0445,31.2357,2025-12-24T10:30:00,275.0,56,Business Class DD,0,180,Alex - Moharam BK,Cairo | Tahrir
Alexandria,Moharam BK,18,31.1917,29.9187,Cairo,tahrir,8,30.0445,31.2357,2025-12-24T13:30:00,275.0,37,Elite Business Class M,0,180,Alex - Moharam BK,Cairo | Tahrir
Alexandria,Moharam BK,18,31.1917,29.9187,Cairo,tahrir,8,30.0445,31.2357,2025-12-24T15:00:00,210.0,49,Super Go D,0,180,Alex - Moharam BK,Cairo | Tahrir
Alexandria,Moharam BK,18,31.1917,29.9187,Cairo,tahrir,8,30.0445,31.2357,2025-12-24T17:30:00,210.0,49,Super Go D,0,180,Alex - Moharam BK,Cairo | Tahrir
Alexandria,Moharam BK,18,31.1917,29.9187,Cairo,tahrir,8,30.0445,31.2357,2025-12-24T19:30:00,210.0,49,Super Go D,0,180,Alex - Moharam BK,Cairo | Tahrir
Alexandria,Moharam BK,18,31.1917,29.9187,Cairo,tahrir,8,30.0445,31.2357,2025-12-24T20:30:00,275.0,56,Business Class DD,0,180,Alex - Moharam BK,Cairo | Tahrir
Alexandria,Moharam BK,18,31.1917,29.9187,Cairo,giza,15,30.0131,31.2089,2025-12-24T07:00:00,275.0,37,Elite Business Class M,0,180,Alex - Moharam BK,Giza
Alexandria,Moharam BK,18,31.1917,29.9187,Cairo,giza,15,30.0131,31.2089,2025-12-24T15:00:00,210.0,49,Super Go D,0,180,Alex - Moharam BK,Giza
Alexandria,Moharam BK,18,31.1917,29.9187,Cairo,giza,15,30.0131,31.2089,2025-12-24T19:30:00,210.0,49,Super Go D,0,180,Alex - Moharam BK,Giza
Alexandria,Moharam BK,18,31.1917,29.9187,Cairo,El-Tagamou El-Khames,87,30.03,31.47,2025-12-24T04:30:00,210.0,49,Super Go D,0,180,Alex - Moharam BK,El-Tagamou El-Khames
Alexandria,Moharam BK,18,31.1917,29.9187,Cairo,El-Tagamou El-Khames,87,30.03,31.47,2025-12-24T08:05:00,210.0,49,Super Go D,0,180,Alex - Moharam BK,El-Tagamou El-Khames
Alexandria,Moharam BK,18,31.1917,29.9187,Cairo,El-Tagamou El-Khames,87,30.03,31.47,2025-12-24T10:30:00,275.0,56,Business Class DD,0,180,Alex - Moharam BK,El-Tagamou El-Khames
Alexandria,Moharam BK,18,31.1917,29.9187,Cairo,El-Tagamou El-Khames,87,30.03,31.47,2025-12-24T13:30:00,275.0,37,Elite Business Class M,0,180,Alex - Moharam BK,El-Tagamou El-Khames
Alexandria,Moharam BK,18,31.1917,29.9187,Cairo,El-Tagamou El-Khames,87,30.03,31.47,2025-12-24T17:30:00,210.0,49,Super Go D,0,180,Alex - Moharam BK,El-Tagamou El-Khames
Alexandria,Moharam BK,18,31.1917,29.9187,Cairo,El-Tagamou El-Khames,87,30.03,31.47,2025-12-24T20:30:00,275.0,56,Business Class DD,0,180,Alex - Moharam BK,El-Tagamou El-Khames
Alexandria,Moharam BK,18,31.1917,29.9187,Cairo,naser city,27,30.0561,31.33,2025-12-24T01:05:00,210.0,49,Super Go D,0,180,Alex - Moharam BK,NasrCity Station
Alexandria,Moharam BK,18,31.1917,29.9187,Cairo,naser city,27,30.0561,31.33,2025-12-24T04:30:00,210.0,49,Super Go D,0,180,Alex - Moharam BK,NasrCity Station
Alexandria,Moharam BK,18,31.1917,29.9187,Cairo,naser city,27,30.0561,31.33,2025-12-24T07:00:00,275.0,37,Elite Business Class M,0,180,Alex - Moharam BK,NasrCity Station
Alexandria,Moharam BK,18,31.1917,29.9187,Cairo,naser city,27,30.0561,31.33,2025-12-24T08:05:00,210.0,49,Super Go D,0,180,Alex - Moharam BK,NasrCity Station
Alexandria,Moharam BK,18,31.1917,29.9187,Cairo,naser city,27,30.0561,31.33,2025-12-24T10:30:00,275.0,56,Business Class DD,0,180,Alex - Moharam BK,NasrCity Station
Alexandria,Moharam BK,18,31.1917,29.9187,Cairo,naser city,27,30.0561,31.33,2025-12-24T13:30:00,275.0,37,Elite Business Class M,0,180,Alex - Moharam BK,NasrCity Station
Alexandria,Moharam BK,18,31.1917,29.9187,Cairo,naser city,27,30.0561,31.33,2025-12-24T15:00:00,210.0,49,Super Go D,0,180,Alex - Moharam BK,NasrCity Station
Alexandria,Moharam BK,18,31.1917,29.9187,Cairo,naser city,27,30.0561,31.33,2025-12-24T17:30:00,210.0,49,Super Go D,0,180,Alex - Moharam BK,NasrCity Station
Alexandria,Moharam BK,18,31.1917,29.9187,Cairo,naser city,27,30.0561,31.33,2025-12-24T19:30:00,210.0,49,Super Go D,0,180,Alex - Moharam BK,NasrCity Station
Alexandria,Moharam BK,18,31.1917,29.9187,Cairo,naser city,27,30.0561,31.33,2025-12-24T20:30:00,275.0,56,Business Class DD,0,180,Alex - Moharam BK,NasrCity Station
Alexandria,Moharam BK,18,31.1917,29.9187,Cairo,naser city,27,30.0561,31.33,2025-12-24T23:35:00,275.0,37,Elite Business Class M,0,180,Alex - Moharam BK,NasrCity Station
Alexandria,Moharam BK,18,31.1917,29.9187,Cairo,sixith of october,98,29.9561,31.0042,2025-12-24T10:35:00,210.0,49,Super Go D,0,180,Alex - Moharam BK,Sixth of october
Alexandria,Moharam BK,18,31.1917,29.9187,Hurghada,hurghada,1,27.2579,33.8116,2025-12-24T08:00:00,575.0,49,Super Go D,0,480,Alex - Moharam BK,Hurghada
Alexandria,Moharam BK,18,31.1917,29.9187,Hurghada,hurghada,1,27.2579,33.8116,2025-12-24T23:59:00,575.0,61,Super Go D,0,480,Alex - Moharam BK,Hurghada
Alexandria,Moharam BK,18,31.1917,29.9187,Sharm el Shiekh,Royssat,3,27.8736,34.3033,2025-12-24T01:05:00,635.0,49,Super Go D,0,540,Alex - Moharam BK,Sharm-Royssat
Alexandria,Moharam BK,18,31.1917,29.9187,Sharm el Shiekh,Royssat,3,27.8736,34.3033,2025-12-24T23:35:00,850.0,37,Elite Business Class M,0,540,Alex - Moharam BK,Sharm-Royssat
Alexandria,Moharam BK,18,31.1917,29.9187,Sharm el Shiekh,Sharm Gobus Station,51,27.9158,34.33,2025-12-24T01:05:00,635.0,49,Super Go D,0,540,Alex - Moharam BK,Sharm Gobus Station
Alexandria,Moharam BK,18,31.1917,29.9187,Sharm el Shiekh,Sharm Gobus Station,51,27.9158,34.33,2025-12-24T23:35:00,850.0,37,Elite Business Class M,0,540,Alex - Moharam BK,Sharm Gobus Station
Alexandria,Moharam BK,18,31.1917,29.9187,Sokhna,Porto El Sokhna,26,29.4397,32.4867,2025-12-24T08:00:00,375.0,49,Super Go D,0,360,Alex - Moharam BK,Porto El Sokhna
Alexandria,Moharam BK,18,31.1917,29.9187,Assiut,Assiut,36,27.1809,31.1837,2025-12-24T10:35:00,475.0,49,Super Go D,0,580,Alex - Moharam BK,Assiut
Alexandria,Moharam BK,18,31.1917,29.9187,Dahab,Dahab,40,28.5,34.5167,2025-12-24T01:05:00,740.0,49,Super Go D,0,720,Alex - Moharam BK,Dahab
Alexandria,Moharam BK,18,31.1917,29.9187,Dahab,Dahab,40,28.5,34.5167,2025-12-24T23:35:00,955.0,37,Elite Business Class M,0,720,Alex - Moharam BK,Dahab
Alexandria,Moharam BK,18,31.1917,29.9187,Al Menia,El-Minya,104,28.0871,30.7618,2025-12-24T10:35:00,340.0,49,Super Go D,0,360,Alex - Moharam BK,El-Minya GoBus
Alexandria,Moharam BK,18,31.1917,29.9187,El Gona,El Gouna,7,27.39,33.68,2025-12-24T23:59:00,575.0,61,Super Go D,0,360,Alex - Moharam BK,El Gouna
Alexandria,Miami,145,31.2725,30.0126,Cairo,tahrir,8,30.0445,31.2357,2025-12-24T01:00:00,335.0,13,GoMini,6,180,"Miami, 45 St.","Abdel-Moneim Reyad Squer, ( Tahrir )"
Alexandria,Miami,145,31.2725,30.0126,Cairo,tahrir,8,30.0445,31.2357,2025-12-24T06:20:00,320.0,14,GoMini,6,180,"Miami, 45 St.","Abdel-Moneim Reyad Squer, ( Tahrir )"
Alexandria,Miami,145,31.2725,30.0126,Cairo,tahrir,8,30.0445,31.2357,2025-12-24T10:45:00,320.0,14,GoMini,6,180,"Miami, 45 St.","Abdel-Moneim Reyad Squer, ( Tahrir )"
Alexandria,Miami,145,31.2725,30.0126,Cairo,tahrir,8,30.0445,31.2357,2025-12-24T12:00:00,320.0,14,GoMini,6,180,"Miami, 45 St.","Abdel-Moneim Reyad Squer, ( Tahrir )"
Alexandria,Miami,145,31.2725,30.0126,Cairo,tahrir,8,30.0445,31.2357,2025-12-24T13:00:00,320.0,14,GoMini,6,180,"Miami, 45 St.","Abdel-Moneim Reyad Squer, ( Tahrir )"
Alexandria,Miami,145,31.2725,30.0126,Cairo,tahrir,8,30.0445,31.2357,2025-12-24T15:00:00,335.0,13,GoMini,6,180,"Miami, 45 St.","Abdel-Moneim Reyad Squer, ( Tahrir )"
Alexandria,Miami,145,31.2725,30.0126,Cairo,tahrir,8,30.0445,31.2357,2025-12-24T17:00:00,320.0,14,GoMini,6,180,"Miami, 45 St.","Abdel-Moneim Reyad Squer, ( Tahrir )"
Alexandria,Miami,145,31.2725,30.0126,Cairo,tahrir,8,30.0445,31.2357,2025-12-24T19:00:00,320.0,14,GoMini,6,180,"Miami, 45 St.","Abdel-Moneim Reyad Squer, ( Tahrir )"
Alexandria,Miami,145,31.2725,30.0126,Cairo,tahrir,8,30.0445,31.2357,2025-12-24T20:45:00,320.0,14,GoMini,6,180,"Miami, 45 St.","Abdel-Moneim Reyad Squer, ( Tahrir )"
Alexandria,Miami,145,31.2725,30.0126,Cairo,tahrir,8,30.0445,31.2357,2025-12-24T23:40:00,320.0,14,GoMini,6,180,"Miami, 45 St.","Abdel-Moneim Reyad Squer, ( Tahrir )"
Alexandria,Miami,145,31.2725,30.0126,Cairo,giza,15,30.0131,31.2089,2025-12-24T10:45:00,320.0,14,GoMini,6,180,"Miami, 45 St.",Giza
Alexandria,Miami,145,31.2725,30.0126,Cairo,giza,15,30.0131,31.2089,2025-12-24T20:45:00,320.0,14,GoMini,6,180,"Miami, 45 St.",Giza
Alexandria,Miami,145,31.2725,30.0126,Cairo,El-Tagamou El-Khames,87,30.03,31.47,2025-12-24T04:40:00,365.0,13,GoMini,6,180,"Miami, 45 St.","The 5th Settlement, Air Force Hospital"
Alexandria,Miami,145,31.2725,30.0126,Cairo,El-Tagamou El-Khames,87,30.03,31.47,2025-12-24T05:00:00,365.0,13,GoMini,6,180,"Miami, 45 St.","The 5th Settlement, Air Force Hospital"
Alexandria,Miami,145,31.2725,30.0126,Cairo,El-Tagamou El-Khames,87,30.03,31.47,2025-12-24T05:40:00,365.0,13,GoMini,6,180,"Miami, 45 St.","The 5th Settlement, Air Force Hospital"
Alexandria,Miami,145,31.2725,30.0126,Cairo,El-Tagamou El-Khames,87,30.03,31.47,2025-12-24T10:40:00,365.0,13,GoMini,6,180,"Miami, 45 St.","The 5th Settlement, Air Force Hospital"
Alexandria,Miami,145,31.2725,30.0126,Cairo,nady el sekka,9,30.061,31.2467,2025-12-24T01:00:00,340.0,13,GoMini,6,180,"Miami, 45 St.",Nasr City (Nadi El-Sekka)
Alexandria,Miami,145,31.2725,30.0126,Cairo,nady el sekka,9,30.061,31.2467,2025-12-24T06:20:00,325.0,14,GoMini,6,180,"Miami, 45 St.",Nasr City (Nadi El-Sekka)
Alexandria,Miami,145,31.2725,30.0126,Cairo,nady el sekka,9,30.061,31.2467,2025-12-24T12:00:00,325.0,14,GoMini,6,180,"Miami, 45 St.",Nasr City (Nadi El-Sekka)
Alexandria,Miami,145,31.2725,30.0126,Cairo,nady el sekka,9,30.061,31.2467,2025-12-24T13:00:00,325.0,14,GoMini,6,180,"Miami, 45 St.",Nasr City (Nadi El-Sekka)
Alexandria,Miami,145,31.2725,30.0126,Cairo,nady el sekka,9,30.061,31.2467,2025-12-24T15:00:00,340.0,13,GoMini,6,180,"Miami, 45 St.",Nasr City (Nadi El-Sekka)
Alexandria,Miami,145,31.2725,30.0126,Cairo,nady el sekka,9,30.061,31.2467,2025-12-24T17:00:00,325.0,14,GoMini,6,180,"Miami, 45 St.",Nasr City (Nadi El-Sekka)
Alexandria,Miami,145,31.2725,30.0126,Cairo,nady el sekka,9,30.061,31.2467,2025-12-24T19:00:00,325.0,14,GoMini,6,180,"Miami, 45 St.",Nasr City (Nadi El-Sekka)
Alexandria,Miami,145,31.2725,30.0126,Cairo,nady el sekka,9,30.061,31.2467,2025-12-24T23:40:00,325.0,14,GoMini,6,180,"Miami, 45 St.",Nasr City (Nadi El-Sekka)
Alexandria,Miami,145,31.2725,30.0126,Cairo,el rehab,42,30.0636,31.4916,2025-12-24T04:40:00,365.0,13,GoMini,6,180,"Miami, 45 St.","El Rehab, Gate 6, The Corner Mall"
Alexandria,Miami,145,31.2725,30.0126,Cairo,el rehab,42,30.0636,31.4916,2025-12-24T05:00:00,365.0,13,GoMini,6,180,"Miami, 45 St.","El Rehab, Gate 6, The Corner Mall"
Alexandria,Miami,145,31.2725,30.0126,Cairo,el rehab,42,30.0636,31.4916,2025-12-24T05:40:00,365.0,13,GoMini,6,180,"Miami, 45 St.","El Rehab, Gate 6, The Corner Mall"
Alexandria,Miami,145,31.2725,30.0126,Cairo,el rehab,42,30.0636,31.4916,2025-12-24T10:40:00,365.0,13,GoMini,6,180,"Miami, 45 St.","El Rehab, Gate 6, The Corner Mall"
Alexandria,Miami,145,31.2725,30.0126,Cairo,madinty,43,30.0956,31.6386,2025-12-24T04:40:00,385.0,13,GoMini,6,180,"Miami, 45 St.","Madinaty, Gate 1"
Alexandria,Miami,145,31.2725,30.0126,Cairo,madinty,43,30.0956,31.6386,2025-12-24T05:40:00,385.0,13,GoMini,6,180,"Miami, 45 St.","Madinaty, Gate 1"
Alexandria,Miami,145,31.2725,30.0126,Cairo,madinty,43,30.0956,31.6386,2025-12-24T10:40:00,385.0,13,GoMini,6,180,"Miami, 45 St.","Madinaty, Gate 1"
Alexandria,Miami,145,31.2725,30.0126,Cairo,cairo-alex gate,65,30.0565,31.0209,2025-12-24T01:00:00,340.0,13,GoMini,6,180,"Miami, 45 St.",Cairo Gate
Alexandria,Miami,145,31.2725,30.0126,Cairo,cairo-alex gate,65,30.0565,31.0209,2025-12-24T04:40:00,340.0,13,GoMini,6,180,"Miami, 45 St.",Cairo Gate
Alexandria,Miami,145,31.2725,30.0126,Cairo,cairo-alex gate,65,30.0565,31.0209,2025-12-24T05:00:00,340.0,13,GoMini,6,180,"Miami, 45 St.",Cairo Gate
Alexandria,Miami,145,31.2725,30.0126,Cairo,cairo-alex gate,65,30.0565,31.0209,2025-12-24T05:40:00,340.0,13,GoMini,6,180,"Miami, 45 St.",Cairo Gate
Alexandria,Miami,145,31.2725,30.0126,Cairo,cairo-alex gate,65,30.0565,31.0209,2025-12-24T06:20:00,325.0,14,GoMini,6,180,"Miami, 45 St.",Cairo Gate
Alexandria,Miami,145,31.2725,30.0126,Cairo,cairo-alex gate,65,30.0565,31.0209,2025-12-24T10:40:00,340.0,13,GoMini,6,180,"Miami, 45 St.",Cairo Gate
Alexandria,Miami,145,31.2725,30.0126,Cairo,cairo-alex gate,65,30.0565,31.0209,2025-12-24T10:45:00,325.0,14,GoMini,6,180,"Miami, 45 St.",Cairo Gate
Alexandria,Miami,145,31.2725,30.0126,Cairo,cairo-alex gate,65,30.0565,31.0209,2025-12-24T12:00:00,325.0,14,GoMini,6,180,"Miami, 45 St.",Cairo Gate
Alexandria,Miami,145,31.2725,30.0126,Cairo,cairo-alex gate,65,30.0565,31.0209,2025-12-24T13:00:00,325.0,14,GoMini,6,180,"Miami, 45 St.",Cairo Gate
Alexandria,Miami,145,31.2725,30.0126,Cairo,cairo-alex gate,65,30.0565,31.0209,2025-12-24T15:00:00,340.0,13,GoMini,6,180,"Miami, 45 St.",Cairo Gate
Alexandria,Miami,145,31.2725,30.0126,Cairo,cairo-alex gate,65,30.0565,31.0209,2025-12-24T17:00:00,325.0,14,GoMini,6,180,"Miami, 45 St.",Cairo Gate
Alexandria,Miami,145,31.2725,30.0126,Cairo,cairo-alex gate,65,30.0565,31.0209,2025-12-24T19:00:00,325.0,14,GoMini,6,180,"Miami, 45 St.",Cairo Gate
Alexandria,Miami,145,31.2725,30.0126,Cairo,cairo-alex gate,65,30.0565,31.0209,2025-12-24T20:45:00,325.0,14,GoMini,6,180,"Miami, 45 St.",Cairo Gate
Alexandria,Miami,145,31.2725,30.0126,Cairo,cairo-alex gate,65,30.0565,31.0209,2025-12-24T23:40:00,325.0,14,GoMini,6,180,"Miami, 45 St.",Cairo Gate
Alexandria,Miami,145,31.2725,30.0126,Mansoura,Mansoura,30,31.0364,31.3807,2025-12-24T12:30:00,250.0,13,GoMini,6,360,"Miami, 45 St.","Mansoura, Army St"
Alexandria,Miami,145,31.2725,30.0126,Port Said,Port Said Downtown,378,31.2653,32.3019,2025-12-24T06:30:00,230.0,14,High ace Toyota,6,180,"Miami, 45 St.","Port Said, Downtown"
Alexandria,Miami,145,31.2725,30.0126,Port Said,Port Said Downtown,378,31.2653,32.3019,2025-12-24T13:30:00,230.0,14,High ace Toyota,6,180,"Miami, 45 St.","Port Said, Downtown"
Alexandria,Miami,145,31.2725,30.0126,Port Said,Port Said Downtown,378,31.2653,32.3019,2025-12-24T19:15:00,230.0,14,High ace Toyota,6,180,"Miami, 45 St.","Port Said, Downtown"
Marsa Matrouh,Marsa Matrouh,68,31.3543,27.2373,Cairo,tahrir,8,30.0445,31.2357,2025-12-24T01:00:00,420.0,13,GoMini,6,300,Marsa Matrouh Main Office,"Abdel-Moneim Reyad Squer, ( Tahrir )"
Marsa Matrouh,Marsa Matrouh,68,31.3543,27.2373,Cairo,tahrir,8,30.0445,31.2357,2025-12-24T04:30:00,420.0,13,GoMini,6,300,Marsa Matrouh Main Office,"Abdel-Moneim Reyad Squer, ( Tahrir )"
Marsa Matrouh,Marsa Matrouh,68,31.3543,27.2373,Cairo,tahrir,8,30.0445,31.2357,2025-12-24T09:30:00,420.0,13,GoMini,6,300,Marsa Matrouh Main Office,"Abdel-Moneim Reyad Squer, ( Tahrir )"
Marsa Matrouh,Marsa Matrouh,68,31.3543,27.2373,Cairo,tahrir,8,30.0445,31.2357,2025-12-24T10:00:00,420.0,13,GoMini,6,300,Marsa Matrouh Main Office,"Abdel-Moneim Reyad Squer, ( Tahrir )"
Marsa Matrouh,Marsa Matrouh,68,31.3543,27.2373,Cairo,tahrir,8,30.0445,31.2357,2025-12-24T11:00:00,420.0,13,GoMini,6,300,Marsa Matrouh Main Office,"Abdel-Moneim Reyad Squer, ( Tahrir )"
Marsa Matrouh,Marsa Matrouh,68,31.3543,27.2373,Cairo,tahrir,8,30.0445,31.2357,2025-12-24T13:30:00,410.0,14,GoMini,6,300,Marsa Matrouh Main Office,"Abdel-Moneim Reyad Squer, ( Tahrir )"
Marsa Matrouh,Marsa Matrouh,68,31.3543,27.2373,Cairo,tahrir,8,30.0445,31.2357,2025-12-24T15:30:00,420.0,13,GoMini,6,300,Marsa Matrouh Main Office,"Abdel-Moneim Reyad Squer, ( Tahrir )"
Marsa Matrouh,Marsa Matrouh,68,31.3543,27.2373,Cairo,tahrir,8,30.0445,31.2357,2025-12-24T16:30:00,420.0,13,GoMini,6,300,Marsa Matrouh Main Office,"Abdel-Moneim Reyad Squer, ( Tahrir )"
Marsa Matrouh,Marsa Matrouh,68,31.3543,27.2373,Cairo,tahrir,8,30.0445,31.2357,2025-12-24T17:30:00,420.0,13,GoMini,6,300,Marsa Matrouh Main Office,"Abdel-Moneim Reyad Squer, ( Tahrir )"
Marsa Matrouh,Marsa Matrouh,68,31.3543,27.2373,Cairo,tahrir,8,30.0445,31.2357,2025-12-24T22:00:00,420.0,13,GoMini,6,300,Marsa Matrouh Main Office,"Abdel-Moneim Reyad Squer, ( Tahrir )"
Marsa Matrouh,Marsa Matrouh,68,31.3543,27.2373,Cairo,giza,15,30.0131,31.2089,2025-12-24T10:00:00,420.0,13,GoMini,6,300,Marsa Matrouh Main Office,Giza
Marsa Matrouh,Marsa Matrouh,68,31.3543,27.2373,Cairo,naser city,27,30.0561,31.33,2025-12-24T01:00:00,420.0,13,GoMini,6,300,Marsa Matrouh Main Office,"Nasr City, Go Bus station"
Marsa Matrouh,Marsa Matrouh,68,31.3543,27.2373,Cairo,naser city,27,30.0561,31.33,2025-12-24T04:30:00,420.0,13,GoMini,6,300,Marsa Matrouh Main Office,"Nasr City, Go Bus station"
Marsa Matrouh,Marsa Matrouh,68,31.3543,27.2373,Cairo,naser city,27,30.0561,31.33,2025-12-24T09:30:00,420.0,13,GoMini,6,300,Marsa Matrouh Main Office,"Nasr City, Go Bus station"
Marsa Matrouh,Marsa Matrouh,68,31.3543,27.2373,Cairo,naser city,27,30.0561,31.33,2025-12-24T11:00:00,420.0,13,GoMini,6,300,Marsa Matrouh Main Office,"Nasr City, Go Bus station"
Marsa Matrouh,Marsa Matrouh,68,31.3543,27.2373,Cairo,naser city,27,30.0561,31.33,2025-12-24T13:30:00,410.0,14,GoMini,6,300,Marsa Matrouh Main Office,"Nasr City, Go Bus station"
Marsa Matrouh,Marsa Matrouh,68,31.3543,27.2373,Cairo,naser city,27,30.0561,31.33,2025-12-24T15:30:00,420.0,13,GoMini,6,300,Marsa Matrouh Main Office,"Nasr City, Go Bus station"
Marsa Matrouh,Marsa Matrouh,68,31.3543,27.2373,Cairo,naser city,27,30.0561,31.33,2025-12-24T16:30:00,420.0,13,GoMini,6,300,Marsa Matrouh Main Office,"Nasr City, Go Bus station"
Marsa Matrouh,Marsa Matrouh,68,31.3543,27.2373,Cairo,naser city,27,30.0561,31.33,2025-12-24T17:30:00,420.0,13,GoMini,6,300,Marsa Matrouh Main Office,"Nasr City, Go Bus station"
Marsa Matrouh,Marsa Matrouh,68,31.3543,27.2373,Cairo,naser city,27,30.0561,31.33,2025-12-24T22:00:00,420.0,13,GoMini,6,300,Marsa Matrouh Main Office,"Nasr City, Go Bus station"
Marsa Matrouh,Marsa Matrouh,68,31.3543,27.2373,Cairo,nady el sekka,9,30.061,31.2467,2025-12-24T01:00:00,420.0,13,GoMini,6,300,Marsa Matrouh Main Office,Nasr City (Nadi El-Sekka)
Marsa Matrouh,Marsa Matrouh,68,31.3543,27.2373,Cairo,nady el sekka,9,30.061,31.2467,2025-12-24T04:30:00,420.0,13,GoMini,6,300,Marsa Matrouh Main Office,Nasr City (Nadi El-Sekka)
Marsa Matrouh,Marsa Matrouh,68,31.3543,27.2373,Cairo,nady el sekka,9,30.061,31.2467,2025-12-24T09:30:00,420.0,13,GoMini,6,300,Marsa Matrouh Main Office,Nasr City (Nadi El-Sekka)
Marsa Matrouh,Marsa Matrouh,68,31.3543,27.2373,Cairo,nady el sekka,9,30.061,31.2467,2025-12-24T11:00:00,420.0,13,GoMini,6,300,Marsa Matrouh Main Office,Nasr City (Nadi El-Sekka)
Marsa Matrouh,Marsa Matrouh,68,31.3543,27.2373,Cairo,nady el sekka,9,30.061,31.2467,2025-12-24T13:30:00,410.0,14,GoMini,6,300,Marsa Matrouh Main Office,Nasr City (Nadi El-Sekka)
Marsa Matrouh,Marsa Matrouh,68,31.3543,27.2373,Cairo,nady el sekka,9,30.061,31.2467,2025-12-24T15:30:00,420.0,13,GoMini,6,300,Marsa Matrouh Main Office,Nasr City (Nadi El-Sekka)
Marsa Matrouh,Marsa Matrouh,68,31.3543,27.2373,Cairo,nady el sekka,9,30.061,31.2467,2025-12-24T16:30:00,420.0,13,GoMini,6,300,Marsa Matrouh Main Office,Nasr City (Nadi El-Sekka)
Marsa Matrouh,Marsa Matrouh,68,31.3543,27.2373,Cairo,nady el sekka,9,30.061,31.2467,2025-12-24T17:30:00,420.0,13,GoMini,6,300,Marsa Matrouh Main Office,Nasr City (Nadi El-Sekka)
Marsa Matrouh,Marsa Matrouh,68,31.3543,27.2373,Cairo,nady el sekka,9,30.061,31.2467,2025-12-24T22:00:00,420.0,13,GoMini,6,300,Marsa Matrouh Main Office,Nasr City (Nadi El-Sekka)
Marsa Matrouh,Marsa Matrouh,68,31.3543,27.2373,Cairo,cairo-alex gate,65,30.0565,31.0209,2025-12-24T01:00:00,420.0,13,GoMini,6,300,Marsa Matrouh Main Office,Cairo Gate
Marsa Matrouh,Marsa Matrouh,68,31.3543,27.2373,Cairo,cairo-alex gate,65,30.0565,31.0209,2025-12-24T04:30:00,420.0,13,GoMini,6,300,Marsa Matrouh Main Office,Cairo Gate
Marsa Matrouh,Marsa Matrouh,68,31.3543,27.2373,Cairo,cairo-alex gate,65,30.0565,31.0209,2025-12-24T09:30:00,420.0,13,GoMini,6,300,Marsa Matrouh Main Office,Cairo Gate
Marsa Matrouh,Marsa Matrouh,68,31.3543,27.2373,Cairo,cairo-alex gate,65,30.0565,31.0209,2025-12-24T10:00:00,420.0,13,GoMini,6,300,Marsa Matrouh Main Office,Cairo Gate
Marsa Matrouh,Marsa Matrouh,68,31.3543,27.2373,Cairo,cairo-alex gate,65,30.0565,31.0209,2025-12-24T11:00:00,420.0,13,GoMini,6,300,Marsa Matrouh Main Office,Cairo Gate
Marsa Matrouh,Marsa Matrouh,68,31.3543,27.2373,Cairo,cairo-alex gate,65,30.0565,31.0209,2025-12-24T13:30:00,410.0,14,GoMini,6,300,Marsa Matrouh Main Office,Cairo Gate
Marsa Matrouh,Marsa Matrouh,68,31.3543,27.2373,Cairo,cairo-alex gate,65,30.0565,31.0209,2025-12-24T15:30:00,420.0,13,GoMini,6,300,Marsa Matrouh Main Office,Cairo Gate
Marsa Matrouh,Marsa Matrouh,68,31.3543,27.2373,Cairo,cairo-alex gate,65,30.0565,31.0209,2025-12-24T16:30:00,420.0,13,GoMini,6,300,Marsa Matrouh Main Office,Cairo Gate
Marsa Matrouh,Marsa Matrouh,68,31.3543,27.2373,Cairo,cairo-alex gate,65,30.0565,31.0209,2025-12-24T17:30:00,420.0,13,GoMini,6,300,Marsa Matrouh Main Office,Cairo Gate
Marsa Matrouh,Marsa Matrouh,68,31.3543,27.2373,Cairo,cairo-alex gate,65,30.0565,31.0209,2025-12-24T22:00:00,420.0,13,GoMini,6,300,Marsa Matrouh Main Office,Cairo Gate
Safaga,Safaga,10,26.7472,33.9389,Cairo,tahrir,8,30.0445,31.2357,2025-12-24T17:25:00,475.0,49,Super Go D,0,420,Safaga,Cairo | Tahrir
Safaga,Safaga,10,26.7472,33.9389,Cairo,tahrir,8,30.0445,31.2357,2025-12-24T19:15:00,630.0,37,Elite Business Class M,0,420,Safaga,Cairo | Tahrir
Safaga,Safaga,10,26.7472,33.9389,Cairo,El-Tagamou El-Khames,87,30.03,31.47,2025-12-24T19:15:00,630.0,37,Elite Business Class M,0,420,Safaga,El-Tagamou El-Khames
Safaga,Safaga,10,26.7472,33.9389,Cairo,naser city,27,30.0561,31.33,2025-12-24T17:25:00,475.0,49,Super Go D,0,420,Safaga,NasrCity Station
Safaga,Safaga,10,26.7472,33.9389,Cairo,naser city,27,30.0561,31.33,2025-12-24T19:15:00,630.0,37,Elite Business Class M,0,420,Safaga,NasrCity Station
Safaga,Safaga,10,26.7472,33.9389,Marsa Allam,Marsa Allam,23,25.063,34.894,2025-12-24T07:59:00,235.0,49,Super Go D,0,360,Safaga,Marsa Allam
Safaga,Safaga,10,26.7472,33.9389,Qena,Qena,63,26.1551,32.716,2025-12-24T09:05:00,185.0,46,Super Go I,0,360,Safaga,Qena
Safaga,Safaga,10,26.7472,33.9389,Qena,Qena,63,26.1551,32.716,2025-12-24T14:19:00,185.0,49,Super Go D,0,360,Safaga,Qena
Safaga,Safaga,10,26.7472,33.9389,Qena,Qena,63,26.1551,32.716,2025-12-24T16:20:00,185.0,49,Super Go D,0,360,Safaga,Qena
Safaga,Safaga,10,26.7472,33.9389,Qena,Qena,63,26.1551,32.716,2025-12-24T18:21:00,185.0,49,Super Go D,0,360,Safaga,Qena
Safaga,Safaga,10,26.7472,33.9389,Luxor,Luxor,57,25.6872,32.6396,2025-12-24T09:05:00,195.0,46,Super Go I,0,360,Safaga,Luxor
Safaga,Safaga,10,26.7472,33.9389,Luxor,Luxor,57,25.6872,32.6396,2025-12-24T14:19:00,190.0,49,Super Go D,0,360,Safaga,Luxor
Safaga,Safaga,10,26.7472,33.9389,Luxor,Luxor,57,25.6872,32.6396,2025-12-24T16:20:00,190.0,49,Super Go D,0,360,Safaga,Luxor
Safaga,Safaga,10,26.7472,33.9389,Luxor,Luxor,57,25.6872,32.6396,2025-12-24T18:21:00,190.0,49,Super Go D,0,360,Safaga,Luxor
Safaga,Safaga,10,26.7472,33.9389,Assiut,Assiut,36,27.1809,31.1837,2025-12-24T00:10:00,460.0,13,GoMini,6,360,Safaga,"Assiut, El Helaly"
Safaga,Safaga,10,26.7472,33.9389,Assiut,Assiut,36,27.1809,31.1837,2025-12-24T01:09:00,460.0,13,GoMini,6,360,Safaga,"Assiut, El Helaly"
Safaga,Safaga,10,26.7472,33.9389,Assiut,Assiut,36,27.1809,31.1837,2025-12-24T09:10:00,460.0,13,GoMini,6,360,Safaga,"Assiut, El Helaly"
Safaga,Safaga,10,26.7472,33.9389,Assiut,Assiut,36,27.1809,31.1837,2025-12-24T14:30:00,255.0,49,Super Go D,0,360,Safaga,Assiut
Safaga,Safaga,10,26.7472,33.9389,Assiut,Assiut,36,27.1809,31.1837,2025-12-24T16:40:00,440.0,14,GoMini,6,360,Safaga,"Assiut, El Helaly"
Safaga,Safaga,10,26.7472,33.9389,Al Quseir,Al Quseir,24,26.1062,34.2831,2025-12-24T07:59:00,130.0,49,Super Go D,0,360,Safaga,Al Quseir
Marsa Allam,Marsa Allam,23,25.063,34.894,Cairo,tahrir,8,30.0445,31.2357,2025-12-24T13:25:00,620.0,49,Super Go D,0,600,Marsa Allam,Cairo | Tahrir
Marsa Allam,Marsa Allam,23,25.063,34.894,Cairo,tahrir,8,30.0445,31.2357,2025-12-24T15:15:00,740.0,37,Elite Business Class M,0,600,Marsa Allam,Cairo | Tahrir
Marsa Allam,Marsa Allam,23,25.063,34.894,Cairo,El-Tagamou El-Khames,87,30.03,31.47,2025-12-24T15:15:00,740.0,37,Elite Business Class M,0,600,Marsa Allam,El-Tagamou El-Khames
Marsa Allam,Marsa Allam,23,25.063,34.894,Cairo,naser city,27,30.0561,31.33,2025-12-24T13:25:00,620.0,49,Super Go D,0,600,Marsa Allam,NasrCity Station
Marsa Allam,Marsa Allam,23,25.063,34.894,Cairo,naser city,27,30.0561,31.33,2025-12-24T15:15:00,740.0,37,Elite Business Class M,0,600,Marsa Allam,NasrCity Station
Marsa Allam,Marsa Allam,23,25.063,34.894,Safaga,Safaga,10,26.7472,33.9389,2025-12-24T13:25:00,235.0,49,Super Go D,0,360,Marsa Allam,Safaga
Marsa Allam,Marsa Allam,23,25.063,34.894,Al Quseir,Al Quseir,24,26.1062,34.2831,2025-12-24T13:25:00,155.0,49,Super Go D,0,360,Marsa Allam,Al Quseir
Sokhna,Porto El Sokhna,26,29.4397,32.4867,Cairo,tahrir,8,30.0445,31.2357,2025-12-24T13:00:00,190.0,49,Super Go D,0,120,Porto El Sokhna,Cairo | Tahrir
Sokhna,Porto El Sokhna,26,29.4397,32.4867,Cairo,tahrir,8,30.0445,31.2357,2025-12-24T14:35:00,190.0,49,Super Go D,0,120,Porto El Sokhna,Cairo | Tahrir
Sokhna,Porto El Sokhna,26,29.4397,32.4867,Cairo,tahrir,8,30.0445,31.2357,2025-12-24T14:54:00,300.0,13,GoMini,6,120,Porto Sokhna,"Abdel-Moneim Reyad Squer, ( Tahrir )"
Sokhna,Porto El Sokhna,26,29.4397,32.4867,Cairo,tahrir,8,30.0445,31.2357,2025-12-24T18:01:00,190.0,49,Super Go D,0,120,Porto El Sokhna,Cairo | Tahrir
Sokhna,Porto El Sokhna,26,29.4397,32.4867,Cairo,tahrir,8,30.0445,31.2357,2025-12-24T22:01:00,190.0,49,Super Go D,0,120,Porto El Sokhna,Cairo | Tahrir
Sokhna,Porto El Sokhna,26,29.4397,32.4867,Cairo,giza,15,30.0131,31.2089,2025-12-24T14:35:00,190.0,49,Super Go D,0,120,Porto El Sokhna,Giza
Sokhna,Porto El Sokhna,26,29.4397,32.4867,Cairo,giza,15,30.0131,31.2089,2025-12-24T14:54:00,300.0,13,GoMini,6,120,Porto Sokhna,Giza
Sokhna,Porto El Sokhna,26,29.4397,32.4867,Cairo,giza,15,30.0131,31.2089,2025-12-24T18:01:00,190.0,49,Super Go D,0,120,Porto El Sokhna,Giza
Sokhna,Porto El Sokhna,26,29.4397,32.4867,Cairo,giza,15,30.0131,31.2089,2025-12-24T22:01:00,190.0,49,Super Go D,0,120,Porto El Sokhna,Giza
Sokhna,Porto El Sokhna,26,29.4397,32.4867,Cairo,El-Tagamou El-Khames,87,30.03,31.47,2025-12-24T13:00:00,190.0,49,Super Go D,0,120,Porto El Sokhna,El-Tagamou El-Khames
Sokhna,Porto El Sokhna,26,29.4397,32.4867,Cairo,El-Tagamou El-Khames,87,30.03,31.47,2025-12-24T14:35:00,300.0,13,GoMini,6,120,Porto Sokhna,"The 5th Settlement, Air Force Hospital"
Sokhna,Porto El Sokhna,26,29.4397,32.4867,Cairo,naser city,27,30.0561,31.33,2025-12-24T13:00:00,190.0,49,Super Go D,0,120,Porto El Sokhna,NasrCity Station
Sokhna,Porto El Sokhna,26,29.4397,32.4867,Cairo,naser city,27,30.0561,31.33,2025-12-24T14:35:00,190.0,49,Super Go D,0,120,Porto El Sokhna,NasrCity Station
Sokhna,Porto El Sokhna,26,29.4397,32.4867,Cairo,naser city,27,30.0561,31.33,2025-12-24T14:35:00,300.0,13,GoMini,6,120,Porto Sokhna,"Nasr City, Go Bus station"
Sokhna,Porto El Sokhna,26,29.4397,32.4867,Cairo,naser city,27,30.0561,31.33,2025-12-24T18:01:00,190.0,49,Super Go D,0,120,Porto El Sokhna,NasrCity Station
Sokhna,Porto El Sokhna,26,29.4397,32.4867,Cairo,naser city,27,30.0561,31.33,2025-12-24T22:01:00,190.0,49,Super Go D,0,120,Porto El Sokhna,NasrCity Station
Sokhna,Porto El Sokhna,26,29.4397,32.4867,Cairo,nady el sekka,9,30.061,31.2467,2025-12-24T14:35:00,300.0,13,GoMini,6,120,Porto Sokhna,Nasr City (Nadi El-Sekka)
Sokhna,Porto El Sokhna,26,29.4397,32.4867,Hurghada,hurghada,1,27.2579,33.8116,2025-12-24T12:25:00,270.0,49,Super Go D,0,360,Porto El Sokhna,Hurghada
Sokhna,Porto El Sokhna,26,29.4397,32.4867,Hurghada,hurghada,1,27.2579,33.8116,2025-12-24T13:30:00,245.0,49,Super Go D,0,360,Porto El Sokhna,Hurghada
Sokhna,Porto El Sokhna,26,29.4397,32.4867,Alexandria,Moharam BK,18,31.1917,29.9187,2025-12-24T16:55:00,345.0,61,Super Go D,0,360,Porto El Sokhna,Alex - Moharam BK
Sokhna,Porto South Beach,245,29.4405,32.489,Cairo,tahrir,8,30.0445,31.2357,2025-12-24T12:10:00,190.0,49,Super Go D,0,120,Porto South Beach,Cairo | Tahrir
Sokhna,Porto South Beach,245,29.4405,32.489,Cairo,tahrir,8,30.0445,31.2357,2025-12-24T14:20:00,310.0,13,GoMini,6,120,Porto South Beach,"Abdel-Moneim Reyad Squer, ( Tahrir )"
Sokhna,Porto South Beach,245,29.4405,32.489,Cairo,giza,15,30.0131,31.2089,2025-12-24T14:20:00,310.0,13,GoMini,6,120,Porto South Beach,Giza
Sokhna,Porto South Beach,245,29.4405,32.489,Cairo,El-Tagamou El-Khames,87,30.03,31.47,2025-12-24T12:10:00,190.0,49,Super Go D,0,120,Porto South Beach,El-Tagamou El-Khames
Sokhna,Porto South Beach,245,29.4405,32.489,Cairo,El-Tagamou El-Khames,87,30.03,31.47,2025-12-24T14:05:00,310.0,13,GoMini,6,120,Porto South Beach,"The 5th Settlement, Air Force Hospital"
Sokhna,Porto South Beach,245,29.4405,32.489,Cairo,naser city,27,30.0561,31.33,2025-12-24T12:10:00,190.0,49,Super Go D,0,120,Porto South Beach,NasrCity Station
Sokhna,Porto South Beach,245,29.4405,32.489,Cairo,naser city,27,30.0561,31.33,2025-12-24T14:05:00,310.0,13,GoMini,6,120,Porto South Beach,"Nasr City, Go Bus station"
Sokhna,Porto South Beach,245,29.4405,32.489,Cairo,nady el sekka,9,30.061,31.2467,2025-12-24T14:05:00,310.0,13,GoMini,6,120,Porto South Beach,Nasr City (Nadi El-Sekka)
Sokhna,Cancun,164,29.46,32.46,Cairo,tahrir,8,30.0445,31.2357,2025-12-24T12:00:00,190.0,49,Super Go D,0,120,Cancun,Cairo | Tahrir
Sokhna,Cancun,164,29.46,32.46,Cairo,tahrir,8,30.0445,31.2357,2025-12-24T14:10:00,320.0,13,GoMini,6,120,Cancun,"Abdel-Moneim Reyad Squer, ( Tahrir )"
Sokhna,Cancun,164,29.46,32.46,Cairo,giza,15,30.0131,31.2089,2025-12-24T14:10:00,320.0,13,GoMini,6,120,Cancun,Giza
Sokhna,Cancun,164,29.46,32.46,Cairo,El-Tagamou El-Khames,87,30.03,31.47,2025-12-24T12:00:00,190.0,49,Super Go D,0,120,Cancun,El-Tagamou El-Khames
Sokhna,Cancun,164,29.46,32.46,Cairo,El-Tagamou El-Khames,87,30.03,31.47,2025-12-24T13:55:00,320.0,13,GoMini,6,120,Cancun,"The 5th Settlement, Air Force Hospital"
Sokhna,Cancun,164,29.46,32.46,Cairo,naser city,27,30.0561,31.33,2025-12-24T12:00:00,190.0,49,Super Go D,0,120,Cancun,NasrCity Station
Sokhna,Cancun,164,29.46,32.46,Cairo,naser city,27,30.0561,31.33,2025-12-24T13:55:00,320.0,13,GoMini,6,120,Cancun,"Nasr City, Go Bus station"
Sokhna,Cancun,164,29.46,32.46,Cairo,nady el sekka,9,30.061,31.2467,2025-12-24T13:55:00,320.0,13,GoMini,6,120,Cancun,Nasr City (Nadi El-Sekka)
Sokhna,Mountain View 1 (Dayra Camp),1164,29.48,32.44,Cairo,tahrir,8,30.0445,31.2357,2025-12-24T11:45:00,190.0,49,Super Go D,0,120,Mountain View 1 (Dayra Camp),Cairo | Tahrir
Sokhna,Mountain View 1 (Dayra Camp),1164,29.48,32.44,Cairo,tahrir,8,30.0445,31.2357,2025-12-24T13:45:00,330.0,13,GoMini,6,120,Mountain View 1 (Dayra Camp),"Abdel-Moneim Reyad Squer, ( Tahrir )"
Sokhna,Mountain View 1 (Dayra Camp),1164,29.48,32.44,Cairo,giza,15,30.0131,31.2089,2025-12-24T13:45:00,330.0,13,GoMini,6,120,Mountain View 1 (Dayra Camp),Giza
Sokhna,Mountain View 1 (Dayra Camp),1164,29.48,32.44,Cairo,El-Tagamou El-Khames,87,30.03,31.47,2025-12-24T11:45:00,190.0,49,Super Go D,0,120,Mountain View 1 (Dayra Camp),El-Tagamou El-Khames
Sokhna,Mountain View 1 (Dayra Camp),1164,29.48,32.44,Cairo,El-Tagamou El-Khames,87,30.03,31.47,2025-12-24T13:40:00,330.0,13,GoMini,6,120,Mountain View 1 (Dayra Camp),"The 5th Settlement, Air Force Hospital"
Sokhna,Mountain View 1 (Dayra Camp),1164,29.48,32.44,Cairo,naser city,27,30.0561,31.33,2025-12-24T11:45:00,190.0,49,Super Go D,0,120,Mountain View 1 (Dayra Camp),NasrCity Station
Sokhna,Mountain View 1 (Dayra Camp),1164,29.48,32.44,Cairo,naser city,27,30.0561,31.33,2025-12-24T13:40:00,330.0,13,GoMini,6,120,Mountain View 1 (Dayra Camp),"Nasr City, Go Bus station"
Sokhna,Mountain View 1 (Dayra Camp),1164,29.48,32.44,Cairo,nady el sekka,9,30.061,31.2467,2025-12-24T13:40:00,330.0,13,GoMini,6,120,Mountain View 1 (Dayra Camp),Nasr City (Nadi El-Sekka)
Sokhna,Grand Ocean,188,29.455,32.455,Cairo,tahrir,8,30.0445,31.2357,2025-12-24T12:15:00,190.0,49,Super Go D,0,120,Grand Ocean,Cairo | Tahrir
Sokhna,Grand Ocean,188,29.455,32.455,Cairo,tahrir,8,30.0445,31.2357,2025-12-24T14:29:00,310.0,13,GoMini,6,120,Grand Ocean,"Abdel-Moneim Reyad Squer, ( Tahrir )"
Sokhna,Grand Ocean,188,29.455,32.455,Cairo,giza,15,30.0131,31.2089,2025-12-24T14:29:00,310.0,13,GoMini,6,120,Grand Ocean,Giza
Sokhna,Grand Ocean,188,29.455,32.455,Cairo,El-Tagamou El-Khames,87,30.03,31.47,2025-12-24T12:15:00,190.0,49,Super Go D,0,120,Grand Ocean,El-Tagamou El-Khames
Sokhna,Grand Ocean,188,29.455,32.455,Cairo,El-Tagamou El-Khames,87,30.03,31.47,2025-12-24T14:10:00,310.0,13,GoMini,6,120,Grand Ocean,"The 5th Settlement, Air Force Hospital"
Sokhna,Grand Ocean,188,29.455,32.455,Cairo,naser city,27,30.0561,31.33,2025-12-24T12:15:00,190.0,49,Super Go D,0,120,Grand Ocean,NasrCity Station
Sokhna,Grand Ocean,188,29.455,32.455,Cairo,naser city,27,30.0561,31.33,2025-12-24T14:10:00,310.0,13,GoMini,6,120,Grand Ocean,"Nasr City, Go Bus station"
Sokhna,Grand Ocean,188,29.455,32.455,Cairo,nady el sekka,9,30.061,31.2467,2025-12-24T14:10:00,310.0,13,GoMini,6,120,Grand Ocean,Nasr City (Nadi El-Sekka)
Qena,Qena,63,26.1551,32.716,Cairo,tahrir,8,30.0445,31.2357,2025-12-24T00:01:00,700.0,56,Business Class DD,0,480,Qena,Cairo | Tahrir
Qena,Qena,63,26.1551,32.716,Cairo,tahrir,8,30.0445,31.2357,2025-12-24T01:02:00,700.0,37,Elite Business Class M,0,480,Qena,Cairo | Tahrir
Qena,Qena,63,26.1551,32.716,Cairo,tahrir,8,30.0445,31.2357,2025-12-24T01:35:00,445.0,49,Super Go D,0,480,Qena,Cairo | Tahrir
Qena,Qena,63,26.1551,32.716,Cairo,tahrir,8,30.0445,31.2357,2025-12-24T02:02:00,700.0,37,Elite Business Class M,0,480,Qena,Cairo | Tahrir
Qena,Qena,63,26.1551,32.716,Cairo,tahrir,8,30.0445,31.2357,2025-12-24T12:25:00,395.0,49,Economy,0,480,Qena,Cairo | Tahrir
Qena,Qena,63,26.1551,32.716,Cairo,tahrir,8,30.0445,31.2357,2025-12-24T14:32:00,700.0,37,Elite Business Class V,0,480,Qena,Cairo | Tahrir
Qena,Qena,63,26.1551,32.716,Cairo,tahrir,8,30.0445,31.2357,2025-12-24T19:55:00,395.0,49,Economy,0,480,Qena,Cairo | Tahrir
Qena,Qena,63,26.1551,32.716,Cairo,tahrir,8,30.0445,31.2357,2025-12-24T22:01:00,700.0,56,Business Class DD,0,480,Qena,Cairo | Tahrir
Qena,Qena,63,26.1551,32.716,Cairo,tahrir,8,30.0445,31.2357,2025-12-24T22:30:00,445.0,49,Super Go D,0,480,Qena,Cairo | Tahrir
Qena,Qena,63,26.1551,32.716,Cairo,tahrir,8,30.0445,31.2357,2025-12-24T23:01:00,445.0,49,Super Go D,0,480,Qena,Cairo | Tahrir
Qena,Qena,63,26.1551,32.716,Cairo,giza,15,30.0131,31.2089,2025-12-24T00:01:00,700.0,56,Business Class DD,0,480,Qena,Giza
Qena,Qena,63,26.1551,32.716,Cairo,giza,15,30.0131,31.2089,2025-12-24T01:02:00,700.0,37,Elite Business Class M,0,480,Qena,Giza
Qena,Qena,63,26.1551,32.716,Cairo,giza,15,30.0131,31.2089,2025-12-24T22:30:00,445.0,49,Super Go D,0,480,Qena,Giza
Qena,Qena,63,26.1551,32.716,Cairo,naser city,27,30.0561,31.33,2025-12-24T00:01:00,700.0,56,Business Class DD,0,480,Qena,NasrCity Station
Qena,Qena,63,26.1551,32.716,Cairo,naser city,27,30.0561,31.33,2025-12-24T01:02:00,700.0,37,Elite Business Class M,0,480,Qena,NasrCity Station
Qena,Qena,63,26.1551,32.716,Cairo,naser city,27,30.0561,31.33,2025-12-24T01:35:00,445.0,49,Super Go D,0,480,Qena,NasrCity Station
Qena,Qena,63,26.1551,32.716,Cairo,naser city,27,30.0561,31.33,2025-12-24T02:02:00,700.0,37,Elite Business Class M,0,480,Qena,NasrCity Station
Qena,Qena,63,26.1551,32.716,Cairo,naser city,27,30.0561,31.33,2025-12-24T12:25:00,395.0,49,Economy,0,480,Qena,NasrCity Station
Qena,Qena,63,26.1551,32.716,Cairo,naser city,27,30.0561,31.33,2025-12-24T14:32:00,700.0,37,Elite Business Class V,0,480,Qena,NasrCity Station
Qena,Qena,63,26.1551,32.716,Cairo,naser city,27,30.0561,31.33,2025-12-24T19:55:00,395.0,49,Economy,0,480,Qena,NasrCity Station
Qena,Qena,63,26.1551,32.716,Cairo,naser city,27,30.0561,31.33,2025-12-24T22:01:00,700.0,56,Business Class DD,0,480,Qena,NasrCity Station
Qena,Qena,63,26.1551,32.716,Cairo,naser city,27,30.0561,31.33,2025-12-24T22:30:00,445.0,49,Super Go D,0,480,Qena,NasrCity Station
Qena,Qena,63,26.1551,32.716,Cairo,naser city,27,30.0561,31.33,2025-12-24T23:01:00,445.0,49,Super Go D,0,480,Qena,NasrCity Station
Qena,Qena,63,26.1551,32.716,Cairo,sixith of october,98,29.9561,31.0042,2025-12-24T22:01:00,700.0,56,Business Class DD,0,480,Qena,Sixth of october
Qena,Qena,63,26.1551,32.716,Cairo,sixith of october,98,29.9561,31.0042,2025-12-24T23:01:00,445.0,49,Super Go D,0,480,Qena,Sixth of october
Qena,Qena,63,26.1551,32.716,Hurghada,hurghada,1,27.2579,33.8116,2025-12-24T09:31:00,240.0,49,Super Go D,0,360,Qena,Hurghada
Qena,Qena,63,26.1551,32.716,Hurghada,hurghada,1,27.2579,33.8116,2025-12-24T11:00:00,240.0,49,Super Go D,0,360,Qena,Hurghada
Qena,Qena,63,26.1551,32.716,Hurghada,hurghada,1,27.2579,33.8116,2025-12-24T16:05:00,240.0,49,Super Go D,0,360,Qena,Hurghada
Qena,Qena,63,26.1551,32.716,Hurghada,hurghada,1,27.2579,33.8116,2025-12-24T21:05:00,240.0,49,Super Go D,0,360,Qena,Hurghada
Qena,Qena,63,26.1551,32.716,Safaga,Safaga,10,26.7472,33.9389,2025-12-24T09:31:00,185.0,49,Super Go D,0,360,Qena,Safaga
Qena,Qena,63,26.1551,32.716,Safaga,Safaga,10,26.7472,33.9389,2025-12-24T11:00:00,185.0,49,Super Go D,0,360,Qena,Safaga
Qena,Qena,63,26.1551,32.716,Safaga,Safaga,10,26.7472,33.9389,2025-12-24T16:05:00,185.0,49,Super Go D,0,360,Qena,Safaga
Qena,Qena,63,26.1551,32.716,Safaga,Safaga,10,26.7472,33.9389,2025-12-24T21:05:00,185.0,49,Super Go D,0,360,Qena,Safaga
Luxor,Luxor,57,25.6872,32.6396,Cairo,tahrir,8,30.0445,31.2357,2025-12-24T00:05:00,485.0,49,Super Go D,0,600,Luxor,Cairo | Tahrir
Luxor,Luxor,57,25.6872,32.6396,Cairo,tahrir,8,30.0445,31.2357,2025-12-24T00:32:00,795.0,37,Elite Business Class M,0,600,Luxor,Cairo | Tahrir
Luxor,Luxor,57,25.6872,32.6396,Cairo,tahrir,8,30.0445,31.2357,2025-12-24T10:55:00,455.0,49,Economy,0,600,Luxor,Cairo | Tahrir
Luxor,Luxor,57,25.6872,32.6396,Cairo,tahrir,8,30.0445,31.2357,2025-12-24T13:02:00,795.0,37,Elite Business Class V,0,600,Luxor,Cairo | Tahrir
Luxor,Luxor,57,25.6872,32.6396,Cairo,tahrir,8,30.0445,31.2357,2025-12-24T18:25:00,455.0,49,Economy,0,600,Luxor,Cairo | Tahrir
Luxor,Luxor,57,25.6872,32.6396,Cairo,tahrir,8,30.0445,31.2357,2025-12-24T20:31:00,795.0,56,Business Class DD,0,600,Luxor,Cairo | Tahrir
Luxor,Luxor,57,25.6872,32.6396,Cairo,tahrir,8,30.0445,31.2357,2025-12-24T21:00:00,485.0,49,Super Go D,0,600,Luxor,Cairo | Tahrir
Luxor,Luxor,57,25.6872,32.6396,Cairo,tahrir,8,30.0445,31.2357,2025-12-24T21:30:00,485.0,49,Super Go D,0,600,Luxor,Cairo | Tahrir
Luxor,Luxor,57,25.6872,32.6396,Cairo,tahrir,8,30.0445,31.2357,2025-12-24T22:31:00,795.0,56,Business Class DD,0,600,Luxor,Cairo | Tahrir
Luxor,Luxor,57,25.6872,32.6396,Cairo,tahrir,8,30.0445,31.2357,2025-12-24T23:32:00,795.0,37,Elite Business Class M,0,600,Luxor,Cairo | Tahrir
Luxor,Luxor,57,25.6872,32.6396,Cairo,giza,15,30.0131,31.2089,2025-12-24T21:00:00,485.0,49,Super Go D,0,600,Luxor,Giza
Luxor,Luxor,57,25.6872,32.6396,Cairo,giza,15,30.0131,31.2089,2025-12-24T22:31:00,795.0,56,Business Class DD,0,600,Luxor,Giza
Luxor,Luxor,57,25.6872,32.6396,Cairo,giza,15,30.0131,31.2089,2025-12-24T23:32:00,795.0,37,Elite Business Class M,0,600,Luxor,Giza
Luxor,Luxor,57,25.6872,32.6396,Cairo,naser city,27,30.0561,31.33,2025-12-24T00:05:00,485.0,49,Super Go D,0,600,Luxor,NasrCity Station
Luxor,Luxor,57,25.6872,32.6396,Cairo,naser city,27,30.0561,31.33,2025-12-24T00:32:00,795.0,37,Elite Business Class M,0,600,Luxor,NasrCity Station
Luxor,Luxor,57,25.6872,32.6396,Cairo,naser city,27,30.0561,31.33,2025-12-24T10:55:00,455.0,49,Economy,0,600,Luxor,NasrCity Station
Luxor,Luxor,57,25.6872,32.6396,Cairo,naser city,27,30.0561,31.33,2025-12-24T13:02:00,795.0,37,Elite Business Class V,0,600,Luxor,NasrCity Station
Luxor,Luxor,57,25.6872,32.6396,Cairo,naser city,27,30.0561,31.33,2025-12-24T18:25:00,455.0,49,Economy,0,600,Luxor,NasrCity Station
Luxor,Luxor,57,25.6872,32.6396,Cairo,naser city,27,30.0561,31.33,2025-12-24T20:31:00,795.0,56,Business Class DD,0,600,Luxor,NasrCity Station
Luxor,Luxor,57,25.6872,32.6396,Cairo,naser city,27,30.0561,31.33,2025-12-24T21:00:00,485.0,49,Super Go D,0,600,Luxor,NasrCity Station
Luxor,Luxor,57,25.6872,32.6396,Cairo,naser city,27,30.0561,31.33,2025-12-24T21:30:00,485.0,49,Super Go D,0,600,Luxor,NasrCity Station
Luxor,Luxor,57,25.6872,32.6396,Cairo,naser city,27,30.0561,31.33,2025-12-24T22:31:00,795.0,56,Business Class DD,0,600,Luxor,NasrCity Station
Luxor,Luxor,57,25.6872,32.6396,Cairo,naser city,27,30.0561,31.33,2025-12-24T23:32:00,795.0,37,Elite Business Class M,0,600,Luxor,NasrCity Station
Luxor,Luxor,57,25.6872,32.6396,Cairo,sixith of october,98,29.9561,31.0042,2025-12-24T20:31:00,795.0,56,Business Class DD,0,600,Luxor,Sixth of october
Luxor,Luxor,57,25.6872,32.6396,Cairo,sixith of october,98,29.9561,31.0042,2025-12-24T21:30:00,485.0,49,Super Go D,0,600,Luxor,Sixth of october
Luxor,Luxor,57,25.6872,32.6396,Hurghada,hurghada,1,27.2579,33.8116,2025-12-24T08:01:00,400.0,49,Super Go D,0,240,Luxor,Hurghada
Luxor,Luxor,57,25.6872,32.6396,Hurghada,hurghada,1,27.2579,33.8116,2025-12-24T09:00:00,600.0,37,Elite Business Class M,0,240,Luxor,Hurghada
Luxor,Luxor,57,25.6872,32.6396,Hurghada,hurghada,1,27.2579,33.8116,2025-12-24T09:30:00,320.0,49,Super Go D,0,240,Luxor,Hurghada
Luxor,Luxor,57,25.6872,32.6396,Hurghada,hurghada,1,27.2579,33.8116,2025-12-24T14:35:00,400.0,49,Super Go D,0,240,Luxor,Hurghada
Luxor,Luxor,57,25.6872,32.6396,Hurghada,hurghada,1,27.2579,33.8116,2025-12-24T17:01:00,600.0,37,Elite Business Class M,0,240,Luxor,Hurghada
Luxor,Luxor,57,25.6872,32.6396,Hurghada,hurghada,1,27.2579,33.8116,2025-12-24T19:35:00,400.0,49,Super Go D,0,240,Luxor,Hurghada
Luxor,Luxor,57,25.6872,32.6396,Safaga,Safaga,10,26.7472,33.9389,2025-12-24T08:01:00,190.0,49,Super Go D,0,360,Luxor,Safaga
Luxor,Luxor,57,25.6872,32.6396,Safaga,Safaga,10,26.7472,33.9389,2025-12-24T09:30:00,190.0,49,Super Go D,0,360,Luxor,Safaga
Luxor,Luxor,57,25.6872,32.6396,Safaga,Safaga,10,26.7472,33.9389,2025-12-24T14:35:00,190.0,49,Super Go D,0,360,Luxor,Safaga
Luxor,Luxor,57,25.6872,32.6396,Safaga,Safaga,10,26.7472,33.9389,2025-12-24T19:35:00,190.0,49,Super Go D,0,360,Luxor,Safaga
Assiut,Assiut,36,27.1809,31.1837,Cairo,tahrir,8,30.0445,31.2357,2025-12-24T00:02:00,330.0,49,Economy,0,360,Assiut,Cairo | Tahrir
Assiut,Assiut,36,27.1809,31.1837,Cairo,tahrir,8,30.0445,31.2357,2025-12-24T01:01:00,530.0,37,Elite Business Class V,0,360,Assiut,Cairo | Tahrir
Assiut,Assiut,36,27.1809,31.1837,Cairo,tahrir,8,30.0445,31.2357,2025-12-24T02:01:00,530.0,56,Business Class DD,0,360,Assiut,Cairo | Tahrir
Assiut,Assiut,36,27.1809,31.1837,Cairo,tahrir,8,30.0445,31.2357,2025-12-24T03:20:00,345.0,49,Super Go D,0,360,Assiut,Cairo | Tahrir
Assiut,Assiut,36,27.1809,31.1837,Cairo,tahrir,8,30.0445,31.2357,2025-12-24T04:15:00,400.0,13,GoMini,6,360,"Assiut, El Helaly","Abdel-Moneim Reyad Squer, ( Tahrir )"
Assiut,Assiut,36,27.1809,31.1837,Cairo,tahrir,8,30.0445,31.2357,2025-12-24T06:35:00,345.0,49,Super Go D,0,360,Assiut,Cairo | Tahrir
Assiut,Assiut,36,27.1809,31.1837,Cairo,tahrir,8,30.0445,31.2357,2025-12-24T08:30:00,400.0,14,High ace Toyota,6,360,"Assiut, El Helaly","Abdel-Moneim Reyad Squer, ( Tahrir )"
Assiut,Assiut,36,27.1809,31.1837,Cairo,tahrir,8,30.0445,31.2357,2025-12-24T10:30:00,345.0,49,Super Go D,0,360,Assiut,Cairo | Tahrir
Assiut,Assiut,36,27.1809,31.1837,Cairo,tahrir,8,30.0445,31.2357,2025-12-24T13:00:00,400.0,13,GoMini,6,360,"Assiut, El Helaly","Abdel-Moneim Reyad Squer, ( Tahrir )"
Assiut,Assiut,36,27.1809,31.1837,Cairo,tahrir,8,30.0445,31.2357,2025-12-24T14:31:00,530.0,56,Business Class DD,0,360,Assiut,Cairo | Tahrir
Assiut,Assiut,36,27.1809,31.1837,Cairo,tahrir,8,30.0445,31.2357,2025-12-24T16:30:00,400.0,13,GoMini,6,360,"Assiut, El Helaly","Abdel-Moneim Reyad Squer, ( Tahrir )"
Assiut,Assiut,36,27.1809,31.1837,Cairo,tahrir,8,30.0445,31.2357,2025-12-24T16:35:00,330.0,49,Economy,0,360,Assiut,Cairo | Tahrir
Assiut,Assiut,36,27.1809,31.1837,Cairo,tahrir,8,30.0445,31.2357,2025-12-24T18:20:00,345.0,49,Super Go D,0,360,Assiut,Cairo | Tahrir
Assiut,Assiut,36,27.1809,31.1837,Cairo,tahrir,8,30.0445,31.2357,2025-12-24T19:00:00,400.0,13,GoMini,6,360,"Assiut, El Helaly","Abdel-Moneim Reyad Squer, ( Tahrir )"
Assiut,Assiut,36,27.1809,31.1837,Cairo,giza,15,30.0131,31.2089,2025-12-24T03:20:00,345.0,49,Super Go D,0,360,Assiut,Giza
Assiut,Assiut,36,27.1809,31.1837,Cairo,giza,15,30.0131,31.2089,2025-12-24T06:35:00,345.0,49,Super Go D,0,360,Assiut,Giza
Assiut,Assiut,36,27.1809,31.1837,Cairo,giza,15,30.0131,31.2089,2025-12-24T10:30:00,345.0,49,Super Go D,0,360,Assiut,Giza
Assiut,Assiut,36,27.1809,31.1837,Cairo,giza,15,30.0131,31.2089,2025-12-24T18:20:00,345.0,49,Super Go D,0,360,Assiut,Giza
Assiut,Assiut,36,27.1809,31.1837,Cairo,naser city,27,30.0561,31.33,2025-12-24T00:02:00,330.0,49,Economy,0,360,Assiut,NasrCity Station
Assiut,Assiut,36,27.1809,31.1837,Cairo,naser city,27,30.0561,31.33,2025-12-24T01:01:00,530.0,37,Elite Business Class V,0,360,Assiut,NasrCity Station
Assiut,Assiut,36,27.1809,31.1837,Cairo,naser city,27,30.0561,31.33,2025-12-24T02:01:00,530.0,56,Business Class DD,0,360,Assiut,NasrCity Station
Assiut,Assiut,36,27.1809,31.1837,Cairo,naser city,27,30.0561,31.33,2025-12-24T03:20:00,345.0,49,Super Go D,0,360,Assiut,NasrCity Station
Assiut,Assiut,36,27.1809,31.1837,Cairo,naser city,27,30.0561,31.33,2025-12-24T06:35:00,345.0,49,Super Go D,0,360,Assiut,NasrCity Station
Assiut,Assiut,36,27.1809,31.1837,Cairo,naser city,27,30.0561,31.33,2025-12-24T10:30:00,345.0,49,Super Go D,0,360,Assiut,NasrCity Station
Assiut,Assiut,36,27.1809,31.1837,Cairo,naser city,27,30.0561,31.33,2025-12-24T14:31:00,530.0,56,Business Class DD,0,360,Assiut,NasrCity Station
Assiut,Assiut,36,27.1809,31.1837,Cairo,naser city,27,30.0561,31.33,2025-12-24T16:35:00,330.0,49,Economy,0,360,Assiut,NasrCity Station
Assiut,Assiut,36,27.1809,31.1837,Cairo,naser city,27,30.0561,31.33,2025-12-24T18:20:00,345.0,49,Super Go D,0,360,Assiut,NasrCity Station
Assiut,Assiut,36,27.1809,31.1837,Cairo,nady el sekka,9,30.061,31.2467,2025-12-24T01:01:00,530.0,37,Elite Business Class V,0,360,Assiut, Nady El sekka
Assiut,Assiut,36,27.1809,31.1837,Cairo,nady el sekka,9,30.061,31.2467,2025-12-24T02:01:00,530.0,56,Business Class DD,0,360,Assiut, Nady El sekka
Assiut,Assiut,36,27.1809,31.1837,Cairo,nady el sekka,9,30.061,31.2467,2025-12-24T04:15:00,400.0,13,GoMini,6,360,"Assiut, El Helaly",Nasr City (Nadi El-Sekka)
Assiut,Assiut,36,27.1809,31.1837,Cairo,nady el sekka,9,30.061,31.2467,2025-12-24T08:30:00,400.0,14,High ace Toyota,6,360,"Assiut, El Helaly",Nasr City (Nadi El-Sekka)
Assiut,Assiut,36,27.1809,31.1837,Cairo,nady el sekka,9,30.061,31.2467,2025-12-24T13:00:00,400.0,13,GoMini,6,360,"Assiut, El Helaly",Nasr City (Nadi El-Sekka)
Assiut,Assiut,36,27.1809,31.1837,Cairo,nady el sekka,9,30.061,31.2467,2025-12-24T16:30:00,400.0,13,GoMini,6,360,"Assiut, El Helaly",Nasr City (Nadi El-Sekka)
Assiut,Assiut,36,27.1809,31.1837,Cairo,nady el sekka,9,30.061,31.2467,2025-12-24T19:00:00,400.0,13,GoMini,6,360,"Assiut, El Helaly",Nasr City (Nadi El-Sekka)
Assiut,Assiut,36,27.1809,31.1837,Cairo,kolaly,76,30.0429,31.2146,2025-12-24T08:30:00,400.0,14,High ace Toyota,6,360,"Assiut, El Helaly",Kollali
Assiut,Assiut,36,27.1809,31.1837,Cairo,kolaly,76,30.0429,31.2146,2025-12-24T16:30:00,400.0,13,GoMini,6,360,"Assiut, El Helaly",Kollali
Assiut,Assiut,36,27.1809,31.1837,Cairo,sixith of october,98,29.9561,31.0042,2025-12-24T00:02:00,330.0,49,Economy,0,360,Assiut,Sixth of october
Assiut,Assiut,36,27.1809,31.1837,Cairo,sixith of october,98,29.9561,31.0042,2025-12-24T16:35:00,330.0,49,Economy,0,360,Assiut,Sixth of october
Assiut,Assiut,36,27.1809,31.1837,Cairo,sixith of october,98,29.9561,31.0042,2025-12-24T23:36:00,345.0,49,Super Go D,0,360,Assiut,Sixth of october
Assiut,Assiut,36,27.1809,31.1837,Hurghada,hurghada,1,27.2579,33.8116,2025-12-24T01:00:00,360.0,49,Super Go D,0,240,Assiut,Hurghada
Assiut,Assiut,36,27.1809,31.1837,Hurghada,hurghada,1,27.2579,33.8116,2025-12-24T06:30:00,440.0,14,GoMini,6,240,"Assiut, El Helaly","Go Bus Station, Nasr Road"
Assiut,Assiut,36,27.1809,31.1837,Hurghada,hurghada,1,27.2579,33.8116,2025-12-24T15:00:00,460.0,13,GoMini,6,240,"Assiut, El Helaly","Go Bus Station, Nasr Road"
Assiut,Assiut,36,27.1809,31.1837,Hurghada,hurghada,1,27.2579,33.8116,2025-12-24T18:00:00,460.0,13,GoMini,6,240,"Assiut, El Helaly","Go Bus Station, Nasr Road"
Assiut,Assiut,36,27.1809,31.1837,Hurghada,hurghada,1,27.2579,33.8116,2025-12-24T23:00:00,460.0,13,GoMini,6,240,"Assiut, El Helaly","Go Bus Station, Nasr Road"
Assiut,Assiut,36,27.1809,31.1837,Alexandria,Moharam BK,18,31.1917,29.9187,2025-12-24T23:36:00,475.0,49,Super Go D,0,580,Assiut,Alex - Moharam BK
Assiut,Assiut,36,27.1809,31.1837,Safaga,Safaga,10,26.7472,33.9389,2025-12-24T01:00:00,255.0,49,Super Go D,0,360,Assiut,Safaga
Assiut,Assiut,36,27.1809,31.1837,Safaga,Safaga,10,26.7472,33.9389,2025-12-24T06:30:00,440.0,14,GoMini,6,360,"Assiut, El Helaly",Safaga
Assiut,Assiut,36,27.1809,31.1837,Safaga,Safaga,10,26.7472,33.9389,2025-12-24T15:00:00,460.0,13,GoMini,6,360,"Assiut, El Helaly",Safaga
Assiut,Assiut,36,27.1809,31.1837,Safaga,Safaga,10,26.7472,33.9389,2025-12-24T18:00:00,460.0,13,GoMini,6,360,"Assiut, El Helaly",Safaga
Assiut,Assiut,36,27.1809,31.1837,Safaga,Safaga,10,26.7472,33.9389,2025-12-24T23:00:00,460.0,13,GoMini,6,360,"Assiut, El Helaly",Safaga
Makadi,Makadi,21,26.9917,33.8997,Cairo,tahrir,8,30.0445,31.2357,2025-12-24T13:59:00,530.0,49,Super Go D,0,480,Makadi,Cairo | Tahrir
Makadi,Makadi,21,26.9917,33.8997,Cairo,El-Tagamou El-Khames,87,30.03,31.47,2025-12-24T13:59:00,530.0,49,Super Go D,0,480,Makadi,El-Tagamou El-Khames
Makadi,Makadi,21,26.9917,33.8997,Cairo,naser city,27,30.0561,31.33,2025-12-24T13:59:00,530.0,49,Super Go D,0,480,Makadi,NasrCity Station
Ras Sedr,Matarma Bay_ Ras Sedr,197,29.6,32.71,Cairo,tahrir,8,30.0445,31.2357,2025-12-24T14:25:00,325.0,14,GoMini,6,240,Matar Mabay,"Abdel-Moneim Reyad Squer, ( Tahrir )"
Ras Sedr,Matarma Bay_ Ras Sedr,197,29.6,32.71,Cairo,tahrir,8,30.0445,31.2357,2025-12-24T22:55:00,325.0,14,GoMini,6,240,Matar Mabay,"Abdel-Moneim Reyad Squer, ( Tahrir )"
Ras Sedr,Matarma Bay_ Ras Sedr,197,29.6,32.71,Cairo,giza,15,30.0131,31.2089,2025-12-24T14:25:00,325.0,14,GoMini,6,240,Matar Mabay,Giza
Ras Sedr,Matarma Bay_ Ras Sedr,197,29.6,32.71,Cairo,giza,15,30.0131,31.2089,2025-12-24T22:55:00,325.0,14,GoMini,6,240,Matar Mabay,Giza
Ras Sedr,Matarma Bay_ Ras Sedr,197,29.6,32.71,Cairo,nady el sekka,9,30.061,31.2467,2025-12-24T14:25:00,325.0,14,GoMini,6,240,Matar Mabay,Nasr City (Nadi El-Sekka)
Ras Sedr,Matarma Bay_ Ras Sedr,197,29.6,32.71,Cairo,nady el sekka,9,30.061,31.2467,2025-12-24T22:55:00,325.0,14,GoMini,6,240,Matar Mabay,Nasr City (Nadi El-Sekka)
Ras Sedr,Matarma Bay_ Ras Sedr,197,29.6,32.71,Cairo,madinty,43,30.0956,31.6386,2025-12-24T14:25:00,325.0,14,GoMini,6,240,Matar Mabay,"Madinaty, Gate 1"
Ras Sedr,Matarma Bay_ Ras Sedr,197,29.6,32.71,Cairo,madinty,43,30.0956,31.6386,2025-12-24T22:55:00,325.0,14,GoMini,6,240,Matar Mabay,"Madinaty, Gate 1"
Ras Sedr,Tavira_ Ras Sedr,366,29.585,32.725,Cairo,tahrir,8,30.0445,31.2357,2025-12-24T14:05:00,340.0,14,GoMini,6,240,Tavira,"Abdel-Moneim Reyad Squer, ( Tahrir )"
Ras Sedr,Tavira_ Ras Sedr,366,29.585,32.725,Cairo,tahrir,8,30.0445,31.2357,2025-12-24T22:35:00,340.0,14,GoMini,6,240,Tavira,"Abdel-Moneim Reyad Squer, ( Tahrir )"
Ras Sedr,Tavira_ Ras Sedr,366,29.585,32.725,Cairo,giza,15,30.0131,31.2089,2025-12-24T14:05:00,340.0,14,GoMini,6,240,Tavira,Giza
Ras Sedr,Tavira_ Ras Sedr,366,29.585,32.725,Cairo,giza,15,30.0131,31.2089,2025-12-24T22:35:00,340.0,14,GoMini,6,240,Tavira,Giza
Ras Sedr,Tavira_ Ras Sedr,366,29.585,32.725,Cairo,nady el sekka,9,30.061,31.2467,2025-12-24T14:05:00,340.0,14,GoMini,6,240,Tavira,Nasr City (Nadi El-Sekka)
Ras Sedr,Tavira_ Ras Sedr,366,29.585,32.725,Cairo,nady el sekka,9,30.061,31.2467,2025-12-24T22:35:00,340.0,14,GoMini,6,240,Tavira,Nasr City (Nadi El-Sekka)
Ras Sedr,Tavira_ Ras Sedr,366,29.585,32.725,Cairo,madinty,43,30.0956,31.6386,2025-12-24T14:05:00,340.0,14,GoMini,6,240,Tavira,"Madinaty, Gate 1"
Ras Sedr,Tavira_ Ras Sedr,366,29.585,32.725,Cairo,madinty,43,30.0956,31.6386,2025-12-24T22:35:00,340.0,14,GoMini,6,240,Tavira,"Madinaty, Gate 1"
Ras Sedr,Lahaisenda_ Ras Sedr,367,29.61,32.7,Cairo,tahrir,8,30.0445,31.2357,2025-12-24T14:15:00,340.0,14,GoMini,6,240,La Hacienda,"Abdel-Moneim Reyad Squer, ( Tahrir )"
Ras Sedr,Lahaisenda_ Ras Sedr,367,29.61,32.7,Cairo,tahrir,8,30.0445,31.2357,2025-12-24T22:45:00,340.0,14,GoMini,6,240,La Hacienda,"Abdel-Moneim Reyad Squer, ( Tahrir )"
Ras Sedr,Lahaisenda_ Ras Sedr,367,29.61,32.7,Cairo,giza,15,30.0131,31.2089,2025-12-24T14:15:00,340.0,14,GoMini,6,240,La Hacienda,Giza
Ras Sedr,Lahaisenda_ Ras Sedr,367,29.61,32.7,Cairo,giza,15,30.0131,31.2089,2025-12-24T22:45:00,340.0,14,GoMini,6,240,La Hacienda,Giza
Ras Sedr,Lahaisenda_ Ras Sedr,367,29.61,32.7,Cairo,nady el sekka,9,30.061,31.2467,2025-12-24T14:15:00,340.0,14,GoMini,6,240,La Hacienda,Nasr City (Nadi El-Sekka)
Ras Sedr,Lahaisenda_ Ras Sedr,367,29.61,32.7,Cairo,nady el sekka,9,30.061,31.2467,2025-12-24T22:45:00,340.0,14,GoMini,6,240,La Hacienda,Nasr City (Nadi El-Sekka)
Ras Sedr,Lahaisenda_ Ras Sedr,367,29.61,32.7,Cairo,madinty,43,30.0956,31.6386,2025-12-24T14:15:00,340.0,14,GoMini,6,240,La Hacienda,"Madinaty, Gate 1"
Ras Sedr,Lahaisenda_ Ras Sedr,367,29.61,32.7,Cairo,madinty,43,30.0956,31.6386,2025-12-24T22:45:00,340.0,14,GoMini,6,240,La Hacienda,"Madinaty, Gate 1"
Ras Sedr,Nozha Beach,611,29.58,32.735,Cairo,tahrir,8,30.0445,31.2357,2025-12-24T15:10:00,310.0,14,GoMini,6,240,Nozha Beach,"Abdel-Moneim Reyad Squer, ( Tahrir )"
Ras Sedr,Nozha Beach,611,29.58,32.735,Cairo,tahrir,8,30.0445,31.2357,2025-12-24T23:40:00,310.0,14,GoMini,6,240,Nozha Beach,"Abdel-Moneim Reyad Squer, ( Tahrir )"
Ras Sedr,Nozha Beach,611,29.58,32.735,Cairo,giza,15,30.0131,31.2089,2025-12-24T15:10:00,310.0,14,GoMini,6,240,Nozha Beach,Giza
Ras Sedr,Nozha Beach,611,29.58,32.735,Cairo,giza,15,30.0131,31.2089,2025-12-24T23:40:00,310.0,14,GoMini,6,240,Nozha Beach,Giza
Ras Sedr,Nozha Beach,611,29.58,32.735,Cairo,nady el sekka,9,30.061,31.2467,2025-12-24T15:10:00,310.0,14,GoMini,6,240,Nozha Beach,Nasr City (Nadi El-Sekka)
Ras Sedr,Nozha Beach,611,29.58,32.735,Cairo,nady el sekka,9,30.061,31.2467,2025-12-24T23:40:00,310.0,14,GoMini,6,240,Nozha Beach,Nasr City (Nadi El-Sekka)
Ras Sedr,Nozha Beach,611,29.58,32.735,Cairo,madinty,43,30.0956,31.6386,2025-12-24T15:10:00,310.0,14,GoMini,6,240,Nozha Beach,"Madinaty, Gate 1"
Ras Sedr,Nozha Beach,611,29.58,32.735,Cairo,madinty,43,30.0956,31.6386,2025-12-24T23:40:00,310.0,14,GoMini,6,240,Nozha Beach,"Madinaty, Gate 1"
Dahab,Dahab,40,28.5,34.5167,Cairo,tahrir,8,30.0445,31.2357,2025-12-24T00:01:00,530.0,49,Super Go D,0,600,Dahab,Cairo | Tahrir
Dahab,Dahab,40,28.5,34.5167,Cairo,tahrir,8,30.0445,31.2357,2025-12-24T02:00:00,660.0,13,GoMini,6,600,"El Mashraba, El Masbat St","Abdel-Moneim Reyad Squer, ( Tahrir )"
Dahab,Dahab,40,28.5,34.5167,Cairo,tahrir,8,30.0445,31.2357,2025-12-24T03:00:00,650.0,14,GoMini,6,600,"El Mashraba, El Masbat St","Abdel-Moneim Reyad Squer, ( Tahrir )"
Dahab,Dahab,40,28.5,34.5167,Cairo,tahrir,8,30.0445,31.2357,2025-12-24T10:00:00,660.0,13,GoMini,6,600,"El Mashraba, El Masbat St","Abdel-Moneim Reyad Squer, ( Tahrir )"
Dahab,Dahab,40,28.5,34.5167,Cairo,tahrir,8,30.0445,31.2357,2025-12-24T11:30:00,850.0,37,Elite Business Class M,0,600,Dahab,Cairo | Tahrir
Dahab,Dahab,40,28.5,34.5167,Cairo,tahrir,8,30.0445,31.2357,2025-12-24T11:59:00,660.0,13,GoMini,6,600,"El Mashraba, El Masbat St","Abdel-Moneim Reyad Squer, ( Tahrir )"
Dahab,Dahab,40,28.5,34.5167,Cairo,tahrir,8,30.0445,31.2357,2025-12-24T13:00:00,660.0,13,GoMini,6,600,"El Mashraba, El Masbat St","Abdel-Moneim Reyad Squer, ( Tahrir )"
Dahab,Dahab,40,28.5,34.5167,Cairo,tahrir,8,30.0445,31.2357,2025-12-24T13:05:00,850.0,56,Business Class DD,0,600,Dahab,Cairo | Tahrir
Dahab,Dahab,40,28.5,34.5167,Cairo,tahrir,8,30.0445,31.2357,2025-12-24T14:00:00,660.0,13,GoMini,6,600,"El Mashraba, El Masbat St","Abdel-Moneim Reyad Squer, ( Tahrir )"
Dahab,Dahab,40,28.5,34.5167,Cairo,tahrir,8,30.0445,31.2357,2025-12-24T15:00:00,660.0,13,GoMini,6,600,"El Mashraba, El Masbat St","Abdel-Moneim Reyad Squer, ( Tahrir )"
Dahab,Dahab,40,28.5,34.5167,Cairo,tahrir,8,30.0445,31.2357,2025-12-24T17:00:00,660.0,13,GoMini,6,600,"El Mashraba, El Masbat St","Abdel-Moneim Reyad Squer, ( Tahrir )"
Dahab,Dahab,40,28.5,34.5167,Cairo,tahrir,8,30.0445,31.2357,2025-12-24T18:15:00,530.0,49,Super Go D,0,600,Dahab,Cairo | Tahrir
Dahab,Dahab,40,28.5,34.5167,Cairo,tahrir,8,30.0445,31.2357,2025-12-24T21:25:00,530.0,49,Super Go D,0,600,Dahab,Cairo | Tahrir
Dahab,Dahab,40,28.5,34.5167,Cairo,tahrir,8,30.0445,31.2357,2025-12-24T22:00:00,660.0,13,GoMini,6,600,"El Mashraba, El Masbat St","Abdel-Moneim Reyad Squer, ( Tahrir )"
Dahab,Dahab,40,28.5,34.5167,Cairo,tahrir,8,30.0445,31.2357,2025-12-24T23:59:00,650.0,14,GoMini,6,600,"El Mashraba, El Masbat St","Abdel-Moneim Reyad Squer, ( Tahrir )"
Dahab,Dahab,40,28.5,34.5167,Cairo,giza,15,30.0131,31.2089,2025-12-24T18:15:00,530.0,49,Super Go D,0,600,Dahab,Giza
Dahab,Dahab,40,28.5,34.5167,Cairo,El-Tagamou El-Khames,87,30.03,31.47,2025-12-24T11:30:00,850.0,37,Elite Business Class M,0,600,Dahab,El-Tagamou El-Khames
Dahab,Dahab,40,28.5,34.5167,Cairo,El-Tagamou El-Khames,87,30.03,31.47,2025-12-24T13:15:00,675.0,13,GoMini,6,600,"El Mashraba, El Masbat St","The 5th Settlement, Air Force Hospital"
Dahab,Dahab,40,28.5,34.5167,Cairo,naser city,27,30.0561,31.33,2025-12-24T00:01:00,530.0,49,Super Go D,0,600,Dahab,NasrCity Station
Dahab,Dahab,40,28.5,34.5167,Cairo,naser city,27,30.0561,31.33,2025-12-24T11:30:00,850.0,37,Elite Business Class M,0,600,Dahab,NasrCity Station
Dahab,Dahab,40,28.5,34.5167,Cairo,naser city,27,30.0561,31.33,2025-12-24T13:05:00,850.0,56,Business Class DD,0,600,Dahab,NasrCity Station
Dahab,Dahab,40,28.5,34.5167,Cairo,naser city,27,30.0561,31.33,2025-12-24T18:15:00,530.0,49,Super Go D,0,600,Dahab,NasrCity Station
Dahab,Dahab,40,28.5,34.5167,Cairo,naser city,27,30.0561,31.33,2025-12-24T21:25:00,530.0,49,Super Go D,0,600,Dahab,NasrCity Station
Dahab,Dahab,40,28.5,34.5167,Cairo,nady el sekka,9,30.061,31.2467,2025-12-24T02:00:00,660.0,13,GoMini,6,600,"El Mashraba, El Masbat St",Nasr City (Nadi El-Sekka)
Dahab,Dahab,40,28.5,34.5167,Cairo,nady el sekka,9,30.061,31.2467,2025-12-24T03:00:00,650.0,14,GoMini,6,600,"El Mashraba, El Masbat St",Nasr City (Nadi El-Sekka)
Dahab,Dahab,40,28.5,34.5167,Cairo,nady el sekka,9,30.061,31.2467,2025-12-24T10:00:00,660.0,13,GoMini,6,600,"El Mashraba, El Masbat St",Nasr City (Nadi El-Sekka)
Dahab,Dahab,40,28.5,34.5167,Cairo,nady el sekka,9,30.061,31.2467,2025-12-24T11:59:00,660.0,13,GoMini,6,600,"El Mashraba, El Masbat St",Nasr City (Nadi El-Sekka)
Dahab,Dahab,40,28.5,34.5167,Cairo,nady el sekka,9,30.061,31.2467,2025-12-24T13:00:00,660.0,13,GoMini,6,600,"El Mashraba, El Masbat St",Nasr City (Nadi El-Sekka)
Dahab,Dahab,40,28.5,34.5167,Cairo,nady el sekka,9,30.061,31.2467,2025-12-24T14:00:00,660.0,13,GoMini,6,600,"El Mashraba, El Masbat St",Nasr City (Nadi El-Sekka)
Dahab,Dahab,40,28.5,34.5167,Cairo,nady el sekka,9,30.061,31.2467,2025-12-24T15:00:00,660.0,13,GoMini,6,600,"El Mashraba, El Masbat St",Nasr City (Nadi El-Sekka)
Dahab,Dahab,40,28.5,34.5167,Cairo,nady el sekka,9,30.061,31.2467,2025-12-24T17:00:00,660.0,13,GoMini,6,600,"El Mashraba, El Masbat St",Nasr City (Nadi El-Sekka)
Dahab,Dahab,40,28.5,34.5167,Cairo,nady el sekka,9,30.061,31.2467,2025-12-24T22:00:00,660.0,13,GoMini,6,600,"El Mashraba, El Masbat St",Nasr City (Nadi El-Sekka)
Dahab,Dahab,40,28.5,34.5167,Cairo,nady el sekka,9,30.061,31.2467,2025-12-24T23:59:00,650.0,14,GoMini,6,600,"El Mashraba, El Masbat St",Nasr City (Nadi El-Sekka)
Dahab,Dahab,40,28.5,34.5167,Cairo,el rehab,42,30.0636,31.4916,2025-12-24T13:15:00,675.0,13,GoMini,6,600,"El Mashraba, El Masbat St","El Rehab, Gate 6, The Corner Mall"
Dahab,Dahab,40,28.5,34.5167,Cairo,madinty,43,30.0956,31.6386,2025-12-24T02:00:00,680.0,13,GoMini,6,600,"El Mashraba, El Masbat St","Madinaty, Gate 1"
Dahab,Dahab,40,28.5,34.5167,Cairo,madinty,43,30.0956,31.6386,2025-12-24T03:00:00,670.0,14,GoMini,6,600,"El Mashraba, El Masbat St","Madinaty, Gate 1"
Dahab,Dahab,40,28.5,34.5167,Cairo,madinty,43,30.0956,31.6386,2025-12-24T10:00:00,680.0,13,GoMini,6,600,"El Mashraba, El Masbat St","Madinaty, Gate 1"
Dahab,Dahab,40,28.5,34.5167,Cairo,madinty,43,30.0956,31.6386,2025-12-24T11:59:00,680.0,13,GoMini,6,600,"El Mashraba, El Masbat St","Madinaty, Gate 1"
Dahab,Dahab,40,28.5,34.5167,Cairo,madinty,43,30.0956,31.6386,2025-12-24T13:00:00,680.0,13,GoMini,6,600,"El Mashraba, El Masbat St","Madinaty, Gate 1"
Dahab,Dahab,40,28.5,34.5167,Cairo,madinty,43,30.0956,31.6386,2025-12-24T14:00:00,680.0,13,GoMini,6,600,"El Mashraba, El Masbat St","Madinaty, Gate 1"
Dahab,Dahab,40,28.5,34.5167,Cairo,madinty,43,30.0956,31.6386,2025-12-24T15:00:00,680.0,13,GoMini,6,600,"El Mashraba, El Masbat St","Madinaty, Gate 1"
Dahab,Dahab,40,28.5,34.5167,Cairo,madinty,43,30.0956,31.6386,2025-12-24T17:00:00,680.0,13,GoMini,6,600,"El Mashraba, El Masbat St","Madinaty, Gate 1"
Dahab,Dahab,40,28.5,34.5167,Cairo,madinty,43,30.0956,31.6386,2025-12-24T22:00:00,680.0,13,GoMini,6,600,"El Mashraba, El Masbat St","Madinaty, Gate 1"
Dahab,Dahab,40,28.5,34.5167,Cairo,madinty,43,30.0956,31.6386,2025-12-24T23:59:00,670.0,14,GoMini,6,600,"El Mashraba, El Masbat St","Madinaty, Gate 1"
Dahab,Dahab,40,28.5,34.5167,Cairo,sixith of october,98,29.9561,31.0042,2025-12-24T00:01:00,530.0,49,Super Go D,0,600,Dahab,Sixth of october
Dahab,Dahab,40,28.5,34.5167,Cairo,sixith of october,98,29.9561,31.0042,2025-12-24T13:15:00,680.0,13,GoMini,6,600,"El Mashraba, El Masbat St",6th of October
Dahab,Dahab,40,28.5,34.5167,Cairo,sixith of october,98,29.9561,31.0042,2025-12-24T21:25:00,530.0,49,Super Go D,0,600,Dahab,Sixth of october
Dahab,Dahab,40,28.5,34.5167,Sharm el Shiekh,Royssat,3,27.8736,34.3033,2025-12-24T15:00:00,275.0,37,Elite Business Class M,0,360,Dahab,Sharm-Royssat
Dahab,Dahab,40,28.5,34.5167,Sharm el Shiekh,Royssat,3,27.8736,34.3033,2025-12-24T19:00:00,245.0,49,Super Go D,0,360,Dahab,Sharm-Royssat
Dahab,Dahab,40,28.5,34.5167,Sharm el Shiekh,Royssat,3,27.8736,34.3033,2025-12-24T21:25:00,245.0,49,Super Go D,0,360,Dahab,Sharm-Royssat
Dahab,Dahab,40,28.5,34.5167,Sharm el Shiekh,Sharm Gobus Station,51,27.9158,34.33,2025-12-24T00:01:00,245.0,49,Super Go D,0,360,Dahab,Sharm Gobus Station
Dahab,Dahab,40,28.5,34.5167,Sharm el Shiekh,Sharm Gobus Station,51,27.9158,34.33,2025-12-24T11:30:00,275.0,37,Elite Business Class M,0,360,Dahab,Sharm Gobus Station
Dahab,Dahab,40,28.5,34.5167,Sharm el Shiekh,Sharm Gobus Station,51,27.9158,34.33,2025-12-24T13:05:00,275.0,56,Business Class DD,0,360,Dahab,Sharm Gobus Station
Dahab,Dahab,40,28.5,34.5167,Sharm el Shiekh,Sharm Gobus Station,51,27.9158,34.33,2025-12-24T15:00:00,275.0,37,Elite Business Class M,0,360,Dahab,Sharm Gobus Station
Dahab,Dahab,40,28.5,34.5167,Sharm el Shiekh,Sharm Gobus Station,51,27.9158,34.33,2025-12-24T18:15:00,245.0,49,Super Go D,0,360,Dahab,Sharm Gobus Station
Dahab,Dahab,40,28.5,34.5167,Sharm el Shiekh,Sharm Gobus Station,51,27.9158,34.33,2025-12-24T19:00:00,245.0,49,Super Go D,0,360,Dahab,Sharm Gobus Station
Dahab,Dahab,40,28.5,34.5167,Sharm el Shiekh,Sharm Gobus Station,51,27.9158,34.33,2025-12-24T21:25:00,245.0,49,Super Go D,0,360,Dahab,Sharm Gobus Station
Dahab,Dahab,40,28.5,34.5167,Alexandria,Moharam BK,18,31.1917,29.9187,2025-12-24T15:00:00,955.0,37,Elite Business Class M,0,720,Dahab,Alex - Moharam BK
Dahab,Dahab,40,28.5,34.5167,Alexandria,Moharam BK,18,31.1917,29.9187,2025-12-24T19:00:00,740.0,49,Super Go D,0,720,Dahab,Alex - Moharam BK
Dahab,Dahab,40,28.5,34.5167,Nuweiba,Nuweiba,106,29.0333,34.6667,2025-12-24T09:10:00,160.0,49,Super Go D,0,360,Dahab,Nuweiba
Dahab,Dahab,40,28.5,34.5167,Taba,Taba Heights,129,29.489,34.896,2025-12-24T09:10:00,170.0,49,Super Go D,0,360,Dahab,Taba Heights
Dahab,Dahab,40,28.5,34.5167,Port Said,Port Said Downtown,378,31.2653,32.3019,2025-12-24T13:30:00,650.0,14,High ace Toyota,6,360,"El Mashraba, El Masbat St","Port Said, Downtown"
Nuweiba,Nuweiba,106,29.0333,34.6667,Cairo,tahrir,8,30.0445,31.2357,2025-12-24T14:50:00,600.0,13,GoMini,6,720,Sayadeen Village-Red Sea Riviera,"Abdel-Moneim Reyad Squer, ( Tahrir )"
Nuweiba,Nuweiba,106,29.0333,34.6667,Cairo,tahrir,8,30.0445,31.2357,2025-12-24T17:00:00,640.0,49,Super Go D,0,720,Nuweiba,Cairo | Tahrir
Nuweiba,Nuweiba,106,29.0333,34.6667,Cairo,giza,15,30.0131,31.2089,2025-12-24T17:00:00,640.0,49,Super Go D,0,720,Nuweiba,Giza
Nuweiba,Nuweiba,106,29.0333,34.6667,Cairo,naser city,27,30.0561,31.33,2025-12-24T17:00:00,640.0,49,Super Go D,0,720,Nuweiba,NasrCity Station
Nuweiba,Nuweiba,106,29.0333,34.6667,Cairo,nady el sekka,9,30.061,31.2467,2025-12-24T14:50:00,600.0,13,GoMini,6,720,Sayadeen Village-Red Sea Riviera,Nasr City (Nadi El-Sekka)
Nuweiba,Nuweiba,106,29.0333,34.6667,Cairo,madinty,43,30.0956,31.6386,2025-12-24T14:50:00,600.0,13,GoMini,6,720,Sayadeen Village-Red Sea Riviera,"Madinaty, Gate 1"
Nuweiba,Nuweiba,106,29.0333,34.6667,Sharm el Shiekh,Sharm Gobus Station,51,27.9158,34.33,2025-12-24T17:00:00,265.0,49,Super Go D,0,360,Nuweiba,Sharm Gobus Station
Nuweiba,Nuweiba,106,29.0333,34.6667,Dahab,Dahab,40,28.5,34.5167,2025-12-24T17:00:00,160.0,49,Super Go D,0,360,Nuweiba,Dahab
Al Menia,El-Minya,104,28.0871,30.7618,Cairo,tahrir,8,30.0445,31.2357,2025-12-24T05:50:00,200.0,49,Super Go D,0,240,El-Minya GoBus,Cairo | Tahrir
Al Menia,El-Minya,104,28.0871,30.7618,Cairo,tahrir,8,30.0445,31.2357,2025-12-24T11:45:00,200.0,49,Super Go D,0,240,El-Minya GoBus,Cairo | Tahrir
Al Menia,El-Minya,104,28.0871,30.7618,Cairo,tahrir,8,30.0445,31.2357,2025-12-24T15:16:00,250.0,56,Business Class DD,0,240,El-Minya GoBus,Cairo | Tahrir
Al Menia,El-Minya,104,28.0871,30.7618,Cairo,tahrir,8,30.0445,31.2357,2025-12-24T20:40:00,200.0,49,Super Go D,0,240,El-Minya GoBus,Cairo | Tahrir
Al Menia,El-Minya,104,28.0871,30.7618,Cairo,naser city,27,30.0561,31.33,2025-12-24T05:50:00,200.0,49,Super Go D,0,240,El-Minya GoBus,NasrCity Station
Al Menia,El-Minya,104,28.0871,30.7618,Cairo,naser city,27,30.0561,31.33,2025-12-24T11:45:00,200.0,49,Super Go D,0,240,El-Minya GoBus,NasrCity Station
Al Menia,El-Minya,104,28.0871,30.7618,Cairo,naser city,27,30.0561,31.33,2025-12-24T15:16:00,250.0,56,Business Class DD,0,240,El-Minya GoBus,NasrCity Station
Al Menia,El-Minya,104,28.0871,30.7618,Cairo,naser city,27,30.0561,31.33,2025-12-24T20:40:00,200.0,49,Super Go D,0,240,El-Minya GoBus,NasrCity Station
Al Menia,El-Minya,104,28.0871,30.7618,Cairo,sixith of october,98,29.9561,31.0042,2025-12-24T05:50:00,200.0,49,Super Go D,0,240,El-Minya GoBus,Sixth of october
Al Menia,El-Minya,104,28.0871,30.7618,Cairo,sixith of october,98,29.9561,31.0042,2025-12-24T11:45:00,200.0,49,Super Go D,0,240,El-Minya GoBus,Sixth of october
Al Menia,El-Minya,104,28.0871,30.7618,Cairo,sixith of october,98,29.9561,31.0042,2025-12-24T15:16:00,250.0,56,Business Class DD,0,240,El-Minya GoBus,Sixth of october
Al Menia,El-Minya,104,28.0871,30.7618,Cairo,sixith of october,98,29.9561,31.0042,2025-12-24T20:40:00,200.0,49,Super Go D,0,240,El-Minya GoBus,Sixth of october
Taba,Taba Heights,129,29.489,34.896,Cairo,tahrir,8,30.0445,31.2357,2025-12-24T16:00:00,635.0,49,Super Go D,0,360,Taba Heights,Cairo | Tahrir
Taba,Taba Heights,129,29.489,34.896,Cairo,giza,15,30.0131,31.2089,2025-12-24T16:00:00,635.0,49,Super Go D,0,360,Taba Heights,Giza
Taba,Taba Heights,129,29.489,34.896,Cairo,naser city,27,30.0561,31.33,2025-12-24T16:00:00,635.0,49,Super Go D,0,360,Taba Heights,NasrCity Station
Taba,Taba Heights,129,29.489,34.896,Sharm el Shiekh,Sharm Gobus Station,51,27.9158,34.33,2025-12-24T16:00:00,255.0,49,Super Go D,0,360,Taba Heights,Sharm Gobus Station
Taba,Taba Heights,129,29.489,34.896,Dahab,Dahab,40,28.5,34.5167,2025-12-24T16:00:00,170.0,49,Super Go D,0,360,Taba Heights,Dahab
Sahl Hashesh,Sahl Hashesh,22,27.0397,33.8922,Cairo,tahrir,8,30.0445,31.2357,2025-12-24T14:59:00,455.0,49,Super Go D,0,360,Sahl Hashesh,Cairo | Tahrir
Sahl Hashesh,Sahl Hashesh,22,27.0397,33.8922,Cairo,El-Tagamou El-Khames,87,30.03,31.47,2025-12-24T14:59:00,455.0,49,Super Go D,0,360,Sahl Hashesh,El-Tagamou El-Khames
Sahl Hashesh,Sahl Hashesh,22,27.0397,33.8922,Cairo,naser city,27,30.0561,31.33,2025-12-24T14:59:00,455.0,49,Super Go D,0,360,Sahl Hashesh,NasrCity Station
Mallawy,Mallawy,105,27.7317,30.8417,Cairo,tahrir,8,30.0445,31.2357,2025-12-24T04:35:00,220.0,49,Super Go D,0,360,Mallawy,Cairo | Tahrir
Mallawy,Mallawy,105,27.7317,30.8417,Cairo,tahrir,8,30.0445,31.2357,2025-12-24T10:30:00,220.0,49,Super Go D,0,360,Mallawy,Cairo | Tahrir
Mallawy,Mallawy,105,27.7317,30.8417,Cairo,tahrir,8,30.0445,31.2357,2025-12-24T14:01:00,270.0,56,Business Class DD,0,360,Mallawy,Cairo | Tahrir
Mallawy,Mallawy,105,27.7317,30.8417,Cairo,tahrir,8,30.0445,31.2357,2025-12-24T19:25:00,220.0,49,Super Go D,0,360,Mallawy,Cairo | Tahrir
Mallawy,Mallawy,105,27.7317,30.8417,Cairo,naser city,27,30.0561,31.33,2025-12-24T04:35:00,220.0,49,Super Go D,0,360,Mallawy,NasrCity Station
Mallawy,Mallawy,105,27.7317,30.8417,Cairo,naser city,27,30.0561,31.33,2025-12-24T10:30:00,220.0,49,Super Go D,0,360,Mallawy,NasrCity Station
Mallawy,Mallawy,105,27.7317,30.8417,Cairo,naser city,27,30.0561,31.33,2025-12-24T14:01:00,270.0,56,Business Class DD,0,360,Mallawy,NasrCity Station
Mallawy,Mallawy,105,27.7317,30.8417,Cairo,naser city,27,30.0561,31.33,2025-12-24T19:25:00,220.0,49,Super Go D,0,360,Mallawy,NasrCity Station
Mallawy,Mallawy,105,27.7317,30.8417,Cairo,sixith of october,98,29.9561,31.0042,2025-12-24T04:35:00,220.0,49,Super Go D,0,360,Mallawy,Sixth of october
Mallawy,Mallawy,105,27.7317,30.8417,Cairo,sixith of october,98,29.9561,31.0042,2025-12-24T10:30:00,220.0,49,Super Go D,0,360,Mallawy,Sixth of october
Mallawy,Mallawy,105,27.7317,30.8417,Cairo,sixith of october,98,29.9561,31.0042,2025-12-24T14:01:00,270.0,56,Business Class DD,0,360,Mallawy,Sixth of october
Mallawy,Mallawy,105,27.7317,30.8417,Cairo,sixith of october,98,29.9561,31.0042,2025-12-24T19:25:00,220.0,49,Super Go D,0,360,Mallawy,Sixth of october
Al Quseir,Al Quseir,24,26.1062,34.2831,Cairo,tahrir,8,30.0445,31.2357,2025-12-24T15:25:00,585.0,49,Super Go D,0,360,Al Quseir,Cairo | Tahrir
Al Quseir,Al Quseir,24,26.1062,34.2831,Cairo,tahrir,8,30.0445,31.2357,2025-12-24T17:15:00,650.0,37,Elite Business Class M,0,360,Al Quseir,Cairo | Tahrir
Al Quseir,Al Quseir,24,26.1062,34.2831,Cairo,El-Tagamou El-Khames,87,30.03,31.47,2025-12-24T17:15:00,650.0,37,Elite Business Class M,0,360,Al Quseir,El-Tagamou El-Khames
Al Quseir,Al Quseir,24,26.1062,34.2831,Cairo,naser city,27,30.0561,31.33,2025-12-24T15:25:00,585.0,49,Super Go D,0,360,Al Quseir,NasrCity Station
Al Quseir,Al Quseir,24,26.1062,34.2831,Cairo,naser city,27,30.0561,31.33,2025-12-24T17:15:00,650.0,37,Elite Business Class M,0,360,Al Quseir,NasrCity Station
Al Quseir,Al Quseir,24,26.1062,34.2831,Safaga,Safaga,10,26.7472,33.9389,2025-12-24T15:25:00,130.0,49,Super Go D,0,360,Al Quseir,Safaga
Al Quseir,Al Quseir,24,26.1062,34.2831,Marsa Allam,Marsa Allam,23,25.063,34.894,2025-12-24T09:29:00,155.0,49,Super Go D,0,360,Al Quseir,Marsa Allam
Soma Bay,Soma Bay,202,26.8,34.0,Cairo,tahrir,8,30.0445,31.2357,2025-12-24T13:29:00,600.0,49,Super Go D,0,465,Soma Bay,Cairo | Tahrir
Soma Bay,Soma Bay,202,26.8,34.0,Cairo,El-Tagamou El-Khames,87,30.03,31.47,2025-12-24T13:29:00,600.0,49,Super Go D,0,465,Soma Bay,El-Tagamou El-Khames
Soma Bay,Soma Bay,202,26.8,34.0,Cairo,naser city,27,30.0561,31.33,2025-12-24T13:29:00,600.0,49,Super Go D,0,465,Soma Bay,NasrCity Station
Mansoura,Mansoura,30,31.0364,31.3807,Cairo,hyber one,615,30.0276,31.0046,2025-12-24T07:30:00,225.0,14,GoMini,6,360,"Mansoura, Army St",Hyper One
Mansoura,Mansoura,30,31.0364,31.3807,Cairo,hyber one,615,30.0276,31.0046,2025-12-24T12:00:00,235.0,13,GoMini,6,360,"Mansoura, Army St",Hyper One
Mansoura,Mansoura,30,31.0364,31.3807,Cairo,hyber one,615,30.0276,31.0046,2025-12-24T21:00:00,235.0,13,GoMini,6,360,"Mansoura, Army St",Hyper One
Mansoura,Mansoura,30,31.0364,31.3807,Cairo,El-Tagamou El-Khames,87,30.03,31.47,2025-12-24T06:45:00,240.0,13,GoMini,6,360,"Mansoura, Army St","The 5th Settlement, Air Force Hospital"
Mansoura,Mansoura,30,31.0364,31.3807,Cairo,El-Tagamou El-Khames,87,30.03,31.47,2025-12-24T08:45:00,240.0,13,GoMini,6,360,"Mansoura, Army St","The 5th Settlement, Air Force Hospital"
Mansoura,Mansoura,30,31.0364,31.3807,Cairo,El-Tagamou El-Khames,87,30.03,31.47,2025-12-24T10:30:00,240.0,13,GoMini,6,360,"Mansoura, Army St","The 5th Settlement, Air Force Hospital"
Mansoura,Mansoura,30,31.0364,31.3807,Cairo,El-Tagamou El-Khames,87,30.03,31.47,2025-12-24T12:30:00,240.0,13,GoMini,6,360,"Mansoura, Army St","The 5th Settlement, Air Force Hospital"
Mansoura,Mansoura,30,31.0364,31.3807,Cairo,El-Tagamou El-Khames,87,30.03,31.47,2025-12-24T13:05:00,240.0,13,GoMini,6,360,"Mansoura, Army St","The 5th Settlement, Air Force Hospital"
Mansoura,Mansoura,30,31.0364,31.3807,Cairo,El-Tagamou El-Khames,87,30.03,31.47,2025-12-24T13:30:00,240.0,13,GoMini,6,360,"Mansoura, Army St","The 5th Settlement, Air Force Hospital"
Mansoura,Mansoura,30,31.0364,31.3807,Cairo,El-Tagamou El-Khames,87,30.03,31.47,2025-12-24T17:30:00,240.0,13,GoMini,6,360,"Mansoura, Army St","The 5th Settlement, Air Force Hospital"
Mansoura,Mansoura,30,31.0364,31.3807,Cairo,El-Tagamou El-Khames,87,30.03,31.47,2025-12-24T18:30:00,240.0,13,GoMini,6,360,"Mansoura, Army St","The 5th Settlement, Air Force Hospital"
Mansoura,Mansoura,30,31.0364,31.3807,Cairo,El-Tagamou El-Khames,87,30.03,31.47,2025-12-24T19:00:00,240.0,13,GoMini,6,360,"Mansoura, Army St","The 5th Settlement, Air Force Hospital"
Mansoura,Mansoura,30,31.0364,31.3807,Cairo,El-Tagamou El-Khames,87,30.03,31.47,2025-12-24T20:30:00,240.0,13,GoMini,6,360,"Mansoura, Army St","The 5th Settlement, Air Force Hospital"
Mansoura,Mansoura,30,31.0364,31.3807,Cairo,El-Tagamou El-Khames,87,30.03,31.47,2025-12-24T22:30:00,240.0,13,GoMini,6,360,"Mansoura, Army St","The 5th Settlement, Air Force Hospital"
Mansoura,Mansoura,30,31.0364,31.3807,Cairo,El-Tagamou El-Khames,87,30.03,31.47,2025-12-24T23:30:00,240.0,13,GoMini,6,360,"Mansoura, Army St","The 5th Settlement, Air Force Hospital"
Mansoura,Mansoura,30,31.0364,31.3807,Cairo,naser city,27,30.0561,31.33,2025-12-24T06:30:00,230.0,13,GoMini,6,360,"Mansoura, Army St","Nasr City, Go Bus station"
Mansoura,Mansoura,30,31.0364,31.3807,Cairo,naser city,27,30.0561,31.33,2025-12-24T07:15:00,230.0,13,GoMini,6,360,"Mansoura, Army St","Nasr City, Go Bus station"
Mansoura,Mansoura,30,31.0364,31.3807,Cairo,naser city,27,30.0561,31.33,2025-12-24T08:15:00,220.0,14,GoMini,6,360,"Mansoura, Army St","Nasr City, Go Bus station"
Mansoura,Mansoura,30,31.0364,31.3807,Cairo,naser city,27,30.0561,31.33,2025-12-24T10:35:00,230.0,13,GoMini,6,360,"Mansoura, Army St","Nasr City, Go Bus station"
Mansoura,Mansoura,30,31.0364,31.3807,Cairo,naser city,27,30.0561,31.33,2025-12-24T14:05:00,230.0,13,GoMini,6,360,"Mansoura, Army St","Nasr City, Go Bus station"
Mansoura,Mansoura,30,31.0364,31.3807,Cairo,naser city,27,30.0561,31.33,2025-12-24T15:05:00,230.0,13,GoMini,6,360,"Mansoura, Army St","Nasr City, Go Bus station"
Mansoura,Mansoura,30,31.0364,31.3807,Cairo,naser city,27,30.0561,31.33,2025-12-24T16:15:00,220.0,14,GoMini,6,360,"Mansoura, Army St","Nasr City, Go Bus station"
Mansoura,Mansoura,30,31.0364,31.3807,Cairo,naser city,27,30.0561,31.33,2025-12-24T19:35:00,220.0,14,GoMini,6,360,"Mansoura, Army St","Nasr City, Go Bus station"
Mansoura,Mansoura,30,31.0364,31.3807,Cairo,naser city,27,30.0561,31.33,2025-12-24T21:05:00,220.0,13,GoMini,6,360,"Mansoura, Army St","Nasr City, Go Bus station"
Mansoura,Mansoura,30,31.0364,31.3807,Cairo,nady el sekka,9,30.061,31.2467,2025-12-24T06:30:00,230.0,13,GoMini,6,360,"Mansoura, Army St",Nasr City (Nadi El-Sekka)
Mansoura,Mansoura,30,31.0364,31.3807,Cairo,nady el sekka,9,30.061,31.2467,2025-12-24T07:15:00,230.0,13,GoMini,6,360,"Mansoura, Army St",Nasr City (Nadi El-Sekka)
Mansoura,Mansoura,30,31.0364,31.3807,Cairo,nady el sekka,9,30.061,31.2467,2025-12-24T08:15:00,220.0,14,GoMini,6,360,"Mansoura, Army St",Nasr City (Nadi El-Sekka)
Mansoura,Mansoura,30,31.0364,31.3807,Cairo,nady el sekka,9,30.061,31.2467,2025-12-24T10:35:00,230.0,13,GoMini,6,360,"Mansoura, Army St",Nasr City (Nadi El-Sekka)
Mansoura,Mansoura,30,31.0364,31.3807,Cairo,nady el sekka,9,30.061,31.2467,2025-12-24T13:05:00,235.0,13,GoMini,6,360,"Mansoura, Army St",Nasr City (Nadi El-Sekka)
Mansoura,Mansoura,30,31.0364,31.3807,Cairo,nady el sekka,9,30.061,31.2467,2025-12-24T14:05:00,230.0,13,GoMini,6,360,"Mansoura, Army St",Nasr City (Nadi El-Sekka)
Mansoura,Mansoura,30,31.0364,31.3807,Cairo,nady el sekka,9,30.061,31.2467,2025-12-24T15:05:00,230.0,13,GoMini,6,360,"Mansoura, Army St",Nasr City (Nadi El-Sekka)
Mansoura,Mansoura,30,31.0364,31.3807,Cairo,nady el sekka,9,30.061,31.2467,2025-12-24T16:15:00,220.0,14,GoMini,6,360,"Mansoura, Army St",Nasr City (Nadi El-Sekka)
Mansoura,Mansoura,30,31.0364,31.3807,Cairo,nady el sekka,9,30.061,31.2467,2025-12-24T19:35:00,220.0,14,GoMini,6,360,"Mansoura, Army St",Nasr City (Nadi El-Sekka)
Mansoura,Mansoura,30,31.0364,31.3807,Cairo,nady el sekka,9,30.061,31.2467,2025-12-24T21:05:00,220.0,13,GoMini,6,360,"Mansoura, Army St",Nasr City (Nadi El-Sekka)
Mansoura,Mansoura,30,31.0364,31.3807,Cairo,el rehab,42,30.0636,31.4916,2025-12-24T06:45:00,245.0,13,GoMini,6,360,"Mansoura, Army St","El Rehab, Gate 6, The Corner Mall"
Mansoura,Mansoura,30,31.0364,31.3807,Cairo,el rehab,42,30.0636,31.4916,2025-12-24T08:45:00,245.0,13,GoMini,6,360,"Mansoura, Army St","El Rehab, Gate 6, The Corner Mall"
Mansoura,Mansoura,30,31.0364,31.3807,Cairo,el rehab,42,30.0636,31.4916,2025-12-24T10:30:00,245.0,13,GoMini,6,360,"Mansoura, Army St","El Rehab, Gate 6, The Corner Mall"
Mansoura,Mansoura,30,31.0364,31.3807,Cairo,el rehab,42,30.0636,31.4916,2025-12-24T12:30:00,245.0,13,GoMini,6,360,"Mansoura, Army St","El Rehab, Gate 6, The Corner Mall"
Mansoura,Mansoura,30,31.0364,31.3807,Cairo,el rehab,42,30.0636,31.4916,2025-12-24T13:30:00,245.0,13,GoMini,6,360,"Mansoura, Army St","El Rehab, Gate 6, The Corner Mall"
Mansoura,Mansoura,30,31.0364,31.3807,Cairo,el rehab,42,30.0636,31.4916,2025-12-24T17:30:00,245.0,13,GoMini,6,360,"Mansoura, Army St","El Rehab, Gate 6, The Corner Mall"
Mansoura,Mansoura,30,31.0364,31.3807,Cairo,el rehab,42,30.0636,31.4916,2025-12-24T18:30:00,245.0,13,GoMini,6,360,"Mansoura, Army St","El Rehab, Gate 6, The Corner Mall"
Mansoura,Mansoura,30,31.0364,31.3807,Cairo,el rehab,42,30.0636,31.4916,2025-12-24T19:00:00,245.0,13,GoMini,6,360,"Mansoura, Army St","El Rehab, Gate 6, The Corner Mall"
Mansoura,Mansoura,30,31.0364,31.3807,Cairo,el rehab,42,30.0636,31.4916,2025-12-24T20:30:00,245.0,13,GoMini,6,360,"Mansoura, Army St","El Rehab, Gate 6, The Corner Mall"
Mansoura,Mansoura,30,31.0364,31.3807,Cairo,el rehab,42,30.0636,31.4916,2025-12-24T22:30:00,245.0,13,GoMini,6,360,"Mansoura, Army St","El Rehab, Gate 6, The Corner Mall"
Mansoura,Mansoura,30,31.0364,31.3807,Cairo,el rehab,42,30.0636,31.4916,2025-12-24T23:30:00,245.0,13,GoMini,6,360,"Mansoura, Army St","El Rehab, Gate 6, The Corner Mall"
Mansoura,Mansoura,30,31.0364,31.3807,Cairo,madinty,43,30.0956,31.6386,2025-12-24T06:45:00,250.0,13,GoMini,6,360,"Mansoura, Army St","Madinaty, Gate 1"
Mansoura,Mansoura,30,31.0364,31.3807,Cairo,madinty,43,30.0956,31.6386,2025-12-24T08:45:00,250.0,13,GoMini,6,360,"Mansoura, Army St","Madinaty, Gate 1"
Mansoura,Mansoura,30,31.0364,31.3807,Cairo,madinty,43,30.0956,31.6386,2025-12-24T10:30:00,250.0,13,GoMini,6,360,"Mansoura, Army St","Madinaty, Gate 1"
Mansoura,Mansoura,30,31.0364,31.3807,Cairo,madinty,43,30.0956,31.6386,2025-12-24T12:30:00,250.0,13,GoMini,6,360,"Mansoura, Army St","Madinaty, Gate 1"
Mansoura,Mansoura,30,31.0364,31.3807,Cairo,madinty,43,30.0956,31.6386,2025-12-24T13:30:00,250.0,13,GoMini,6,360,"Mansoura, Army St","Madinaty, Gate 1"
Mansoura,Mansoura,30,31.0364,31.3807,Cairo,madinty,43,30.0956,31.6386,2025-12-24T17:30:00,250.0,13,GoMini,6,360,"Mansoura, Army St","Madinaty, Gate 1"
Mansoura,Mansoura,30,31.0364,31.3807,Cairo,madinty,43,30.0956,31.6386,2025-12-24T18:30:00,250.0,13,GoMini,6,360,"Mansoura, Army St","Madinaty, Gate 1"
Mansoura,Mansoura,30,31.0364,31.3807,Cairo,madinty,43,30.0956,31.6386,2025-12-24T19:00:00,250.0,13,GoMini,6,360,"Mansoura, Army St","Madinaty, Gate 1"
Mansoura,Mansoura,30,31.0364,31.3807,Cairo,madinty,43,30.0956,31.6386,2025-12-24T20:30:00,250.0,13,GoMini,6,360,"Mansoura, Army St","Madinaty, Gate 1"
Mansoura,Mansoura,30,31.0364,31.3807,Cairo,madinty,43,30.0956,31.6386,2025-12-24T22:30:00,250.0,13,GoMini,6,360,"Mansoura, Army St","Madinaty, Gate 1"
Mansoura,Mansoura,30,31.0364,31.3807,Cairo,madinty,43,30.0956,31.6386,2025-12-24T23:30:00,250.0,13,GoMini,6,360,"Mansoura, Army St","Madinaty, Gate 1"
Mansoura,Mansoura,30,31.0364,31.3807,Cairo,sixith of october,98,29.9561,31.0042,2025-12-24T07:30:00,225.0,14,GoMini,6,360,"Mansoura, Army St",6th of October
Mansoura,Mansoura,30,31.0364,31.3807,Cairo,sixith of october,98,29.9561,31.0042,2025-12-24T12:00:00,235.0,13,GoMini,6,360,"Mansoura, Army St",6th of October
Mansoura,Mansoura,30,31.0364,31.3807,Cairo,sixith of october,98,29.9561,31.0042,2025-12-24T21:00:00,235.0,13,GoMini,6,360,"Mansoura, Army St",6th of October
Mansoura,Mansoura,30,31.0364,31.3807,Alexandria,Sedi Gaber _ Smouha,64,31.2156,29.9424,2025-12-24T07:00:00,250.0,13,GoMini,6,360,"Mansoura, Army St",Smouha
Mansoura,Mansoura,30,31.0364,31.3807,Alexandria,Miami,145,31.2725,30.0126,2025-12-24T07:00:00,250.0,13,GoMini,6,360,"Mansoura, Army St","Miami, 45 St."
El Dabaa,الضبعة,10099,31.0354,28.4368,Cairo,tahrir,8,30.0445,31.2357,2025-12-24T02:45:00,420.0,13,GoMini,6,360,EL Dabaa,"Abdel-Moneim Reyad Squer, ( Tahrir )"
El Dabaa,الضبعة,10099,31.0354,28.4368,Cairo,tahrir,8,30.0445,31.2357,2025-12-24T06:15:00,420.0,13,GoMini,6,360,EL Dabaa,"Abdel-Moneim Reyad Squer, ( Tahrir )"
El Dabaa,الضبعة,10099,31.0354,28.4368,Cairo,tahrir,8,30.0445,31.2357,2025-12-24T11:15:00,420.0,13,GoMini,6,360,EL Dabaa,"Abdel-Moneim Reyad Squer, ( Tahrir )"
El Dabaa,الضبعة,10099,31.0354,28.4368,Cairo,tahrir,8,30.0445,31.2357,2025-12-24T11:45:00,420.0,13,GoMini,6,360,EL Dabaa,"Abdel-Moneim Reyad Squer, ( Tahrir )"
El Dabaa,الضبعة,10099,31.0354,28.4368,Cairo,tahrir,8,30.0445,31.2357,2025-12-24T12:45:00,420.0,13,GoMini,6,360,EL Dabaa,"Abdel-Moneim Reyad Squer, ( Tahrir )"
El Dabaa,الضبعة,10099,31.0354,28.4368,Cairo,tahrir,8,30.0445,31.2357,2025-12-24T15:15:00,410.0,14,GoMini,6,360,EL Dabaa,"Abdel-Moneim Reyad Squer, ( Tahrir )"
El Dabaa,الضبعة,10099,31.0354,28.4368,Cairo,tahrir,8,30.0445,31.2357,2025-12-24T17:15:00,420.0,13,GoMini,6,360,EL Dabaa,"Abdel-Moneim Reyad Squer, ( Tahrir )"
El Dabaa,الضبعة,10099,31.0354,28.4368,Cairo,tahrir,8,30.0445,31.2357,2025-12-24T18:15:00,420.0,13,GoMini,6,360,EL Dabaa,"Abdel-Moneim Reyad Squer, ( Tahrir )"
El Dabaa,الضبعة,10099,31.0354,28.4368,Cairo,tahrir,8,30.0445,31.2357,2025-12-24T19:15:00,420.0,13,GoMini,6,360,EL Dabaa,"Abdel-Moneim Reyad Squer, ( Tahrir )"
El Dabaa,الضبعة,10099,31.0354,28.4368,Cairo,tahrir,8,30.0445,31.2357,2025-12-24T23:45:00,420.0,13,GoMini,6,360,EL Dabaa,"Abdel-Moneim Reyad Squer, ( Tahrir )"
El Dabaa,الضبعة,10099,31.0354,28.4368,Cairo,giza,15,30.0131,31.2089,2025-12-24T11:45:00,420.0,13,GoMini,6,360,EL Dabaa,Giza
El Dabaa,الضبعة,10099,31.0354,28.4368,Cairo,naser city,27,30.0561,31.33,2025-12-24T02:45:00,420.0,13,GoMini,6,360,EL Dabaa,"Nasr City, Go Bus station"
El Dabaa,الضبعة,10099,31.0354,28.4368,Cairo,naser city,27,30.0561,31.33,2025-12-24T06:15:00,420.0,13,GoMini,6,360,EL Dabaa,"Nasr City, Go Bus station"
El Dabaa,الضبعة,10099,31.0354,28.4368,Cairo,naser city,27,30.0561,31.33,2025-12-24T11:15:00,420.0,13,GoMini,6,360,EL Dabaa,"Nasr City, Go Bus station"
El Dabaa,الضبعة,10099,31.0354,28.4368,Cairo,naser city,27,30.0561,31.33,2025-12-24T12:45:00,420.0,13,GoMini,6,360,EL Dabaa,"Nasr City, Go Bus station"
El Dabaa,الضبعة,10099,31.0354,28.4368,Cairo,naser city,27,30.0561,31.33,2025-12-24T15:15:00,410.0,14,GoMini,6,360,EL Dabaa,"Nasr City, Go Bus station"
El Dabaa,الضبعة,10099,31.0354,28.4368,Cairo,naser city,27,30.0561,31.33,2025-12-24T17:15:00,420.0,13,GoMini,6,360,EL Dabaa,"Nasr City, Go Bus station"
El Dabaa,الضبعة,10099,31.0354,28.4368,Cairo,naser city,27,30.0561,31.33,2025-12-24T18:15:00,420.0,13,GoMini,6,360,EL Dabaa,"Nasr City, Go Bus station"
El Dabaa,الضبعة,10099,31.0354,28.4368,Cairo,naser city,27,30.0561,31.33,2025-12-24T19:15:00,420.0,13,GoMini,6,360,EL Dabaa,"Nasr City, Go Bus station"
El Dabaa,الضبعة,10099,31.0354,28.4368,Cairo,naser city,27,30.0561,31.33,2025-12-24T23:45:00,420.0,13,GoMini,6,360,EL Dabaa,"Nasr City, Go Bus station"
El Dabaa,الضبعة,10099,31.0354,28.4368,Cairo,nady el sekka,9,30.061,31.2467,2025-12-24T02:45:00,420.0,13,GoMini,6,360,EL Dabaa,Nasr City (Nadi El-Sekka)
El Dabaa,الضبعة,10099,31.0354,28.4368,Cairo,nady el sekka,9,30.061,31.2467,2025-12-24T06:15:00,420.0,13,GoMini,6,360,EL Dabaa,Nasr City (Nadi El-Sekka)
El Dabaa,الضبعة,10099,31.0354,28.4368,Cairo,nady el sekka,9,30.061,31.2467,2025-12-24T11:15:00,420.0,13,GoMini,6,360,EL Dabaa,Nasr City (Nadi El-Sekka)
El Dabaa,الضبعة,10099,31.0354,28.4368,Cairo,nady el sekka,9,30.061,31.2467,2025-12-24T12:45:00,420.0,13,GoMini,6,360,EL Dabaa,Nasr City (Nadi El-Sekka)
El Dabaa,الضبعة,10099,31.0354,28.4368,Cairo,nady el sekka,9,30.061,31.2467,2025-12-24T15:15:00,410.0,14,GoMini,6,360,EL Dabaa,Nasr City (Nadi El-Sekka)
El Dabaa,الضبعة,10099,31.0354,28.4368,Cairo,nady el sekka,9,30.061,31.2467,2025-12-24T17:15:00,420.0,13,GoMini,6,360,EL Dabaa,Nasr City (Nadi El-Sekka)
El Dabaa,الضبعة,10099,31.0354,28.4368,Cairo,nady el sekka,9,30.061,31.2467,2025-12-24T18:15:00,420.0,13,GoMini,6,360,EL Dabaa,Nasr City (Nadi El-Sekka)
El Dabaa,الضبعة,10099,31.0354,28.4368,Cairo,nady el sekka,9,30.061,31.2467,2025-12-24T19:15:00,420.0,13,GoMini,6,360,EL Dabaa,Nasr City (Nadi El-Sekka)
El Dabaa,الضبعة,10099,31.0354,28.4368,Cairo,nady el sekka,9,30.061,31.2467,2025-12-24T23:45:00,420.0,13,GoMini,6,360,EL Dabaa,Nasr City (Nadi El-Sekka)
El Dabaa,الضبعة,10099,31.0354,28.4368,Cairo,cairo-alex gate,65,30.0565,31.0209,2025-12-24T02:45:00,420.0,13,GoMini,6,360,EL Dabaa,Cairo Gate
El Dabaa,الضبعة,10099,31.0354,28.4368,Cairo,cairo-alex gate,65,30.0565,31.0209,2025-12-24T06:15:00,420.0,13,GoMini,6,360,EL Dabaa,Cairo Gate
El Dabaa,الضبعة,10099,31.0354,28.4368,Cairo,cairo-alex gate,65,30.0565,31.0209,2025-12-24T11:15:00,420.0,13,GoMini,6,360,EL Dabaa,Cairo Gate
El Dabaa,الضبعة,10099,31.0354,28.4368,Cairo,cairo-alex gate,65,30.0565,31.0209,2025-12-24T11:45:00,420.0,13,GoMini,6,360,EL Dabaa,Cairo Gate
El Dabaa,الضبعة,10099,31.0354,28.4368,Cairo,cairo-alex gate,65,30.0565,31.0209,2025-12-24T12:45:00,420.0,13,GoMini,6,360,EL Dabaa,Cairo Gate
El Dabaa,الضبعة,10099,31.0354,28.4368,Cairo,cairo-alex gate,65,30.0565,31.0209,2025-12-24T15:15:00,410.0,14,GoMini,6,360,EL Dabaa,Cairo Gate
El Dabaa,الضبعة,10099,31.0354,28.4368,Cairo,cairo-alex gate,65,30.0565,31.0209,2025-12-24T17:15:00,420.0,13,GoMini,6,360,EL Dabaa,Cairo Gate
El Dabaa,الضبعة,10099,31.0354,28.4368,Cairo,cairo-alex gate,65,30.0565,31.0209,2025-12-24T18:15:00,420.0,13,GoMini,6,360,EL Dabaa,Cairo Gate
El Dabaa,الضبعة,10099,31.0354,28.4368,Cairo,cairo-alex gate,65,30.0565,31.0209,2025-12-24T19:15:00,420.0,13,GoMini,6,360,EL Dabaa,Cairo Gate
El Dabaa,الضبعة,10099,31.0354,28.4368,Cairo,cairo-alex gate,65,30.0565,31.0209,2025-12-24T23:45:00,420.0,13,GoMini,6,360,EL Dabaa,Cairo Gate
Port Said,Port Said Downtown,378,31.2653,32.3019,Cairo,tahrir,8,30.0445,31.2357,2025-12-24T05:30:00,250.0,14,High ace Toyota,6,150,"Port Said, Downtown","Abdel-Moneim Reyad Squer, ( Tahrir )"
Port Said,Port Said Downtown,378,31.2653,32.3019,Cairo,tahrir,8,30.0445,31.2357,2025-12-24T08:30:00,250.0,14,High ace Toyota,6,150,"Port Said, Downtown","Abdel-Moneim Reyad Squer, ( Tahrir )"
Port Said,Port Said Downtown,378,31.2653,32.3019,Cairo,tahrir,8,30.0445,31.2357,2025-12-24T18:30:00,250.0,14,High ace Toyota,6,150,"Port Said, Downtown","Abdel-Moneim Reyad Squer, ( Tahrir )"
Port Said,Port Said Downtown,378,31.2653,32.3019,Cairo,El-Tagamou El-Khames,87,30.03,31.47,2025-12-24T05:15:00,255.0,14,High ace Toyota,6,150,"Port Said, Downtown","The 5th Settlement, Air Force Hospital"
Port Said,Port Said Downtown,378,31.2653,32.3019,Cairo,El-Tagamou El-Khames,87,30.03,31.47,2025-12-24T06:15:00,255.0,14,High ace Toyota,6,150,"Port Said, Downtown","The 5th Settlement, Air Force Hospital"
Port Said,Port Said Downtown,378,31.2653,32.3019,Cairo,El-Tagamou El-Khames,87,30.03,31.47,2025-12-24T07:15:00,255.0,14,High ace Toyota,6,150,"Port Said, Downtown","The 5th Settlement, Air Force Hospital"
Port Said,Port Said Downtown,378,31.2653,32.3019,Cairo,El-Tagamou El-Khames,87,30.03,31.47,2025-12-24T08:15:00,255.0,14,High ace Toyota,6,150,"Port Said, Downtown","The 5th Settlement, Air Force Hospital"
Port Said,Port Said Downtown,378,31.2653,32.3019,Cairo,El-Tagamou El-Khames,87,30.03,31.47,2025-12-24T10:15:00,255.0,14,High ace Toyota,6,150,"Port Said, Downtown","The 5th Settlement, Air Force Hospital"
Port Said,Port Said Downtown,378,31.2653,32.3019,Cairo,El-Tagamou El-Khames,87,30.03,31.47,2025-12-24T11:30:00,255.0,14,High ace Toyota,6,150,"Port Said, Downtown","The 5th Settlement, Air Force Hospital"
Port Said,Port Said Downtown,378,31.2653,32.3019,Cairo,El-Tagamou El-Khames,87,30.03,31.47,2025-12-24T13:15:00,255.0,14,High ace Toyota,6,150,"Port Said, Downtown","The 5th Settlement, Air Force Hospital"
Port Said,Port Said Downtown,378,31.2653,32.3019,Cairo,El-Tagamou El-Khames,87,30.03,31.47,2025-12-24T15:15:00,255.0,14,High ace Toyota,6,150,"Port Said, Downtown","The 5th Settlement, Air Force Hospital"
Port Said,Port Said Downtown,378,31.2653,32.3019,Cairo,El-Tagamou El-Khames,87,30.03,31.47,2025-12-24T17:15:00,255.0,14,High ace Toyota,6,150,"Port Said, Downtown","The 5th Settlement, Air Force Hospital"
Port Said,Port Said Downtown,378,31.2653,32.3019,Cairo,El-Tagamou El-Khames,87,30.03,31.47,2025-12-24T20:15:00,255.0,14,High ace Toyota,6,150,"Port Said, Downtown","The 5th Settlement, Air Force Hospital"
Port Said,Port Said Downtown,378,31.2653,32.3019,Cairo,El-Tagamou El-Khames,87,30.03,31.47,2025-12-24T22:15:00,255.0,14,High ace Toyota,6,150,"Port Said, Downtown","The 5th Settlement, Air Force Hospital"
Port Said,Port Said Downtown,378,31.2653,32.3019,Cairo,El-Tagamou El-Khames,87,30.03,31.47,2025-12-24T23:30:00,255.0,14,High ace Toyota,6,150,"Port Said, Downtown","The 5th Settlement, Air Force Hospital"
Port Said,Port Said Downtown,378,31.2653,32.3019,Cairo,naser city,27,30.0561,31.33,2025-12-24T06:30:00,250.0,14,High ace Toyota,6,150,"Port Said, Downtown","Nasr City, Go Bus station"
Port Said,Port Said Downtown,378,31.2653,32.3019,Cairo,naser city,27,30.0561,31.33,2025-12-24T10:00:00,250.0,14,High ace Toyota,6,150,"Port Said, Downtown","Nasr City, Go Bus station"
Port Said,Port Said Downtown,378,31.2653,32.3019,Cairo,naser city,27,30.0561,31.33,2025-12-24T12:35:00,250.0,14,High ace Toyota,6,150,"Port Said, Downtown","Nasr City, Go Bus station"
Port Said,Port Said Downtown,378,31.2653,32.3019,Cairo,naser city,27,30.0561,31.33,2025-12-24T14:00:00,250.0,14,High ace Toyota,6,150,"Port Said, Downtown","Nasr City, Go Bus station"
Port Said,Port Said Downtown,378,31.2653,32.3019,Cairo,naser city,27,30.0561,31.33,2025-12-24T15:30:00,250.0,14,High ace Toyota,6,150,"Port Said, Downtown","Nasr City, Go Bus station"
Port Said,Port Said Downtown,378,31.2653,32.3019,Cairo,naser city,27,30.0561,31.33,2025-12-24T17:30:00,250.0,14,High ace Toyota,6,150,"Port Said, Downtown","Nasr City, Go Bus station"
Port Said,Port Said Downtown,378,31.2653,32.3019,Cairo,naser city,27,30.0561,31.33,2025-12-24T20:00:00,250.0,14,High ace Toyota,6,150,"Port Said, Downtown","Nasr City, Go Bus station"
Port Said,Port Said Downtown,378,31.2653,32.3019,Cairo,naser city,27,30.0561,31.33,2025-12-24T22:00:00,250.0,14,High ace Toyota,6,150,"Port Said, Downtown","Nasr City, Go Bus station"
Port Said,Port Said Downtown,378,31.2653,32.3019,Cairo,naser city,27,30.0561,31.33,2025-12-24T23:00:00,250.0,14,High ace Toyota,6,150,"Port Said, Downtown","Nasr City, Go Bus station"
Port Said,Port Said Downtown,378,31.2653,32.3019,Cairo,nady el sekka,9,30.061,31.2467,2025-12-24T05:30:00,250.0,14,High ace Toyota,6,150,"Port Said, Downtown",Nasr City (Nadi El-Sekka)
Port Said,Port Said Downtown,378,31.2653,32.3019,Cairo,nady el sekka,9,30.061,31.2467,2025-12-24T06:30:00,250.0,14,High ace Toyota,6,150,"Port Said, Downtown",Nasr City (Nadi El-Sekka)
Port Said,Port Said Downtown,378,31.2653,32.3019,Cairo,nady el sekka,9,30.061,31.2467,2025-12-24T08:30:00,250.0,14,High ace Toyota,6,150,"Port Said, Downtown",Nasr City (Nadi El-Sekka)
Port Said,Port Said Downtown,378,31.2653,32.3019,Cairo,nady el sekka,9,30.061,31.2467,2025-12-24T10:00:00,250.0,14,High ace Toyota,6,150,"Port Said, Downtown",Nasr City (Nadi El-Sekka)
Port Said,Port Said Downtown,378,31.2653,32.3019,Cairo,nady el sekka,9,30.061,31.2467,2025-12-24T12:35:00,250.0,14,High ace Toyota,6,150,"Port Said, Downtown",Nasr City (Nadi El-Sekka)
Port Said,Port Said Downtown,378,31.2653,32.3019,Cairo,nady el sekka,9,30.061,31.2467,2025-12-24T14:00:00,250.0,14,High ace Toyota,6,150,"Port Said, Downtown",Nasr City (Nadi El-Sekka)
Port Said,Port Said Downtown,378,31.2653,32.3019,Cairo,nady el sekka,9,30.061,31.2467,2025-12-24T15:30:00,250.0,14,High ace Toyota,6,150,"Port Said, Downtown",Nasr City (Nadi El-Sekka)
Port Said,Port Said Downtown,378,31.2653,32.3019,Cairo,nady el sekka,9,30.061,31.2467,2025-12-24T17:30:00,250.0,14,High ace Toyota,6,150,"Port Said, Downtown",Nasr City (Nadi El-Sekka)
Port Said,Port Said Downtown,378,31.2653,32.3019,Cairo,nady el sekka,9,30.061,31.2467,2025-12-24T18:30:00,250.0,14,High ace Toyota,6,150,"Port Said, Downtown",Nasr City (Nadi El-Sekka)
Port Said,Port Said Downtown,378,31.2653,32.3019,Cairo,nady el sekka,9,30.061,31.2467,2025-12-24T20:00:00,250.0,14,High ace Toyota,6,150,"Port Said, Downtown",Nasr City (Nadi El-Sekka)
Port Said,Port Said Downtown,378,31.2653,32.3019,Cairo,nady el sekka,9,30.061,31.2467,2025-12-24T22:00:00,250.0,14,High ace Toyota,6,150,"Port Said, Downtown",Nasr City (Nadi El-Sekka)
Port Said,Port Said Downtown,378,31.2653,32.3019,Cairo,nady el sekka,9,30.061,31.2467,2025-12-24T23:00:00,250.0,14,High ace Toyota,6,150,"Port Said, Downtown",Nasr City (Nadi El-Sekka)
Port Said,Port Said Downtown,378,31.2653,32.3019,Cairo,el rehab,42,30.0636,31.4916,2025-12-24T05:15:00,255.0,14,High ace Toyota,6,150,"Port Said, Downtown","El Rehab, Gate 6, The Corner Mall"
Port Said,Port Said Downtown,378,31.2653,32.3019,Cairo,el rehab,42,30.0636,31.4916,2025-12-24T06:15:00,255.0,14,High ace Toyota,6,150,"Port Said, Downtown","El Rehab, Gate 6, The Corner Mall"
Port Said,Port Said Downtown,378,31.2653,32.3019,Cairo,el rehab,42,30.0636,31.4916,2025-12-24T07:15:00,255.0,14,High ace Toyota,6,150,"Port Said, Downtown","El Rehab, Gate 6, The Corner Mall"
Port Said,Port Said Downtown,378,31.2653,32.3019,Cairo,el rehab,42,30.0636,31.4916,2025-12-24T08:15:00,255.0,14,High ace Toyota,6,150,"Port Said, Downtown","El Rehab, Gate 6, The Corner Mall"
Port Said,Port Said Downtown,378,31.2653,32.3019,Cairo,el rehab,42,30.0636,31.4916,2025-12-24T10:15:00,255.0,14,High ace Toyota,6,150,"Port Said, Downtown","El Rehab, Gate 6, The Corner Mall"
Port Said,Port Said Downtown,378,31.2653,32.3019,Cairo,el rehab,42,30.0636,31.4916,2025-12-24T11:30:00,255.0,14,High ace Toyota,6,150,"Port Said, Downtown","El Rehab, Gate 6, The Corner Mall"
Port Said,Port Said Downtown,378,31.2653,32.3019,Cairo,el rehab,42,30.0636,31.4916,2025-12-24T13:15:00,255.0,14,High ace Toyota,6,150,"Port Said, Downtown","El Rehab, Gate 6, The Corner Mall"
Port Said,Port Said Downtown,378,31.2653,32.3019,Cairo,el rehab,42,30.0636,31.4916,2025-12-24T15:15:00,255.0,14,High ace Toyota,6,150,"Port Said, Downtown","El Rehab, Gate 6, The Corner Mall"
Port Said,Port Said Downtown,378,31.2653,32.3019,Cairo,el rehab,42,30.0636,31.4916,2025-12-24T17:15:00,255.0,14,High ace Toyota,6,150,"Port Said, Downtown","El Rehab, Gate 6, The Corner Mall"
Port Said,Port Said Downtown,378,31.2653,32.3019,Cairo,el rehab,42,30.0636,31.4916,2025-12-24T20:15:00,255.0,14,High ace Toyota,6,150,"Port Said, Downtown","El Rehab, Gate 6, The Corner Mall"
Port Said,Port Said Downtown,378,31.2653,32.3019,Cairo,el rehab,42,30.0636,31.4916,2025-12-24T22:15:00,255.0,14,High ace Toyota,6,150,"Port Said, Downtown","El Rehab, Gate 6, The Corner Mall"
Port Said,Port Said Downtown,378,31.2653,32.3019,Cairo,el rehab,42,30.0636,31.4916,2025-12-24T23:30:00,255.0,14,High ace Toyota,6,150,"Port Said, Downtown","El Rehab, Gate 6, The Corner Mall"
Port Said,Port Said Downtown,378,31.2653,32.3019,Cairo,madinty,43,30.0956,31.6386,2025-12-24T05:30:00,250.0,14,High ace Toyota,6,150,"Port Said, Downtown","Madinaty, Gate 1"
Port Said,Port Said Downtown,378,31.2653,32.3019,Cairo,madinty,43,30.0956,31.6386,2025-12-24T06:30:00,260.0,14,High ace Toyota,6,150,"Port Said, Downtown","Madinaty, Gate 1"
Port Said,Port Said Downtown,378,31.2653,32.3019,Cairo,madinty,43,30.0956,31.6386,2025-12-24T08:30:00,250.0,14,High ace Toyota,6,150,"Port Said, Downtown","Madinaty, Gate 1"
Port Said,Port Said Downtown,378,31.2653,32.3019,Cairo,madinty,43,30.0956,31.6386,2025-12-24T10:00:00,260.0,14,High ace Toyota,6,150,"Port Said, Downtown","Madinaty, Gate 1"
Port Said,Port Said Downtown,378,31.2653,32.3019,Cairo,madinty,43,30.0956,31.6386,2025-12-24T12:35:00,260.0,14,High ace Toyota,6,150,"Port Said, Downtown","Madinaty, Gate 1"
Port Said,Port Said Downtown,378,31.2653,32.3019,Cairo,madinty,43,30.0956,31.6386,2025-12-24T13:15:00,250.0,14,High ace Toyota,6,150,"Port Said, Downtown","Madinaty, Gate 1"
Port Said,Port Said Downtown,378,31.2653,32.3019,Cairo,madinty,43,30.0956,31.6386,2025-12-24T14:00:00,260.0,14,High ace Toyota,6,150,"Port Said, Downtown","Madinaty, Gate 1"
Port Said,Port Said Downtown,378,31.2653,32.3019,Cairo,madinty,43,30.0956,31.6386,2025-12-24T15:30:00,260.0,14,High ace Toyota,6,150,"Port Said, Downtown","Madinaty, Gate 1"
Port Said,Port Said Downtown,378,31.2653,32.3019,Cairo,madinty,43,30.0956,31.6386,2025-12-24T17:30:00,260.0,14,High ace Toyota,6,150,"Port Said, Downtown","Madinaty, Gate 1"
Port Said,Port Said Downtown,378,31.2653,32.3019,Cairo,madinty,43,30.0956,31.6386,2025-12-24T18:30:00,250.0,14,High ace Toyota,6,150,"Port Said, Downtown","Madinaty, Gate 1"
Port Said,Port Said Downtown,378,31.2653,32.3019,Cairo,madinty,43,30.0956,31.6386,2025-12-24T20:00:00,260.0,14,High ace Toyota,6,150,"Port Said, Downtown","Madinaty, Gate 1"
Port Said,Port Said Downtown,378,31.2653,32.3019,Cairo,madinty,43,30.0956,31.6386,2025-12-24T22:00:00,260.0,14,High ace Toyota,6,150,"Port Said, Downtown","Madinaty, Gate 1"
Port Said,Port Said Downtown,378,31.2653,32.3019,Cairo,madinty,43,30.0956,31.6386,2025-12-24T23:00:00,260.0,14,High ace Toyota,6,150,"Port Said, Downtown","Madinaty, Gate 1"
Port Said,Port Said Downtown,378,31.2653,32.3019,Cairo,sixith of october,98,29.9561,31.0042,2025-12-24T05:15:00,260.0,14,High ace Toyota,6,150,"Port Said, Downtown",6th of October
Port Said,Port Said Downtown,378,31.2653,32.3019,Cairo,sixith of october,98,29.9561,31.0042,2025-12-24T06:15:00,260.0,14,High ace Toyota,6,150,"Port Said, Downtown",6th of October
Port Said,Port Said Downtown,378,31.2653,32.3019,Cairo,sixith of october,98,29.9561,31.0042,2025-12-24T07:15:00,260.0,14,High ace Toyota,6,150,"Port Said, Downtown",6th of October
Port Said,Port Said Downtown,378,31.2653,32.3019,Cairo,sixith of october,98,29.9561,31.0042,2025-12-24T08:15:00,260.0,14,High ace Toyota,6,150,"Port Said, Downtown",6th of October
Port Said,Port Said Downtown,378,31.2653,32.3019,Cairo,sixith of october,98,29.9561,31.0042,2025-12-24T10:15:00,260.0,14,High ace Toyota,6,150,"Port Said, Downtown",6th of October
Port Said,Port Said Downtown,378,31.2653,32.3019,Cairo,sixith of october,98,29.9561,31.0042,2025-12-24T11:30:00,260.0,14,High ace Toyota,6,150,"Port Said, Downtown",6th of October
Port Said,Port Said Downtown,378,31.2653,32.3019,Cairo,sixith of october,98,29.9561,31.0042,2025-12-24T15:15:00,260.0,14,High ace Toyota,6,150,"Port Said, Downtown",6th of October
Port Said,Port Said Downtown,378,31.2653,32.3019,Cairo,sixith of october,98,29.9561,31.0042,2025-12-24T17:15:00,260.0,14,High ace Toyota,6,150,"Port Said, Downtown",6th of October
Port Said,Port Said Downtown,378,31.2653,32.3019,Cairo,sixith of october,98,29.9561,31.0042,2025-12-24T20:15:00,260.0,14,High ace Toyota,6,150,"Port Said, Downtown",6th of October
Port Said,Port Said Downtown,378,31.2653,32.3019,Cairo,sixith of october,98,29.9561,31.0042,2025-12-24T22:15:00,260.0,14,High ace Toyota,6,150,"Port Said, Downtown",6th of October
Port Said,Port Said Downtown,378,31.2653,32.3019,Cairo,sixith of october,98,29.9561,31.0042,2025-12-24T23:30:00,260.0,14,High ace Toyota,6,150,"Port Said, Downtown",6th of October
Port Said,Port Said Downtown,378,31.2653,32.3019,Hurghada,hurghada,1,27.2579,33.8116,2025-12-24T01:45:00,620.0,14,High ace Toyota,6,360,"Port Said, Downtown","Go Bus Station, Nasr Road"
Port Said,Port Said Downtown,378,31.2653,32.3019,Sharm el Shiekh,Sharm Gobus Station,51,27.9158,34.33,2025-12-24T02:00:00,650.0,14,High ace Toyota,6,360,"Port Said, Downtown",Sharm El-Sheikh Station
Port Said,Port Said Downtown,378,31.2653,32.3019,Alexandria,Sedi Gaber _ Smouha,64,31.2156,29.9424,2025-12-24T06:00:00,230.0,14,High ace Toyota,6,180,"Port Said, Downtown",Smouha
Port Said,Port Said Downtown,378,31.2653,32.3019,Alexandria,Sedi Gaber _ Smouha,64,31.2156,29.9424,2025-12-24T14:00:00,230.0,14,High ace Toyota,6,180,"Port Said, Downtown",Smouha
Port Said,Port Said Downtown,378,31.2653,32.3019,Alexandria,Sedi Gaber _ Smouha,64,31.2156,29.9424,2025-12-24T23:15:00,230.0,14,High ace Toyota,6,180,"Port Said, Downtown",Smouha
Port Said,Port Said Downtown,378,31.2653,32.3019,Alexandria,Miami,145,31.2725,30.0126,2025-12-24T06:00:00,230.0,14,High ace Toyota,6,180,"Port Said, Downtown","Miami, 45 St."
Port Said,Port Said Downtown,378,31.2653,32.3019,Alexandria,Miami,145,31.2725,30.0126,2025-12-24T14:00:00,230.0,14,High ace Toyota,6,180,"Port Said, Downtown","Miami, 45 St."
Port Said,Port Said Downtown,378,31.2653,32.3019,Alexandria,Miami,145,31.2725,30.0126,2025-12-24T23:15:00,230.0,14,High ace Toyota,6,180,"Port Said, Downtown","Miami, 45 St."
Port Said,Port Said Downtown,378,31.2653,32.3019,Dahab,Dahab,40,28.5,34.5167,2025-12-24T01:30:00,650.0,14,High ace Toyota,6,360,"Port Said, Downtown","El Mashraba, El Masbat St"
Port Said,Port Said Downtown,378,31.2653,32.3019,El Gona,El Gouna,7,27.39,33.68,2025-12-24T01:45:00,620.0,14,High ace Toyota,6,360,"Port Said, Downtown",El Gouna Gate
Port Said,Port Said,78,31.2653,32.3019,Cairo,tahrir,8,30.0445,31.2357,2025-12-24T06:01:00,140.0,49,Super Go D,0,150,Port Said Station,Cairo | Tahrir
Port Said,Port Said,78,31.2653,32.3019,Cairo,tahrir,8,30.0445,31.2357,2025-12-24T06:59:00,140.0,46,Super Go D,0,150,Port Said Station,Cairo | Tahrir
Port Said,Port Said,78,31.2653,32.3019,Cairo,tahrir,8,30.0445,31.2357,2025-12-24T16:00:00,140.0,49,Super Go D,0,150,Port Said Station,Cairo | Tahrir
Port Said,Port Said,78,31.2653,32.3019,Cairo,tahrir,8,30.0445,31.2357,2025-12-24T21:01:00,220.0,37,Elite Business Class M,0,150,Port Said Station,Cairo | Tahrir
Port Said,Port Said,78,31.2653,32.3019,Cairo,giza,15,30.0131,31.2089,2025-12-24T06:59:00,140.0,46,Super Go D,0,150,Port Said Station,Giza
Port Said,Port Said,78,31.2653,32.3019,Cairo,naser city,27,30.0561,31.33,2025-12-24T06:01:00,140.0,49,Super Go D,0,150,Port Said Station,NasrCity Station
Port Said,Port Said,78,31.2653,32.3019,Cairo,naser city,27,30.0561,31.33,2025-12-24T06:59:00,140.0,46,Super Go D,0,150,Port Said Station,NasrCity Station
Port Said,Port Said,78,31.2653,32.3019,Cairo,naser city,27,30.0561,31.33,2025-12-24T16:00:00,140.0,49,Super Go D,0,150,Port Said Station,NasrCity Station
Port Said,Port Said,78,31.2653,32.3019,Cairo,naser city,27,30.0561,31.33,2025-12-24T21:01:00,220.0,37,Elite Business Class M,0,150,Port Said Station,NasrCity Station
Port Said,Port Said,78,31.2653,32.3019,Cairo,sixith of october,98,29.9561,31.0042,2025-12-24T06:01:00,140.0,49,Super Go D,0,150,Port Said Station,Sixth of october
Port Said,Port Said,78,31.2653,32.3019,Cairo,sixith of october,98,29.9561,31.0042,2025-12-24T16:00:00,140.0,49,Super Go D,0,150,Port Said Station,Sixth of october
Port Said,Port Said,78,31.2653,32.3019,Cairo,sixith of october,98,29.9561,31.0042,2025-12-24T21:01:00,220.0,37,Elite Business Class M,0,150,Port Said Station,Sixth of october
El Gona,El Gouna,7,27.39,33.68,Cairo,tahrir,8,30.0445,31.2357,2025-12-24T00:28:00,690.0,56,Business Class DD,0,420,El Gouna,Cairo | Tahrir
El Gona,El Gouna,7,27.39,33.68,Cairo,tahrir,8,30.0445,31.2357,2025-12-24T01:50:00,690.0,37,Elite Business Class M,0,420,El Gouna,Cairo | Tahrir
El Gona,El Gouna,7,27.39,33.68,Cairo,tahrir,8,30.0445,31.2357,2025-12-24T03:00:00,1060.0,28,Aero First Class,0,420,El Gouna,Cairo | Tahrir
El Gona,El Gouna,7,27.39,33.68,Cairo,tahrir,8,30.0445,31.2357,2025-12-24T04:00:00,425.0,49,Super Go D,0,420,El Gouna,Cairo | Tahrir
El Gona,El Gouna,7,27.39,33.68,Cairo,tahrir,8,30.0445,31.2357,2025-12-24T08:50:00,425.0,49,Super Go D,0,420,El Gouna,Cairo | Tahrir
El Gona,El Gouna,7,27.39,33.68,Cairo,tahrir,8,30.0445,31.2357,2025-12-24T10:00:00,690.0,37,Elite Business Class M,0,420,El Gouna,Cairo | Tahrir
El Gona,El Gouna,7,27.39,33.68,Cairo,tahrir,8,30.0445,31.2357,2025-12-24T12:15:00,425.0,49,Super Go D,0,420,El Gouna,Cairo | Tahrir
El Gona,El Gouna,7,27.39,33.68,Cairo,tahrir,8,30.0445,31.2357,2025-12-24T13:46:00,1060.0,28,Aero First Class,0,420,El Gouna,Cairo | Tahrir
El Gona,El Gouna,7,27.39,33.68,Cairo,tahrir,8,30.0445,31.2357,2025-12-24T15:05:00,425.0,49,Super Go D,0,420,El Gouna,Cairo | Tahrir
El Gona,El Gouna,7,27.39,33.68,Cairo,tahrir,8,30.0445,31.2357,2025-12-24T15:31:00,690.0,56,Business Class DD,0,420,El Gouna,Cairo | Tahrir
El Gona,El Gouna,7,27.39,33.68,Cairo,tahrir,8,30.0445,31.2357,2025-12-24T16:00:00,690.0,37,Elite Business Class M,0,420,El Gouna,Cairo | Tahrir
El Gona,El Gouna,7,27.39,33.68,Cairo,tahrir,8,30.0445,31.2357,2025-12-24T17:30:00,1060.0,28,Aero First Class,0,420,El Gouna,Cairo | Tahrir
El Gona,El Gouna,7,27.39,33.68,Cairo,tahrir,8,30.0445,31.2357,2025-12-24T20:46:00,690.0,37,Elite Business Class M,0,420,El Gouna,Cairo | Tahrir
El Gona,El Gouna,7,27.39,33.68,Cairo,giza,15,30.0131,31.2089,2025-12-24T00:28:00,690.0,56,Business Class DD,0,420,El Gouna,Giza
El Gona,El Gouna,7,27.39,33.68,Cairo,giza,15,30.0131,31.2089,2025-12-24T15:31:00,690.0,56,Business Class DD,0,420,El Gouna,Giza
El Gona,El Gouna,7,27.39,33.68,Cairo,El-Tagamou El-Khames,87,30.03,31.47,2025-12-24T03:00:00,1060.0,28,Aero First Class,0,420,El Gouna,El-Tagamou El-Khames
El Gona,El Gouna,7,27.39,33.68,Cairo,El-Tagamou El-Khames,87,30.03,31.47,2025-12-24T11:30:00,565.0,13,GoMini,6,420,El Gouna Gate,"The 5th Settlement, Air Force Hospital"
El Gona,El Gouna,7,27.39,33.68,Cairo,El-Tagamou El-Khames,87,30.03,31.47,2025-12-24T13:30:00,565.0,13,GoMini,6,420,El Gouna Gate,"The 5th Settlement, Air Force Hospital"
El Gona,El Gouna,7,27.39,33.68,Cairo,El-Tagamou El-Khames,87,30.03,31.47,2025-12-24T13:46:00,1060.0,28,Aero First Class,0,420,El Gouna,El-Tagamou El-Khames
El Gona,El Gouna,7,27.39,33.68,Cairo,El-Tagamou El-Khames,87,30.03,31.47,2025-12-24T15:05:00,425.0,49,Super Go D,0,420,El Gouna,El-Tagamou El-Khames
El Gona,El Gouna,7,27.39,33.68,Cairo,El-Tagamou El-Khames,87,30.03,31.47,2025-12-24T15:30:00,565.0,13,GoMini,6,420,El Gouna Gate,"The 5th Settlement, Air Force Hospital"
El Gona,El Gouna,7,27.39,33.68,Cairo,El-Tagamou El-Khames,87,30.03,31.47,2025-12-24T17:30:00,1060.0,28,Aero First Class,0,420,El Gouna,El-Tagamou El-Khames
El Gona,El Gouna,7,27.39,33.68,Cairo,El-Tagamou El-Khames,87,30.03,31.47,2025-12-24T22:30:00,565.0,13,GoMini,6,420,El Gouna Gate,"The 5th Settlement, Air Force Hospital"
El Gona,El Gouna,7,27.39,33.68,Cairo,naser city,27,30.0561,31.33,2025-12-24T00:28:00,690.0,56,Business Class DD,0,420,El Gouna,NasrCity Station
El Gona,El Gouna,7,27.39,33.68,Cairo,naser city,27,30.0561,31.33,2025-12-24T01:50:00,690.0,37,Elite Business Class M,0,420,El Gouna,NasrCity Station
El Gona,El Gouna,7,27.39,33.68,Cairo,naser city,27,30.0561,31.33,2025-12-24T03:00:00,1060.0,28,Aero First Class,0,420,El Gouna,NasrCity Station
El Gona,El Gouna,7,27.39,33.68,Cairo,naser city,27,30.0561,31.33,2025-12-24T04:00:00,425.0,49,Super Go D,0,420,El Gouna,NasrCity Station
El Gona,El Gouna,7,27.39,33.68,Cairo,naser city,27,30.0561,31.33,2025-12-24T08:50:00,425.0,49,Super Go D,0,420,El Gouna,NasrCity Station
El Gona,El Gouna,7,27.39,33.68,Cairo,naser city,27,30.0561,31.33,2025-12-24T10:00:00,690.0,37,Elite Business Class M,0,420,El Gouna,NasrCity Station
El Gona,El Gouna,7,27.39,33.68,Cairo,naser city,27,30.0561,31.33,2025-12-24T12:15:00,425.0,49,Super Go D,0,420,El Gouna,NasrCity Station
El Gona,El Gouna,7,27.39,33.68,Cairo,naser city,27,30.0561,31.33,2025-12-24T13:46:00,1060.0,28,Aero First Class,0,420,El Gouna,NasrCity Station
El Gona,El Gouna,7,27.39,33.68,Cairo,naser city,27,30.0561,31.33,2025-12-24T15:31:00,690.0,56,Business Class DD,0,420,El Gouna,NasrCity Station
El Gona,El Gouna,7,27.39,33.68,Cairo,naser city,27,30.0561,31.33,2025-12-24T16:00:00,690.0,37,Elite Business Class M,0,420,El Gouna,NasrCity Station
El Gona,El Gouna,7,27.39,33.68,Cairo,naser city,27,30.0561,31.33,2025-12-24T17:30:00,1060.0,28,Aero First Class,0,420,El Gouna,NasrCity Station
El Gona,El Gouna,7,27.39,33.68,Cairo,naser city,27,30.0561,31.33,2025-12-24T20:46:00,690.0,37,Elite Business Class M,0,420,El Gouna,NasrCity Station
El Gona,El Gouna,7,27.39,33.68,Cairo,nady el sekka,9,30.061,31.2467,2025-12-24T11:30:00,565.0,13,GoMini,6,420,El Gouna Gate,Nasr City (Nadi El-Sekka)
El Gona,El Gouna,7,27.39,33.68,Cairo,nady el sekka,9,30.061,31.2467,2025-12-24T13:30:00,565.0,13,GoMini,6,420,El Gouna Gate,Nasr City (Nadi El-Sekka)
El Gona,El Gouna,7,27.39,33.68,Cairo,nady el sekka,9,30.061,31.2467,2025-12-24T15:30:00,565.0,13,GoMini,6,420,El Gouna Gate,Nasr City (Nadi El-Sekka)
El Gona,El Gouna,7,27.39,33.68,Cairo,nady el sekka,9,30.061,31.2467,2025-12-24T22:30:00,565.0,13,GoMini,6,420,El Gouna Gate,Nasr City (Nadi El-Sekka)
El Gona,El Gouna,7,27.39,33.68,Cairo,el rehab,42,30.0636,31.4916,2025-12-24T11:30:00,565.0,13,GoMini,6,420,El Gouna Gate,"El Rehab, Gate 6, The Corner Mall"
El Gona,El Gouna,7,27.39,33.68,Cairo,el rehab,42,30.0636,31.4916,2025-12-24T13:30:00,580.0,13,GoMini,6,420,El Gouna Gate,"El Rehab, Gate 6, The Corner Mall"
El Gona,El Gouna,7,27.39,33.68,Cairo,el rehab,42,30.0636,31.4916,2025-12-24T15:30:00,565.0,13,GoMini,6,420,El Gouna Gate,"El Rehab, Gate 6, The Corner Mall"
El Gona,El Gouna,7,27.39,33.68,Cairo,el rehab,42,30.0636,31.4916,2025-12-24T22:30:00,565.0,13,GoMini,6,420,El Gouna Gate,"El Rehab, Gate 6, The Corner Mall"
El Gona,El Gouna,7,27.39,33.68,Cairo,madinty,43,30.0956,31.6386,2025-12-24T11:30:00,565.0,13,GoMini,6,420,El Gouna Gate,"Madinaty, Gate 1"
El Gona,El Gouna,7,27.39,33.68,Cairo,madinty,43,30.0956,31.6386,2025-12-24T13:30:00,595.0,13,GoMini,6,420,El Gouna Gate,"Madinaty, Gate 1"
El Gona,El Gouna,7,27.39,33.68,Cairo,madinty,43,30.0956,31.6386,2025-12-24T15:30:00,565.0,13,GoMini,6,420,El Gouna Gate,"Madinaty, Gate 1"
El Gona,El Gouna,7,27.39,33.68,Cairo,madinty,43,30.0956,31.6386,2025-12-24T22:30:00,565.0,13,GoMini,6,420,El Gouna Gate,"Madinaty, Gate 1"
El Gona,El Gouna,7,27.39,33.68,Cairo,sixith of october,98,29.9561,31.0042,2025-12-24T01:50:00,690.0,37,Elite Business Class M,0,420,El Gouna,Sixth of october
El Gona,El Gouna,7,27.39,33.68,Cairo,sixith of october,98,29.9561,31.0042,2025-12-24T15:05:00,425.0,49,Super Go D,0,420,El Gouna,Sixth of october
El Gona,El Gouna,7,27.39,33.68,Cairo,sixith of october,98,29.9561,31.0042,2025-12-24T20:46:00,690.0,37,Elite Business Class M,0,420,El Gouna,Sixth of october
El Gona,El Gouna,7,27.39,33.68,Alexandria,Moharam BK,18,31.1917,29.9187,2025-12-24T21:30:00,575.0,61,Super Go D,0,360,El Gouna,Alex - Moharam BK
El Gona,El Gouna,7,27.39,33.68,Port Said,Port Said Downtown,378,31.2653,32.3019,2025-12-24T15:00:00,620.0,14,High ace Toyota,6,360,El Gouna Gate,"Port Said, Downtown"
